<?xml version="1.0" encoding="UTF-8" ?>
<!--
 Copyright (C) 2016 Apple Inc. All Rights Reserved.
 See LICENSE.txt for this sample’s licensing information
 -->
<document>
	<stackTemplate>
		<banner>
			<title>Tracks</title>
		</banner>
		<collectionList>
			<grid>
				<section>
					<lockup audioURL="/audio/Building_Blocks.mp3">
						<img width="308" height="308" style="tv-placeholder: music;" src="/images/square_1.jpg" />
						<title>Play Me</title>
					</lockup>
					<lockup audioURL="/audio/Building_Together.mp3">
						<img width="308" height="308" style="tv-placeholder: music;" src="/images/square_2.jpg" />
						<title>Play Me</title>
					</lockup>
				</section>
			</grid>
		</collectionList>
	</stackTemplate>
</document>
