<?xml version="1.0" encoding="UTF-8" ?>
<!--
 Copyright (C) 2016 Apple Inc. All Rights Reserved.
 See LICENSE.txt for this sample’s licensing information
 -->
<document>
	<listTemplate>
		<banner>
			<title>Extending JavaScript</title>
		</banner>
		<list>
			<section>
				<listItemLockup selectDocument="page1">
					<title>Local Page</title>
					<relatedContent>
						<lockup>
							<title>Local Page</title>
							<description>Select this item to show page1.xml</description>
						</lockup>
					</relatedContent>
				</listItemLockup>
				<listItemLockup selectURL="tvmlguide://page1">
					<title>Local Page with Custom URL Protocol</title>
					<relatedContent>
						<lockup>
							<title>Local Page with Custom URL Protocol</title>
							<description>Select this item to open the URL "tvmlguide://page1"</description>
						</lockup>
					</relatedContent>
				</listItemLockup>
			</section>
		</list>
	</listTemplate>
</document>
