<?xml version="1.0" encoding="UTF-8" ?>
<!--
 Copyright (C) 2017 Apple Inc. All Rights Reserved.
 See LICENSE.txt for this sample’s licensing information
 -->
<document>
    <catalogTemplate>
        <prototypes>
            <lockup prototype="object">
                <img binding="@src:{resolved_url};" width="340" height="340"/>
                <title binding="textContent:{title};" />
            </lockup>
        </prototypes>
        <banner>
            <title>On Demand Binding</title>
        </banner>
        <list>
            <section>
                <header>
                    <title>Collections</title>
                </header>
                <listItemLockup id="Row1">
                    <title>First</title>
                    <decorationLabel>1000</decorationLabel>
                    <relatedContent>
                        <grid>
                            <!--dataURL is automatically loaded and resolved, so naming it differently prevents binding resolution-->
                            <section binding="items:{items};" lazyDataURL="/Data/1000.json" />
                        </grid>
                    </relatedContent>
                </listItemLockup>
                <listItemLockup id="Row2">
                    <title>Second</title>
                    <decorationLabel>5000</decorationLabel>
                    <relatedContent>
                        <grid>
                            <section binding="items:{items};" lazyDataURL="/Data/5000.json" />
                        </grid>
                    </relatedContent>
                </listItemLockup>
            </section>
        </list>
    </catalogTemplate>
</document>