<?xml version="1.0" encoding="UTF-8" ?>
<!--
 Copyright (C) 2017 Apple Inc. All Rights Reserved.
 See LICENSE.txt for this sample’s licensing information
 -->
<document>
    <stackTemplate>
        <banner>
            <title>Data Bound Grid</title>
        </banner>
        <collectionList>
            <grid>
                <prototypes>
                    <lockup prototype="object">
                        <img binding="@src:{resolved_url};" width="340" height="340"/>
                        <title binding="textContent:{title};" />
                    </lockup>
                </prototypes>
                <section binding="items:{items};" dataURL="/data/5000.json" />
            </grid>
        </collectionList>
    </stackTemplate>
</document>