<?xml version="1.0" encoding="UTF-8" ?>
<!--
 Copyright (C) 2017 Apple Inc. All Rights Reserved.
 See LICENSE.txt for this sample’s licensing information
 -->
<document>
    <listTemplate>
        <list>
            <header>
                <title>Data Binding Examples</title>
            </header>
            <section>
                <listItemLockup documentURL="/Grid.xml">
                    <title>Data Bound Grid</title>
                    <relatedContent>
                        <lockup>
                            <img srcset="/images/screenshots/binding-grid-light-rtl.jpg (layout-direction:rtl) and (theme:light),
                                         /images/screenshots/binding-grid-dark-rtl.jpg (layout-direction:rtl) and (theme:dark),
                                         /images/screenshots/binding-grid-light.jpg (layout-direction:ltr) and (theme:light),
                                         /images/screenshots/binding-grid-dark.jpg (layout-direction:ltr) and (theme:dark)"
                                 width="857" height="482" />
                            <description>This example demonstrates data binding of JavaScript objects to a grid template. The grid will be rendered when the bindings are resolved.</description>
                        </lockup>
                    </relatedContent>
                </listItemLockup>
                <listItemLockup GridDocumentURL="/GridPagination.xml">
                    <title>Grid Pagination</title>
                    <relatedContent>
                        <lockup>
                            <img srcset="/images/screenshots/binding-grid-pagination-light-rtl.jpg (layout-direction:rtl) and (theme:light),
                                         /images/screenshots/binding-grid-pagination-dark-rtl.jpg (layout-direction:rtl) and (theme:dark),
                                         /images/screenshots/binding-grid-pagination-light.jpg (layout-direction:ltr) and (theme:light),
                                         /images/screenshots/binding-grid-pagination-dark.jpg (layout-direction:ltr) and (theme:dark)"
                                 width="857" height="482" />
                            <description>This example demonstrates pagination using the 'needsmore' event on a grid.</description>
                        </lockup>
                    </relatedContent>
                </listItemLockup>
                <listItemLockup ShelfDocumentURL="/ShelfPagination.xml">
                    <title>Shelf Pagination</title>
                    <relatedContent>
                        <lockup>
                            <img srcset="/images/screenshots/binding-shelf-pagination-light-rtl.jpg (layout-direction:rtl) and (theme:light),
                                         /images/screenshots/binding-shelf-pagination-dark-rtl.jpg (layout-direction:rtl) and (theme:dark),
                                         /images/screenshots/binding-shelf-pagination-light.jpg (layout-direction:ltr) and (theme:light),
                                         /images/screenshots/binding-shelf-pagination-dark.jpg (layout-direction:ltr) and (theme:dark)"
                                 width="857" height="482" />
                            <description>This example demonstrates pagination using the 'needsmore' event on two separate shelfs.</description>
                        </lockup>
                    </relatedContent>
                </listItemLockup>
                <listItemLockup CatalogDocumentURL="/Catalog.xml">
                    <title>Catalog</title>
                    <relatedContent>
                        <lockup>
                            <img srcset="/images/screenshots/binding-od-light-rtl.jpg (layout-direction:rtl) and (theme:light),
                                         /images/screenshots/binding-od-dark-rtl.jpg (layout-direction:rtl) and (theme:dark),
                                         /images/screenshots/binding-od-light.jpg (layout-direction:ltr) and (theme:light),
                                         /images/screenshots/binding-od-dark.jpg (layout-direction:ltr) and (theme:dark)"
                                 width="857" height="482" />
                            <description>This example demonstrates on demand loading and data binding of JavaScript objects.</description>
                        </lockup>
                    </relatedContent>
                </listItemLockup>
            </section>
        </list>
    </listTemplate>
</document>