<?xml version="1.0" encoding="UTF-8" ?>
<!--
 Copyright (C) 2017 Apple Inc. All Rights Reserved.
 See LICENSE.txt for this sample’s licensing information
 -->
<document>
    <stackTemplate>
        <prototypes>
            <lockup prototype="object">
                <img binding="@src:{resolved_url};" width="250" height="375"/>
                <title binding="textContent:{title};" />
            </lockup>
        </prototypes>
        <banner>
            <title>Shelf Pagination</title>
        </banner>
        <collectionList>
            <shelf>
                <header>
                    <title>First</title>
                </header>
                <section binding="items:{items};" dataURL="/data/50.json"></section>
            </shelf>
            <shelf>
                <header>
                    <title>Second</title>
                </header>
                <section binding="items:{items};" dataURL="/data/l50.json"></section>
            </shelf>
        </collectionList>
    </stackTemplate>
</document>