<?xml version="1.0" encoding="UTF-8" ?>
<!--
 Copyright (C) 2016 Apple Inc. All Rights Reserved.
 See LICENSE.txt for this sample’s licensing information
 -->
<document>
	<head>
		<style>
			.lockup {
				height: 100;
			}
			.mediaContentLockup {
				width: 857;
				height: 482;
			}
		</style>
	</head>
<listTemplate>
    <banner>
        <title>Embedded Video Preview</title>
    </banner>
    <list onhighlight="setupMediaContent(event.currentTarget, event.target.getAttribute('mediaContent'), event.target.getAttribute('artworkURL'))" onselect="presentVideo(event.currentTarget)">
        <section>
	        <listItemLockup class="lockup" mediaContent="/video1.mp4" artworkURL="/video1c.jpg">
	            <title>Rapids</title>
				<subtitle>A rapidly flowing river</subtitle>
	        </listItemLockup>
	        <listItemLockup class="lockup" mediaContent="/video2.mp4" artworkURL="/video2c.jpg">
	            <title>River bed</title>
				<subtitle>A clear river bed</subtitle>
	        </listItemLockup>
		</section>
		
        <relatedContent>
            <lockup>
				<mediaContent playbackMode="always" audioMode="always">
					<img class="mediaContentLockup" src="" aspectFill="true" />
				</mediaContent>
            </lockup>
        </relatedContent>
    </list>
</listTemplate>
</document>
