<?xml version="1.0" encoding="UTF-8" ?>
<!--
 Copyright (C) 2016 Apple Inc. All Rights Reserved.
 See LICENSE.txt for this sample’s licensing information
 -->
<document>
<listTemplate>
    <banner>
        <title>Embedded Playback Examples</title>
    </banner>
    <list>
        <section>
            <listItemLockup onselect="loadDocument('/EmbeddedStack.xml')">
                <title>Embedded Video on Focus</title>
                <relatedContent>
                    <lockup>
                        <title>Embedded Video on Focus</title>
                        <description>Demonstrates embedded videos in a lockup. The video plays when lockup is focused.</description>
                    </lockup>
                </relatedContent>
            </listItemLockup>
            <listItemLockup onselect="loadDocument('/EmbeddedSideBySide.xml')">
                <title>Always Playing Embedded Video</title>
                <relatedContent>
                    <lockup>
                        <title>Always Playing Embedded Video</title>
                        <description>Demonstrates embedded videos in lockups that are always playing.</description>
                    </lockup>
                </relatedContent>
            </listItemLockup>
            <listItemLockup onselect="loadDocument('/EmbeddedList.xml')">
                <title>Embedded Video Preview</title>
                <relatedContent>
                    <lockup>
                        <title>Embedded Video Preview</title>
                        <description>Demonstrates embedded video as a preview in a list template.</description>
                    </lockup>
                </relatedContent>
            </listItemLockup>
        </section>
    </list>
</listTemplate>
</document>
