<?xml version="1.0" encoding="UTF-8" ?>
<!--
 Copyright (C) 2016 Apple Inc. All Rights Reserved.
 See LICENSE.txt for this sample’s licensing information
 -->
<document>
	<stackTemplate onload="setupMediaContent(event.target)">
		<banner>
			<title>Always Playing Embedded Videos</title>
		</banner>

		<collectionList style="margin: 100 0 0;">
			<shelf style="tv-interitem-spacing: 50;" onselect="presentVideo(event.target)">
				<section>
					<lockup>
						<mediaContent mediaContent="/video1.mp4" playbackMode="always">
							<img src="/video1c.jpg" aspectFill="true" width="845" height="475"/>
						</mediaContent>
					</lockup>
					<lockup>
						<mediaContent mediaContent="/video2.mp4" playbackMode="always">
							<img src="/video2c.jpg" aspectFill="true" width="845" height="475"/>
						</mediaContent>
					</lockup>
				</section>
			</shelf>
		</collectionList>
	</stackTemplate>
</document>
