<?xml version="1.0" encoding="UTF-8" ?>
<!--
 Copyright (C) 2016 Apple Inc. All Rights Reserved.
 See LICENSE.txt for this sample’s licensing information
 -->
<document>
    <stackTemplate onload="setupMediaContent(event.target)">
        <banner>
            <title>Embedded Video on Focus</title>
        </banner>

        <collectionList>
            
            <shelf onselect="presentVideo(event.target)">
                <header>
                    <title>Rapids</title>
                </header>
                <section>
                    <lockup>
						<mediaContent mediaContent="/video1.mp4">
							<img src="/video1c.jpg" aspectFill="true" width="360" height="204"/>
						</mediaContent>
                        <title>Rapids</title>
					</lockup>
                </section>
            </shelf>
            
            <shelf onselect="presentVideo(event.target)">
                <header>
                    <title>All Videos</title>
                </header>
                <section>
                    <lockup>
						<mediaContent mediaContent="/video1.mp4">
							<img src="/video1c.jpg" aspectFill="true" width="360" height="204"/>
						</mediaContent>
                        <title>Rapids</title>
					</lockup>
                    <lockup>
						<mediaContent mediaContent="/video2.mp4">
							<img src="/video2c.jpg" aspectFill="true" width="360" height="204"/>
						</mediaContent>
                        <title>River bed</title>
					</lockup>                    
                </section>
            </shelf>
            
        </collectionList>
    </stackTemplate>
</document>
