<?xml version="1.0" encoding="UTF-8" ?>
<!--
 Copyright (C) 2016 Apple Inc. All Rights Reserved.
 See LICENSE.txt for this sample’s licensing information
 -->
<document>
    <head>
        <style>
            .descriptionLayout {
            tv-text-max-lines: 8;
            }
            
            @media tv-template and (tv-theme:dark) {
            .badge {
            tv-tint-color: rgba(255, 255, 255, 1.0);
            tv-highlight-color: rgba(0, 0, 0, 1.0);
            }
            }
        </style>
    </head>
    <listTemplate>
        <banner>
            <title>Playback Video Sample</title>
        </banner>
        <list>
            <section>
                <listItemLockup onselect="presentSimpleVideo()">
                    <title>Simple Video Playback</title>
                    <relatedContent>
                        <lockup>
                            <title>Simple Video Playback</title>
                            <description>Play a video that includes simple meta data.</description>
                        </lockup>
                    </relatedContent>
                </listItemLockup>
                <listItemLockup onselect="presentVideoWithOverlay()">
                    <title>Video With Overlay</title>
                    <relatedContent>
                        <lockup>
                            <title>Video With Overlay</title>
                            <description>Play a video with TVML document overlay.</description>
                        </lockup>
                    </relatedContent>
                </listItemLockup>
                <listItemLockup onselect="presentVideoWithInteractiveOverlay()">
                    <title>Interactive Video Overlay</title>
                    <relatedContent>
                        <lockup>
                            <title>Interactive Video Overlay</title>
                            <description>Play a video with TVML document as an interactive overlay.</description>
                        </lockup>
                    </relatedContent>
                </listItemLockup>
                <listItemLockup onselect="presentMultipleVideoPlaylist()">
                    <title>Multiple Video Playlist</title>
                    <relatedContent>
                        <lockup>
                            <title>Multiple Video Playlist</title>
                            <description>Play a playlist of videos. As each video ends, the next video will play automatically.</description>
                        </lockup>
                    </relatedContent>
                </listItemLockup>
                <listItemLockup onselect="presentVideoWithAds()">
                    <title>Video With Unskippable Ads</title>
                    <relatedContent>
                        <lockup>
                            <title>Video With Unskippable Ads</title>
                            <description>View a video and prevent seeking to a different position during specified time ranges.</description>
                        </lockup>
                    </relatedContent>
                </listItemLockup>
                <listItemLockup onselect="presentVideoWithHighlightGroup()">
                    <title>Video With Highlight Groups</title>
                    <relatedContent>
                        <lockup>
                            <title>Video With Highlight Groups</title>
                            <description>Play a video with a highlight group specified. To view the highlight group, swipe down on the remote during playback.</description>
                        </lockup>
                    </relatedContent>
                </listItemLockup>
                <listItemLockup onselect="presentVideoWithPlayerEvents()">
                    <title>Video With Player Events</title>
                    <relatedContent>
                        <lockup>
                            <title>Video With Player Events</title>
                            <description>Play a video with with player events occuring.</description>
                        </lockup>
                    </relatedContent>
                </listItemLockup>				
                <listItemLockup onselect="loadDocument('/EmbeddedPlayback.xml')">
                    <title>Embedded Playback</title>
                    <decorationImage class="badge" src="resource://chevron" />
                    <relatedContent>
                        <lockup>
                            <title>Embedded Playback Examples</title>
                            <description>Choose from a variety of embedded playback examples.</description>
                        </lockup>
                    </relatedContent>
                </listItemLockup>
            </section>
        </list>
    </listTemplate>
</document>
