<?xml version="1.0" encoding="UTF-8" ?>
<!--
 Copyright (C) 2016 Apple Inc. All Rights Reserved.
 See LICENSE.txt for this sample’s licensing information
 -->
<document>
	<head>
		<style>
			.shelf {
				tv-interim-spacing: 50
			}
		</style>
	</head>
	<stackTemplate theme="dark">
		<background>
			<img style="tv-img-treatment: blurOverlay; padding: 600 0 0 0;" />
		</background>
		<collectionList style="margin: 650 0 0 0;">
			<shelf class="shelf">
				<header>
					<title>Videos</title>
				</header>
				<section>
				</section>
			</shelf>
		</collectionList>
	</stackTemplate>
</document>
