<?xml version="1.0" encoding="UTF-8" ?>
<!--
 Copyright (C) 2016 Apple Inc. All Rights Reserved.
 See LICENSE.txt for this sample’s licensing information
 -->
<document>
	<divTemplate>
		<text id="state" style="color: rgb(255,0,0); font-size: 30pt; text-align: center"></text>
		<text id="time" style="color: rgb(255,0,0); font-size: 30pt; text-align: center"></text>
		<text id="transportBar" style="color: rgb(255,0,0); font-size: 30pt; text-align: center"></text>
		<text id="stall" style="color: rgb(255,0,0); font-size: 30pt; text-align: center"></text>
		<text id="error" style="color: rgb(255,0,0); font-size: 30pt; text-align: center"></text>
		<text id="timedMetadata" style="color: rgb(255,0,0); font-size: 30pt; text-align: center"></text>
		<text id="mediaItemDuration" style="color: rgb(255,0,0); font-size: 30pt; text-align: center"></text>
	</divTemplate>
</document>
