[{
	"title": "Rapids",
	"subtitle": "A rapidly flowing river",
	"description": "A fast-flowing and turbulent part of the course of a river.",
	"artworkImageURL": "/video1c.jpg",
	"url": "/video1.mp4",
	"interstitials": [{
		"starttime": 3,
		"endtime": 7
	}],
	"highlightGroups": [{
		"name": "Special Features",
		"highlights": [{
			"name": "Duck!",
			"description": "A duck might appear",
			"starttime": 3,
			"duration": 7,
			"imageURL": "/video1c.jpg"
		}]
	}]
},{
	"title": "River bed",
	"subtitle": "A clear river bed",
	"description": "the bed or channel in which a river flows.",
	"artworkImageURL": "/video2c.jpg",
	"url": "/video2.mp4"
}]
