{ "items": [
{"url": "/images/lockups/square_8.jpg", "type": "object", "ID": 1, "title": "Title 1"},
{"url": "/images/lockups/square_10.jpg", "type": "object", "ID": 2, "title": "Title 2"},
{"url": "/images/lockups/square_4.jpg", "type": "object", "ID": 3, "title": "Title 3"},
{"url": "/images/lockups/square_10.jpg", "type": "object", "ID": 4, "title": "Title 4"},
{"url": "/images/lockups/square_10.jpg", "type": "object", "ID": 5, "title": "Title 5"},
{"url": "/images/lockups/square_8.jpg", "type": "object", "ID": 6, "title": "Title 6"},
{"url": "/images/lockups/square_2.jpg", "type": "object", "ID": 7, "title": "Title 7"},
{"url": "/images/lockups/square_3.jpg", "type": "object", "ID": 8, "title": "Title 8"},
{"url": "/images/lockups/square_5.jpg", "type": "object", "ID": 9, "title": "Title 9"},
{"url": "/images/lockups/square_6.jpg", "type": "object", "ID": 10, "title": "Title 10"},
{"url": "/images/lockups/square_3.jpg", "type": "object", "ID": 11, "title": "Title 11"},
{"url": "/images/lockups/square_7.jpg", "type": "object", "ID": 12, "title": "Title 12"},
{"url": "/images/lockups/square_7.jpg", "type": "object", "ID": 13, "title": "Title 13"},
{"url": "/images/lockups/square_5.jpg", "type": "object", "ID": 14, "title": "Title 14"},
{"url": "/images/lockups/square_8.jpg", "type": "object", "ID": 15, "title": "Title 15"},
{"url": "/images/lockups/square_3.jpg", "type": "object", "ID": 16, "title": "Title 16"},
{"url": "/images/lockups/square_2.jpg", "type": "object", "ID": 17, "title": "Title 17"},
{"url": "/images/lockups/square_6.jpg", "type": "object", "ID": 18, "title": "Title 18"},
{"url": "/images/lockups/square_2.jpg", "type": "object", "ID": 19, "title": "Title 19"},
{"url": "/images/lockups/square_9.jpg", "type": "object", "ID": 20, "title": "Title 20"},
{"url": "/images/lockups/square_2.jpg", "type": "object", "ID": 21, "title": "Title 21"},
{"url": "/images/lockups/square_2.jpg", "type": "object", "ID": 22, "title": "Title 22"},
{"url": "/images/lockups/square_1.jpg", "type": "object", "ID": 23, "title": "Title 23"},
{"url": "/images/lockups/square_1.jpg", "type": "object", "ID": 24, "title": "Title 24"},
{"url": "/images/lockups/square_9.jpg", "type": "object", "ID": 25, "title": "Title 25"},
{"url": "/images/lockups/square_8.jpg", "type": "object", "ID": 26, "title": "Title 26"},
{"url": "/images/lockups/square_5.jpg", "type": "object", "ID": 27, "title": "Title 27"},
{"url": "/images/lockups/square_2.jpg", "type": "object", "ID": 28, "title": "Title 28"},
{"url": "/images/lockups/square_1.jpg", "type": "object", "ID": 29, "title": "Title 29"},
{"url": "/images/lockups/square_7.jpg", "type": "object", "ID": 30, "title": "Title 30"},
{"url": "/images/lockups/square_3.jpg", "type": "object", "ID": 31, "title": "Title 31"},
{"url": "/images/lockups/square_6.jpg", "type": "object", "ID": 32, "title": "Title 32"},
{"url": "/images/lockups/square_4.jpg", "type": "object", "ID": 33, "title": "Title 33"},
{"url": "/images/lockups/square_10.jpg", "type": "object", "ID": 34, "title": "Title 34"},
{"url": "/images/lockups/square_3.jpg", "type": "object", "ID": 35, "title": "Title 35"},
{"url": "/images/lockups/square_2.jpg", "type": "object", "ID": 36, "title": "Title 36"},
{"url": "/images/lockups/square_10.jpg", "type": "object", "ID": 37, "title": "Title 37"},
{"url": "/images/lockups/square_7.jpg", "type": "object", "ID": 38, "title": "Title 38"},
{"url": "/images/lockups/square_2.jpg", "type": "object", "ID": 39, "title": "Title 39"},
{"url": "/images/lockups/square_3.jpg", "type": "object", "ID": 40, "title": "Title 40"},
{"url": "/images/lockups/square_2.jpg", "type": "object", "ID": 41, "title": "Title 41"},
{"url": "/images/lockups/square_4.jpg", "type": "object", "ID": 42, "title": "Title 42"},
{"url": "/images/lockups/square_3.jpg", "type": "object", "ID": 43, "title": "Title 43"},
{"url": "/images/lockups/square_9.jpg", "type": "object", "ID": 44, "title": "Title 44"},
{"url": "/images/lockups/square_9.jpg", "type": "object", "ID": 45, "title": "Title 45"},
{"url": "/images/lockups/square_8.jpg", "type": "object", "ID": 46, "title": "Title 46"},
{"url": "/images/lockups/square_3.jpg", "type": "object", "ID": 47, "title": "Title 47"},
{"url": "/images/lockups/square_4.jpg", "type": "object", "ID": 48, "title": "Title 48"},
{"url": "/images/lockups/square_5.jpg", "type": "object", "ID": 49, "title": "Title 49"},
{"url": "/images/lockups/square_5.jpg", "type": "object", "ID": 50, "title": "Title 50"},
{"url": "/images/lockups/square_5.jpg", "type": "object", "ID": 51, "title": "Title 51"},
{"url": "/images/lockups/square_4.jpg", "type": "object", "ID": 52, "title": "Title 52"},
{"url": "/images/lockups/square_2.jpg", "type": "object", "ID": 53, "title": "Title 53"},
{"url": "/images/lockups/square_10.jpg", "type": "object", "ID": 54, "title": "Title 54"},
{"url": "/images/lockups/square_5.jpg", "type": "object", "ID": 55, "title": "Title 55"},
{"url": "/images/lockups/square_6.jpg", "type": "object", "ID": 56, "title": "Title 56"},
{"url": "/images/lockups/square_10.jpg", "type": "object", "ID": 57, "title": "Title 57"},
{"url": "/images/lockups/square_8.jpg", "type": "object", "ID": 58, "title": "Title 58"},
{"url": "/images/lockups/square_2.jpg", "type": "object", "ID": 59, "title": "Title 59"},
{"url": "/images/lockups/square_2.jpg", "type": "object", "ID": 60, "title": "Title 60"},
{"url": "/images/lockups/square_5.jpg", "type": "object", "ID": 61, "title": "Title 61"},
{"url": "/images/lockups/square_5.jpg", "type": "object", "ID": 62, "title": "Title 62"},
{"url": "/images/lockups/square_10.jpg", "type": "object", "ID": 63, "title": "Title 63"},
{"url": "/images/lockups/square_4.jpg", "type": "object", "ID": 64, "title": "Title 64"},
{"url": "/images/lockups/square_6.jpg", "type": "object", "ID": 65, "title": "Title 65"},
{"url": "/images/lockups/square_9.jpg", "type": "object", "ID": 66, "title": "Title 66"},
{"url": "/images/lockups/square_4.jpg", "type": "object", "ID": 67, "title": "Title 67"},
{"url": "/images/lockups/square_5.jpg", "type": "object", "ID": 68, "title": "Title 68"},
{"url": "/images/lockups/square_4.jpg", "type": "object", "ID": 69, "title": "Title 69"},
{"url": "/images/lockups/square_1.jpg", "type": "object", "ID": 70, "title": "Title 70"},
{"url": "/images/lockups/square_6.jpg", "type": "object", "ID": 71, "title": "Title 71"},
{"url": "/images/lockups/square_3.jpg", "type": "object", "ID": 72, "title": "Title 72"},
{"url": "/images/lockups/square_3.jpg", "type": "object", "ID": 73, "title": "Title 73"},
{"url": "/images/lockups/square_3.jpg", "type": "object", "ID": 74, "title": "Title 74"},
{"url": "/images/lockups/square_10.jpg", "type": "object", "ID": 75, "title": "Title 75"},
{"url": "/images/lockups/square_5.jpg", "type": "object", "ID": 76, "title": "Title 76"},
{"url": "/images/lockups/square_9.jpg", "type": "object", "ID": 77, "title": "Title 77"},
{"url": "/images/lockups/square_2.jpg", "type": "object", "ID": 78, "title": "Title 78"},
{"url": "/images/lockups/square_4.jpg", "type": "object", "ID": 79, "title": "Title 79"},
{"url": "/images/lockups/square_5.jpg", "type": "object", "ID": 80, "title": "Title 80"},
{"url": "/images/lockups/square_3.jpg", "type": "object", "ID": 81, "title": "Title 81"},
{"url": "/images/lockups/square_2.jpg", "type": "object", "ID": 82, "title": "Title 82"},
{"url": "/images/lockups/square_3.jpg", "type": "object", "ID": 83, "title": "Title 83"},
{"url": "/images/lockups/square_3.jpg", "type": "object", "ID": 84, "title": "Title 84"},
{"url": "/images/lockups/square_1.jpg", "type": "object", "ID": 85, "title": "Title 85"},
{"url": "/images/lockups/square_8.jpg", "type": "object", "ID": 86, "title": "Title 86"},
{"url": "/images/lockups/square_2.jpg", "type": "object", "ID": 87, "title": "Title 87"},
{"url": "/images/lockups/square_6.jpg", "type": "object", "ID": 88, "title": "Title 88"},
{"url": "/images/lockups/square_1.jpg", "type": "object", "ID": 89, "title": "Title 89"},
{"url": "/images/lockups/square_2.jpg", "type": "object", "ID": 90, "title": "Title 90"},
{"url": "/images/lockups/square_3.jpg", "type": "object", "ID": 91, "title": "Title 91"},
{"url": "/images/lockups/square_5.jpg", "type": "object", "ID": 92, "title": "Title 92"},
{"url": "/images/lockups/square_9.jpg", "type": "object", "ID": 93, "title": "Title 93"},
{"url": "/images/lockups/square_3.jpg", "type": "object", "ID": 94, "title": "Title 94"},
{"url": "/images/lockups/square_6.jpg", "type": "object", "ID": 95, "title": "Title 95"},
{"url": "/images/lockups/square_6.jpg", "type": "object", "ID": 96, "title": "Title 96"},
{"url": "/images/lockups/square_6.jpg", "type": "object", "ID": 97, "title": "Title 97"},
{"url": "/images/lockups/square_3.jpg", "type": "object", "ID": 98, "title": "Title 98"},
{"url": "/images/lockups/square_10.jpg", "type": "object", "ID": 99, "title": "Title 99"},
{"url": "/images/lockups/square_5.jpg", "type": "object", "ID": 100, "title": "Title 100"}]}
