{ "items": [
{"url": "/images/lockups/square_1.jpg", "type": "object", "ID": 1, "title": "Title 1"},
{"url": "/images/lockups/square_2.jpg", "type": "object", "ID": 2, "title": "Title 2"},
{"url": "/images/lockups/square_3.jpg", "type": "object", "ID": 3, "title": "Title 3"},
{"url": "/images/lockups/square_4.jpg", "type": "object", "ID": 4, "title": "Title 4"},
{"url": "/images/lockups/square_5.jpg", "type": "object", "ID": 5, "title": "Title 5"},
{"url": "/images/lockups/square_6.jpg", "type": "object", "ID": 6, "title": "Title 6"},
{"url": "/images/lockups/square_7.jpg", "type": "object", "ID": 7, "title": "Title 7"},
{"url": "/images/lockups/square_8.jpg", "type": "object", "ID": 8, "title": "Title 8"},
{"url": "/images/lockups/square_9.jpg", "type": "object", "ID": 9, "title": "Title 9"},
{"url": "/images/lockups/square_10.jpg", "type": "object", "ID": 10, "title": "Title 10"},
{"url": "/images/lockups/square_1.jpg", "type": "object", "ID": 11, "title": "Title 11"},
{"url": "/images/lockups/square_2.jpg", "type": "object", "ID": 12, "title": "Title 12"},
{"url": "/images/lockups/square_3.jpg", "type": "object", "ID": 13, "title": "Title 13"},
{"url": "/images/lockups/square_4.jpg", "type": "object", "ID": 14, "title": "Title 14"},
{"url": "/images/lockups/square_5.jpg", "type": "object", "ID": 15, "title": "Title 15"},
{"url": "/images/lockups/square_6.jpg", "type": "object", "ID": 16, "title": "Title 16"},
{"url": "/images/lockups/square_7.jpg", "type": "object", "ID": 17, "title": "Title 17"},
{"url": "/images/lockups/square_8.jpg", "type": "object", "ID": 18, "title": "Title 18"},
{"url": "/images/lockups/square_9.jpg", "type": "object", "ID": 19, "title": "Title 19"},
{"url": "/images/lockups/square_10.jpg", "type": "object", "ID": 20, "title": "Title 20"},
{"url": "/images/lockups/square_1.jpg", "type": "object", "ID": 21, "title": "Title 21"},
{"url": "/images/lockups/square_2.jpg", "type": "object", "ID": 22, "title": "Title 22"},
{"url": "/images/lockups/square_3.jpg", "type": "object", "ID": 23, "title": "Title 23"},
{"url": "/images/lockups/square_4.jpg", "type": "object", "ID": 24, "title": "Title 24"},
{"url": "/images/lockups/square_5.jpg", "type": "object", "ID": 25, "title": "Title 25"},
{"url": "/images/lockups/square_6.jpg", "type": "object", "ID": 26, "title": "Title 26"},
{"url": "/images/lockups/square_7.jpg", "type": "object", "ID": 27, "title": "Title 27"},
{"url": "/images/lockups/square_8.jpg", "type": "object", "ID": 28, "title": "Title 28"},
{"url": "/images/lockups/square_9.jpg", "type": "object", "ID": 29, "title": "Title 29"},
{"url": "/images/lockups/square_10.jpg", "type": "object", "ID": 30, "title": "Title 30"},
{"url": "/images/lockups/square_1.jpg", "type": "object", "ID": 31, "title": "Title 31"},
{"url": "/images/lockups/square_2.jpg", "type": "object", "ID": 32, "title": "Title 32"},
{"url": "/images/lockups/square_3.jpg", "type": "object", "ID": 33, "title": "Title 33"},
{"url": "/images/lockups/square_4.jpg", "type": "object", "ID": 34, "title": "Title 34"},
{"url": "/images/lockups/square_5.jpg", "type": "object", "ID": 35, "title": "Title 35"},
{"url": "/images/lockups/square_6.jpg", "type": "object", "ID": 36, "title": "Title 36"},
{"url": "/images/lockups/square_7.jpg", "type": "object", "ID": 37, "title": "Title 37"},
{"url": "/images/lockups/square_8.jpg", "type": "object", "ID": 38, "title": "Title 38"},
{"url": "/images/lockups/square_9.jpg", "type": "object", "ID": 39, "title": "Title 39"},
{"url": "/images/lockups/square_10.jpg", "type": "object", "ID": 40, "title": "Title 40"},
{"url": "/images/lockups/square_1.jpg", "type": "object", "ID": 41, "title": "Title 41"},
{"url": "/images/lockups/square_2.jpg", "type": "object", "ID": 42, "title": "Title 42"},
{"url": "/images/lockups/square_3.jpg", "type": "object", "ID": 43, "title": "Title 43"},
{"url": "/images/lockups/square_4.jpg", "type": "object", "ID": 44, "title": "Title 44"},
{"url": "/images/lockups/square_5.jpg", "type": "object", "ID": 45, "title": "Title 45"},
{"url": "/images/lockups/square_6.jpg", "type": "object", "ID": 46, "title": "Title 46"},
{"url": "/images/lockups/square_7.jpg", "type": "object", "ID": 47, "title": "Title 47"},
{"url": "/images/lockups/square_8.jpg", "type": "object", "ID": 48, "title": "Title 48"},
{"url": "/images/lockups/square_9.jpg", "type": "object", "ID": 49, "title": "Title 49"},
{"url": "/images/lockups/square_10.jpg", "type": "object", "ID": 50, "title": "Title 50"},
{"url": "/images/lockups/square_1.jpg", "type": "object", "ID": 51, "title": "Title 51"},
{"url": "/images/lockups/square_2.jpg", "type": "object", "ID": 52, "title": "Title 52"},
{"url": "/images/lockups/square_3.jpg", "type": "object", "ID": 53, "title": "Title 53"},
{"url": "/images/lockups/square_4.jpg", "type": "object", "ID": 54, "title": "Title 54"},
{"url": "/images/lockups/square_5.jpg", "type": "object", "ID": 55, "title": "Title 55"},
{"url": "/images/lockups/square_6.jpg", "type": "object", "ID": 56, "title": "Title 56"},
{"url": "/images/lockups/square_7.jpg", "type": "object", "ID": 57, "title": "Title 57"},
{"url": "/images/lockups/square_8.jpg", "type": "object", "ID": 58, "title": "Title 58"},
{"url": "/images/lockups/square_9.jpg", "type": "object", "ID": 59, "title": "Title 59"},
{"url": "/images/lockups/square_10.jpg", "type": "object", "ID": 60, "title": "Title 60"},
{"url": "/images/lockups/square_1.jpg", "type": "object", "ID": 61, "title": "Title 61"},
{"url": "/images/lockups/square_2.jpg", "type": "object", "ID": 62, "title": "Title 62"},
{"url": "/images/lockups/square_3.jpg", "type": "object", "ID": 63, "title": "Title 63"},
{"url": "/images/lockups/square_4.jpg", "type": "object", "ID": 64, "title": "Title 64"},
{"url": "/images/lockups/square_5.jpg", "type": "object", "ID": 65, "title": "Title 65"},
{"url": "/images/lockups/square_6.jpg", "type": "object", "ID": 66, "title": "Title 66"},
{"url": "/images/lockups/square_7.jpg", "type": "object", "ID": 67, "title": "Title 67"},
{"url": "/images/lockups/square_8.jpg", "type": "object", "ID": 68, "title": "Title 68"},
{"url": "/images/lockups/square_9.jpg", "type": "object", "ID": 69, "title": "Title 69"},
{"url": "/images/lockups/square_10.jpg", "type": "object", "ID": 70, "title": "Title 70"},
{"url": "/images/lockups/square_1.jpg", "type": "object", "ID": 71, "title": "Title 71"},
{"url": "/images/lockups/square_2.jpg", "type": "object", "ID": 72, "title": "Title 72"},
{"url": "/images/lockups/square_3.jpg", "type": "object", "ID": 73, "title": "Title 73"},
{"url": "/images/lockups/square_4.jpg", "type": "object", "ID": 74, "title": "Title 74"},
{"url": "/images/lockups/square_5.jpg", "type": "object", "ID": 75, "title": "Title 75"},
{"url": "/images/lockups/square_6.jpg", "type": "object", "ID": 76, "title": "Title 76"},
{"url": "/images/lockups/square_7.jpg", "type": "object", "ID": 77, "title": "Title 77"},
{"url": "/images/lockups/square_8.jpg", "type": "object", "ID": 78, "title": "Title 78"},
{"url": "/images/lockups/square_9.jpg", "type": "object", "ID": 79, "title": "Title 79"},
{"url": "/images/lockups/square_10.jpg", "type": "object", "ID": 80, "title": "Title 80"},
{"url": "/images/lockups/square_1.jpg", "type": "object", "ID": 81, "title": "Title 81"},
{"url": "/images/lockups/square_2.jpg", "type": "object", "ID": 82, "title": "Title 82"},
{"url": "/images/lockups/square_3.jpg", "type": "object", "ID": 83, "title": "Title 83"},
{"url": "/images/lockups/square_4.jpg", "type": "object", "ID": 84, "title": "Title 84"},
{"url": "/images/lockups/square_5.jpg", "type": "object", "ID": 85, "title": "Title 85"},
{"url": "/images/lockups/square_6.jpg", "type": "object", "ID": 86, "title": "Title 86"},
{"url": "/images/lockups/square_7.jpg", "type": "object", "ID": 87, "title": "Title 87"},
{"url": "/images/lockups/square_8.jpg", "type": "object", "ID": 88, "title": "Title 88"},
{"url": "/images/lockups/square_9.jpg", "type": "object", "ID": 89, "title": "Title 89"},
{"url": "/images/lockups/square_10.jpg", "type": "object", "ID": 90, "title": "Title 90"},
{"url": "/images/lockups/square_1.jpg", "type": "object", "ID": 91, "title": "Title 91"},
{"url": "/images/lockups/square_2.jpg", "type": "object", "ID": 92, "title": "Title 92"},
{"url": "/images/lockups/square_3.jpg", "type": "object", "ID": 93, "title": "Title 93"},
{"url": "/images/lockups/square_4.jpg", "type": "object", "ID": 94, "title": "Title 94"},
{"url": "/images/lockups/square_5.jpg", "type": "object", "ID": 95, "title": "Title 95"},
{"url": "/images/lockups/square_6.jpg", "type": "object", "ID": 96, "title": "Title 96"},
{"url": "/images/lockups/square_7.jpg", "type": "object", "ID": 97, "title": "Title 97"},
{"url": "/images/lockups/square_8.jpg", "type": "object", "ID": 98, "title": "Title 98"},
{"url": "/images/lockups/square_9.jpg", "type": "object", "ID": 99, "title": "Title 99"},
{"url": "/images/lockups/square_10.jpg", "type": "object", "ID": 100, "title": "Title 100"},
{"url": "/images/lockups/square_1.jpg", "type": "object", "ID": 101, "title": "Title 101"},
{"url": "/images/lockups/square_2.jpg", "type": "object", "ID": 102, "title": "Title 102"},
{"url": "/images/lockups/square_3.jpg", "type": "object", "ID": 103, "title": "Title 103"},
{"url": "/images/lockups/square_4.jpg", "type": "object", "ID": 104, "title": "Title 104"},
{"url": "/images/lockups/square_5.jpg", "type": "object", "ID": 105, "title": "Title 105"},
{"url": "/images/lockups/square_6.jpg", "type": "object", "ID": 106, "title": "Title 106"},
{"url": "/images/lockups/square_7.jpg", "type": "object", "ID": 107, "title": "Title 107"},
{"url": "/images/lockups/square_8.jpg", "type": "object", "ID": 108, "title": "Title 108"},
{"url": "/images/lockups/square_9.jpg", "type": "object", "ID": 109, "title": "Title 109"},
{"url": "/images/lockups/square_10.jpg", "type": "object", "ID": 110, "title": "Title 110"},
{"url": "/images/lockups/square_1.jpg", "type": "object", "ID": 111, "title": "Title 111"},
{"url": "/images/lockups/square_2.jpg", "type": "object", "ID": 112, "title": "Title 112"},
{"url": "/images/lockups/square_3.jpg", "type": "object", "ID": 113, "title": "Title 113"},
{"url": "/images/lockups/square_4.jpg", "type": "object", "ID": 114, "title": "Title 114"},
{"url": "/images/lockups/square_5.jpg", "type": "object", "ID": 115, "title": "Title 115"},
{"url": "/images/lockups/square_6.jpg", "type": "object", "ID": 116, "title": "Title 116"},
{"url": "/images/lockups/square_7.jpg", "type": "object", "ID": 117, "title": "Title 117"},
{"url": "/images/lockups/square_8.jpg", "type": "object", "ID": 118, "title": "Title 118"},
{"url": "/images/lockups/square_9.jpg", "type": "object", "ID": 119, "title": "Title 119"},
{"url": "/images/lockups/square_10.jpg", "type": "object", "ID": 120, "title": "Title 120"},
{"url": "/images/lockups/square_1.jpg", "type": "object", "ID": 121, "title": "Title 121"},
{"url": "/images/lockups/square_2.jpg", "type": "object", "ID": 122, "title": "Title 122"},
{"url": "/images/lockups/square_3.jpg", "type": "object", "ID": 123, "title": "Title 123"},
{"url": "/images/lockups/square_4.jpg", "type": "object", "ID": 124, "title": "Title 124"},
{"url": "/images/lockups/square_5.jpg", "type": "object", "ID": 125, "title": "Title 125"},
{"url": "/images/lockups/square_6.jpg", "type": "object", "ID": 126, "title": "Title 126"},
{"url": "/images/lockups/square_7.jpg", "type": "object", "ID": 127, "title": "Title 127"},
{"url": "/images/lockups/square_8.jpg", "type": "object", "ID": 128, "title": "Title 128"},
{"url": "/images/lockups/square_9.jpg", "type": "object", "ID": 129, "title": "Title 129"},
{"url": "/images/lockups/square_10.jpg", "type": "object", "ID": 130, "title": "Title 130"},
{"url": "/images/lockups/square_1.jpg", "type": "object", "ID": 131, "title": "Title 131"},
{"url": "/images/lockups/square_2.jpg", "type": "object", "ID": 132, "title": "Title 132"},
{"url": "/images/lockups/square_3.jpg", "type": "object", "ID": 133, "title": "Title 133"},
{"url": "/images/lockups/square_4.jpg", "type": "object", "ID": 134, "title": "Title 134"},
{"url": "/images/lockups/square_5.jpg", "type": "object", "ID": 135, "title": "Title 135"},
{"url": "/images/lockups/square_6.jpg", "type": "object", "ID": 136, "title": "Title 136"},
{"url": "/images/lockups/square_7.jpg", "type": "object", "ID": 137, "title": "Title 137"},
{"url": "/images/lockups/square_8.jpg", "type": "object", "ID": 138, "title": "Title 138"},
{"url": "/images/lockups/square_9.jpg", "type": "object", "ID": 139, "title": "Title 139"},
{"url": "/images/lockups/square_10.jpg", "type": "object", "ID": 140, "title": "Title 140"},
{"url": "/images/lockups/square_1.jpg", "type": "object", "ID": 141, "title": "Title 141"},
{"url": "/images/lockups/square_2.jpg", "type": "object", "ID": 142, "title": "Title 142"},
{"url": "/images/lockups/square_3.jpg", "type": "object", "ID": 143, "title": "Title 143"},
{"url": "/images/lockups/square_4.jpg", "type": "object", "ID": 144, "title": "Title 144"},
{"url": "/images/lockups/square_5.jpg", "type": "object", "ID": 145, "title": "Title 145"},
{"url": "/images/lockups/square_6.jpg", "type": "object", "ID": 146, "title": "Title 146"},
{"url": "/images/lockups/square_7.jpg", "type": "object", "ID": 147, "title": "Title 147"},
{"url": "/images/lockups/square_8.jpg", "type": "object", "ID": 148, "title": "Title 148"},
{"url": "/images/lockups/square_9.jpg", "type": "object", "ID": 149, "title": "Title 149"},
{"url": "/images/lockups/square_10.jpg", "type": "object", "ID": 150, "title": "Title 150"},
{"url": "/images/lockups/square_1.jpg", "type": "object", "ID": 151, "title": "Title 151"},
{"url": "/images/lockups/square_2.jpg", "type": "object", "ID": 152, "title": "Title 152"},
{"url": "/images/lockups/square_3.jpg", "type": "object", "ID": 153, "title": "Title 153"},
{"url": "/images/lockups/square_4.jpg", "type": "object", "ID": 154, "title": "Title 154"},
{"url": "/images/lockups/square_5.jpg", "type": "object", "ID": 155, "title": "Title 155"},
{"url": "/images/lockups/square_6.jpg", "type": "object", "ID": 156, "title": "Title 156"},
{"url": "/images/lockups/square_7.jpg", "type": "object", "ID": 157, "title": "Title 157"},
{"url": "/images/lockups/square_8.jpg", "type": "object", "ID": 158, "title": "Title 158"},
{"url": "/images/lockups/square_9.jpg", "type": "object", "ID": 159, "title": "Title 159"},
{"url": "/images/lockups/square_10.jpg", "type": "object", "ID": 160, "title": "Title 160"},
{"url": "/images/lockups/square_1.jpg", "type": "object", "ID": 161, "title": "Title 161"},
{"url": "/images/lockups/square_2.jpg", "type": "object", "ID": 162, "title": "Title 162"},
{"url": "/images/lockups/square_3.jpg", "type": "object", "ID": 163, "title": "Title 163"},
{"url": "/images/lockups/square_4.jpg", "type": "object", "ID": 164, "title": "Title 164"},
{"url": "/images/lockups/square_5.jpg", "type": "object", "ID": 165, "title": "Title 165"},
{"url": "/images/lockups/square_6.jpg", "type": "object", "ID": 166, "title": "Title 166"},
{"url": "/images/lockups/square_7.jpg", "type": "object", "ID": 167, "title": "Title 167"},
{"url": "/images/lockups/square_8.jpg", "type": "object", "ID": 168, "title": "Title 168"},
{"url": "/images/lockups/square_9.jpg", "type": "object", "ID": 169, "title": "Title 169"},
{"url": "/images/lockups/square_10.jpg", "type": "object", "ID": 170, "title": "Title 170"},
{"url": "/images/lockups/square_1.jpg", "type": "object", "ID": 171, "title": "Title 171"},
{"url": "/images/lockups/square_2.jpg", "type": "object", "ID": 172, "title": "Title 172"},
{"url": "/images/lockups/square_3.jpg", "type": "object", "ID": 173, "title": "Title 173"},
{"url": "/images/lockups/square_4.jpg", "type": "object", "ID": 174, "title": "Title 174"},
{"url": "/images/lockups/square_5.jpg", "type": "object", "ID": 175, "title": "Title 175"},
{"url": "/images/lockups/square_6.jpg", "type": "object", "ID": 176, "title": "Title 176"},
{"url": "/images/lockups/square_7.jpg", "type": "object", "ID": 177, "title": "Title 177"},
{"url": "/images/lockups/square_8.jpg", "type": "object", "ID": 178, "title": "Title 178"},
{"url": "/images/lockups/square_9.jpg", "type": "object", "ID": 179, "title": "Title 179"},
{"url": "/images/lockups/square_10.jpg", "type": "object", "ID": 180, "title": "Title 180"},
{"url": "/images/lockups/square_1.jpg", "type": "object", "ID": 181, "title": "Title 181"},
{"url": "/images/lockups/square_2.jpg", "type": "object", "ID": 182, "title": "Title 182"},
{"url": "/images/lockups/square_3.jpg", "type": "object", "ID": 183, "title": "Title 183"},
{"url": "/images/lockups/square_4.jpg", "type": "object", "ID": 184, "title": "Title 184"},
{"url": "/images/lockups/square_5.jpg", "type": "object", "ID": 185, "title": "Title 185"},
{"url": "/images/lockups/square_6.jpg", "type": "object", "ID": 186, "title": "Title 186"},
{"url": "/images/lockups/square_7.jpg", "type": "object", "ID": 187, "title": "Title 187"},
{"url": "/images/lockups/square_8.jpg", "type": "object", "ID": 188, "title": "Title 188"},
{"url": "/images/lockups/square_9.jpg", "type": "object", "ID": 189, "title": "Title 189"},
{"url": "/images/lockups/square_10.jpg", "type": "object", "ID": 190, "title": "Title 190"},
{"url": "/images/lockups/square_1.jpg", "type": "object", "ID": 191, "title": "Title 191"},
{"url": "/images/lockups/square_2.jpg", "type": "object", "ID": 192, "title": "Title 192"},
{"url": "/images/lockups/square_3.jpg", "type": "object", "ID": 193, "title": "Title 193"},
{"url": "/images/lockups/square_4.jpg", "type": "object", "ID": 194, "title": "Title 194"},
{"url": "/images/lockups/square_5.jpg", "type": "object", "ID": 195, "title": "Title 195"},
{"url": "/images/lockups/square_6.jpg", "type": "object", "ID": 196, "title": "Title 196"},
{"url": "/images/lockups/square_7.jpg", "type": "object", "ID": 197, "title": "Title 197"},
{"url": "/images/lockups/square_8.jpg", "type": "object", "ID": 198, "title": "Title 198"},
{"url": "/images/lockups/square_9.jpg", "type": "object", "ID": 199, "title": "Title 199"},
{"url": "/images/lockups/square_10.jpg", "type": "object", "ID": 200, "title": "Title 200"},
{"url": "/images/lockups/square_1.jpg", "type": "object", "ID": 201, "title": "Title 201"},
{"url": "/images/lockups/square_2.jpg", "type": "object", "ID": 202, "title": "Title 202"},
{"url": "/images/lockups/square_3.jpg", "type": "object", "ID": 203, "title": "Title 203"},
{"url": "/images/lockups/square_4.jpg", "type": "object", "ID": 204, "title": "Title 204"},
{"url": "/images/lockups/square_5.jpg", "type": "object", "ID": 205, "title": "Title 205"},
{"url": "/images/lockups/square_6.jpg", "type": "object", "ID": 206, "title": "Title 206"},
{"url": "/images/lockups/square_7.jpg", "type": "object", "ID": 207, "title": "Title 207"},
{"url": "/images/lockups/square_8.jpg", "type": "object", "ID": 208, "title": "Title 208"},
{"url": "/images/lockups/square_9.jpg", "type": "object", "ID": 209, "title": "Title 209"},
{"url": "/images/lockups/square_10.jpg", "type": "object", "ID": 210, "title": "Title 210"},
{"url": "/images/lockups/square_1.jpg", "type": "object", "ID": 211, "title": "Title 211"},
{"url": "/images/lockups/square_2.jpg", "type": "object", "ID": 212, "title": "Title 212"},
{"url": "/images/lockups/square_3.jpg", "type": "object", "ID": 213, "title": "Title 213"},
{"url": "/images/lockups/square_4.jpg", "type": "object", "ID": 214, "title": "Title 214"},
{"url": "/images/lockups/square_5.jpg", "type": "object", "ID": 215, "title": "Title 215"},
{"url": "/images/lockups/square_6.jpg", "type": "object", "ID": 216, "title": "Title 216"},
{"url": "/images/lockups/square_7.jpg", "type": "object", "ID": 217, "title": "Title 217"},
{"url": "/images/lockups/square_8.jpg", "type": "object", "ID": 218, "title": "Title 218"},
{"url": "/images/lockups/square_9.jpg", "type": "object", "ID": 219, "title": "Title 219"},
{"url": "/images/lockups/square_10.jpg", "type": "object", "ID": 220, "title": "Title 220"},
{"url": "/images/lockups/square_1.jpg", "type": "object", "ID": 221, "title": "Title 221"},
{"url": "/images/lockups/square_2.jpg", "type": "object", "ID": 222, "title": "Title 222"},
{"url": "/images/lockups/square_3.jpg", "type": "object", "ID": 223, "title": "Title 223"},
{"url": "/images/lockups/square_4.jpg", "type": "object", "ID": 224, "title": "Title 224"},
{"url": "/images/lockups/square_5.jpg", "type": "object", "ID": 225, "title": "Title 225"},
{"url": "/images/lockups/square_6.jpg", "type": "object", "ID": 226, "title": "Title 226"},
{"url": "/images/lockups/square_7.jpg", "type": "object", "ID": 227, "title": "Title 227"},
{"url": "/images/lockups/square_8.jpg", "type": "object", "ID": 228, "title": "Title 228"},
{"url": "/images/lockups/square_9.jpg", "type": "object", "ID": 229, "title": "Title 229"},
{"url": "/images/lockups/square_10.jpg", "type": "object", "ID": 230, "title": "Title 230"},
{"url": "/images/lockups/square_1.jpg", "type": "object", "ID": 231, "title": "Title 231"},
{"url": "/images/lockups/square_2.jpg", "type": "object", "ID": 232, "title": "Title 232"},
{"url": "/images/lockups/square_3.jpg", "type": "object", "ID": 233, "title": "Title 233"},
{"url": "/images/lockups/square_4.jpg", "type": "object", "ID": 234, "title": "Title 234"},
{"url": "/images/lockups/square_5.jpg", "type": "object", "ID": 235, "title": "Title 235"},
{"url": "/images/lockups/square_6.jpg", "type": "object", "ID": 236, "title": "Title 236"},
{"url": "/images/lockups/square_7.jpg", "type": "object", "ID": 237, "title": "Title 237"},
{"url": "/images/lockups/square_8.jpg", "type": "object", "ID": 238, "title": "Title 238"},
{"url": "/images/lockups/square_9.jpg", "type": "object", "ID": 239, "title": "Title 239"},
{"url": "/images/lockups/square_10.jpg", "type": "object", "ID": 240, "title": "Title 240"},
{"url": "/images/lockups/square_1.jpg", "type": "object", "ID": 241, "title": "Title 241"},
{"url": "/images/lockups/square_2.jpg", "type": "object", "ID": 242, "title": "Title 242"},
{"url": "/images/lockups/square_3.jpg", "type": "object", "ID": 243, "title": "Title 243"},
{"url": "/images/lockups/square_4.jpg", "type": "object", "ID": 244, "title": "Title 244"},
{"url": "/images/lockups/square_5.jpg", "type": "object", "ID": 245, "title": "Title 245"},
{"url": "/images/lockups/square_6.jpg", "type": "object", "ID": 246, "title": "Title 246"},
{"url": "/images/lockups/square_7.jpg", "type": "object", "ID": 247, "title": "Title 247"},
{"url": "/images/lockups/square_8.jpg", "type": "object", "ID": 248, "title": "Title 248"},
{"url": "/images/lockups/square_9.jpg", "type": "object", "ID": 249, "title": "Title 249"},
{"url": "/images/lockups/square_10.jpg", "type": "object", "ID": 250, "title": "Title 250"},
{"url": "/images/lockups/square_1.jpg", "type": "object", "ID": 251, "title": "Title 251"},
{"url": "/images/lockups/square_2.jpg", "type": "object", "ID": 252, "title": "Title 252"},
{"url": "/images/lockups/square_3.jpg", "type": "object", "ID": 253, "title": "Title 253"},
{"url": "/images/lockups/square_4.jpg", "type": "object", "ID": 254, "title": "Title 254"},
{"url": "/images/lockups/square_5.jpg", "type": "object", "ID": 255, "title": "Title 255"},
{"url": "/images/lockups/square_6.jpg", "type": "object", "ID": 256, "title": "Title 256"},
{"url": "/images/lockups/square_7.jpg", "type": "object", "ID": 257, "title": "Title 257"},
{"url": "/images/lockups/square_8.jpg", "type": "object", "ID": 258, "title": "Title 258"},
{"url": "/images/lockups/square_9.jpg", "type": "object", "ID": 259, "title": "Title 259"},
{"url": "/images/lockups/square_10.jpg", "type": "object", "ID": 260, "title": "Title 260"},
{"url": "/images/lockups/square_1.jpg", "type": "object", "ID": 261, "title": "Title 261"},
{"url": "/images/lockups/square_2.jpg", "type": "object", "ID": 262, "title": "Title 262"},
{"url": "/images/lockups/square_3.jpg", "type": "object", "ID": 263, "title": "Title 263"},
{"url": "/images/lockups/square_4.jpg", "type": "object", "ID": 264, "title": "Title 264"},
{"url": "/images/lockups/square_5.jpg", "type": "object", "ID": 265, "title": "Title 265"},
{"url": "/images/lockups/square_6.jpg", "type": "object", "ID": 266, "title": "Title 266"},
{"url": "/images/lockups/square_7.jpg", "type": "object", "ID": 267, "title": "Title 267"},
{"url": "/images/lockups/square_8.jpg", "type": "object", "ID": 268, "title": "Title 268"},
{"url": "/images/lockups/square_9.jpg", "type": "object", "ID": 269, "title": "Title 269"},
{"url": "/images/lockups/square_10.jpg", "type": "object", "ID": 270, "title": "Title 270"},
{"url": "/images/lockups/square_1.jpg", "type": "object", "ID": 271, "title": "Title 271"},
{"url": "/images/lockups/square_2.jpg", "type": "object", "ID": 272, "title": "Title 272"},
{"url": "/images/lockups/square_3.jpg", "type": "object", "ID": 273, "title": "Title 273"},
{"url": "/images/lockups/square_4.jpg", "type": "object", "ID": 274, "title": "Title 274"},
{"url": "/images/lockups/square_5.jpg", "type": "object", "ID": 275, "title": "Title 275"},
{"url": "/images/lockups/square_6.jpg", "type": "object", "ID": 276, "title": "Title 276"},
{"url": "/images/lockups/square_7.jpg", "type": "object", "ID": 277, "title": "Title 277"},
{"url": "/images/lockups/square_8.jpg", "type": "object", "ID": 278, "title": "Title 278"},
{"url": "/images/lockups/square_9.jpg", "type": "object", "ID": 279, "title": "Title 279"},
{"url": "/images/lockups/square_10.jpg", "type": "object", "ID": 280, "title": "Title 280"},
{"url": "/images/lockups/square_1.jpg", "type": "object", "ID": 281, "title": "Title 281"},
{"url": "/images/lockups/square_2.jpg", "type": "object", "ID": 282, "title": "Title 282"},
{"url": "/images/lockups/square_3.jpg", "type": "object", "ID": 283, "title": "Title 283"},
{"url": "/images/lockups/square_4.jpg", "type": "object", "ID": 284, "title": "Title 284"},
{"url": "/images/lockups/square_5.jpg", "type": "object", "ID": 285, "title": "Title 285"},
{"url": "/images/lockups/square_6.jpg", "type": "object", "ID": 286, "title": "Title 286"},
{"url": "/images/lockups/square_7.jpg", "type": "object", "ID": 287, "title": "Title 287"},
{"url": "/images/lockups/square_8.jpg", "type": "object", "ID": 288, "title": "Title 288"},
{"url": "/images/lockups/square_9.jpg", "type": "object", "ID": 289, "title": "Title 289"},
{"url": "/images/lockups/square_10.jpg", "type": "object", "ID": 290, "title": "Title 290"},
{"url": "/images/lockups/square_1.jpg", "type": "object", "ID": 291, "title": "Title 291"},
{"url": "/images/lockups/square_2.jpg", "type": "object", "ID": 292, "title": "Title 292"},
{"url": "/images/lockups/square_3.jpg", "type": "object", "ID": 293, "title": "Title 293"},
{"url": "/images/lockups/square_4.jpg", "type": "object", "ID": 294, "title": "Title 294"},
{"url": "/images/lockups/square_5.jpg", "type": "object", "ID": 295, "title": "Title 295"},
{"url": "/images/lockups/square_6.jpg", "type": "object", "ID": 296, "title": "Title 296"},
{"url": "/images/lockups/square_7.jpg", "type": "object", "ID": 297, "title": "Title 297"},
{"url": "/images/lockups/square_8.jpg", "type": "object", "ID": 298, "title": "Title 298"},
{"url": "/images/lockups/square_9.jpg", "type": "object", "ID": 299, "title": "Title 299"},
{"url": "/images/lockups/square_10.jpg", "type": "object", "ID": 300, "title": "Title 300"},
{"url": "/images/lockups/square_1.jpg", "type": "object", "ID": 301, "title": "Title 301"},
{"url": "/images/lockups/square_2.jpg", "type": "object", "ID": 302, "title": "Title 302"},
{"url": "/images/lockups/square_3.jpg", "type": "object", "ID": 303, "title": "Title 303"},
{"url": "/images/lockups/square_4.jpg", "type": "object", "ID": 304, "title": "Title 304"},
{"url": "/images/lockups/square_5.jpg", "type": "object", "ID": 305, "title": "Title 305"},
{"url": "/images/lockups/square_6.jpg", "type": "object", "ID": 306, "title": "Title 306"},
{"url": "/images/lockups/square_7.jpg", "type": "object", "ID": 307, "title": "Title 307"},
{"url": "/images/lockups/square_8.jpg", "type": "object", "ID": 308, "title": "Title 308"},
{"url": "/images/lockups/square_9.jpg", "type": "object", "ID": 309, "title": "Title 309"},
{"url": "/images/lockups/square_10.jpg", "type": "object", "ID": 310, "title": "Title 310"},
{"url": "/images/lockups/square_1.jpg", "type": "object", "ID": 311, "title": "Title 311"},
{"url": "/images/lockups/square_2.jpg", "type": "object", "ID": 312, "title": "Title 312"},
{"url": "/images/lockups/square_3.jpg", "type": "object", "ID": 313, "title": "Title 313"},
{"url": "/images/lockups/square_4.jpg", "type": "object", "ID": 314, "title": "Title 314"},
{"url": "/images/lockups/square_5.jpg", "type": "object", "ID": 315, "title": "Title 315"},
{"url": "/images/lockups/square_6.jpg", "type": "object", "ID": 316, "title": "Title 316"},
{"url": "/images/lockups/square_7.jpg", "type": "object", "ID": 317, "title": "Title 317"},
{"url": "/images/lockups/square_8.jpg", "type": "object", "ID": 318, "title": "Title 318"},
{"url": "/images/lockups/square_9.jpg", "type": "object", "ID": 319, "title": "Title 319"},
{"url": "/images/lockups/square_10.jpg", "type": "object", "ID": 320, "title": "Title 320"},
{"url": "/images/lockups/square_1.jpg", "type": "object", "ID": 321, "title": "Title 321"},
{"url": "/images/lockups/square_2.jpg", "type": "object", "ID": 322, "title": "Title 322"},
{"url": "/images/lockups/square_3.jpg", "type": "object", "ID": 323, "title": "Title 323"},
{"url": "/images/lockups/square_4.jpg", "type": "object", "ID": 324, "title": "Title 324"},
{"url": "/images/lockups/square_5.jpg", "type": "object", "ID": 325, "title": "Title 325"},
{"url": "/images/lockups/square_6.jpg", "type": "object", "ID": 326, "title": "Title 326"},
{"url": "/images/lockups/square_7.jpg", "type": "object", "ID": 327, "title": "Title 327"},
{"url": "/images/lockups/square_8.jpg", "type": "object", "ID": 328, "title": "Title 328"},
{"url": "/images/lockups/square_9.jpg", "type": "object", "ID": 329, "title": "Title 329"},
{"url": "/images/lockups/square_10.jpg", "type": "object", "ID": 330, "title": "Title 330"},
{"url": "/images/lockups/square_1.jpg", "type": "object", "ID": 331, "title": "Title 331"},
{"url": "/images/lockups/square_2.jpg", "type": "object", "ID": 332, "title": "Title 332"},
{"url": "/images/lockups/square_3.jpg", "type": "object", "ID": 333, "title": "Title 333"},
{"url": "/images/lockups/square_4.jpg", "type": "object", "ID": 334, "title": "Title 334"},
{"url": "/images/lockups/square_5.jpg", "type": "object", "ID": 335, "title": "Title 335"},
{"url": "/images/lockups/square_6.jpg", "type": "object", "ID": 336, "title": "Title 336"},
{"url": "/images/lockups/square_7.jpg", "type": "object", "ID": 337, "title": "Title 337"},
{"url": "/images/lockups/square_8.jpg", "type": "object", "ID": 338, "title": "Title 338"},
{"url": "/images/lockups/square_9.jpg", "type": "object", "ID": 339, "title": "Title 339"},
{"url": "/images/lockups/square_10.jpg", "type": "object", "ID": 340, "title": "Title 340"},
{"url": "/images/lockups/square_1.jpg", "type": "object", "ID": 341, "title": "Title 341"},
{"url": "/images/lockups/square_2.jpg", "type": "object", "ID": 342, "title": "Title 342"},
{"url": "/images/lockups/square_3.jpg", "type": "object", "ID": 343, "title": "Title 343"},
{"url": "/images/lockups/square_4.jpg", "type": "object", "ID": 344, "title": "Title 344"},
{"url": "/images/lockups/square_5.jpg", "type": "object", "ID": 345, "title": "Title 345"},
{"url": "/images/lockups/square_6.jpg", "type": "object", "ID": 346, "title": "Title 346"},
{"url": "/images/lockups/square_7.jpg", "type": "object", "ID": 347, "title": "Title 347"},
{"url": "/images/lockups/square_8.jpg", "type": "object", "ID": 348, "title": "Title 348"},
{"url": "/images/lockups/square_9.jpg", "type": "object", "ID": 349, "title": "Title 349"},
{"url": "/images/lockups/square_10.jpg", "type": "object", "ID": 350, "title": "Title 350"},
{"url": "/images/lockups/square_1.jpg", "type": "object", "ID": 351, "title": "Title 351"},
{"url": "/images/lockups/square_2.jpg", "type": "object", "ID": 352, "title": "Title 352"},
{"url": "/images/lockups/square_3.jpg", "type": "object", "ID": 353, "title": "Title 353"},
{"url": "/images/lockups/square_4.jpg", "type": "object", "ID": 354, "title": "Title 354"},
{"url": "/images/lockups/square_5.jpg", "type": "object", "ID": 355, "title": "Title 355"},
{"url": "/images/lockups/square_6.jpg", "type": "object", "ID": 356, "title": "Title 356"},
{"url": "/images/lockups/square_7.jpg", "type": "object", "ID": 357, "title": "Title 357"},
{"url": "/images/lockups/square_8.jpg", "type": "object", "ID": 358, "title": "Title 358"},
{"url": "/images/lockups/square_9.jpg", "type": "object", "ID": 359, "title": "Title 359"},
{"url": "/images/lockups/square_10.jpg", "type": "object", "ID": 360, "title": "Title 360"},
{"url": "/images/lockups/square_1.jpg", "type": "object", "ID": 361, "title": "Title 361"},
{"url": "/images/lockups/square_2.jpg", "type": "object", "ID": 362, "title": "Title 362"},
{"url": "/images/lockups/square_3.jpg", "type": "object", "ID": 363, "title": "Title 363"},
{"url": "/images/lockups/square_4.jpg", "type": "object", "ID": 364, "title": "Title 364"},
{"url": "/images/lockups/square_5.jpg", "type": "object", "ID": 365, "title": "Title 365"},
{"url": "/images/lockups/square_6.jpg", "type": "object", "ID": 366, "title": "Title 366"},
{"url": "/images/lockups/square_7.jpg", "type": "object", "ID": 367, "title": "Title 367"},
{"url": "/images/lockups/square_8.jpg", "type": "object", "ID": 368, "title": "Title 368"},
{"url": "/images/lockups/square_9.jpg", "type": "object", "ID": 369, "title": "Title 369"},
{"url": "/images/lockups/square_10.jpg", "type": "object", "ID": 370, "title": "Title 370"},
{"url": "/images/lockups/square_1.jpg", "type": "object", "ID": 371, "title": "Title 371"},
{"url": "/images/lockups/square_2.jpg", "type": "object", "ID": 372, "title": "Title 372"},
{"url": "/images/lockups/square_3.jpg", "type": "object", "ID": 373, "title": "Title 373"},
{"url": "/images/lockups/square_4.jpg", "type": "object", "ID": 374, "title": "Title 374"},
{"url": "/images/lockups/square_5.jpg", "type": "object", "ID": 375, "title": "Title 375"},
{"url": "/images/lockups/square_6.jpg", "type": "object", "ID": 376, "title": "Title 376"},
{"url": "/images/lockups/square_7.jpg", "type": "object", "ID": 377, "title": "Title 377"},
{"url": "/images/lockups/square_8.jpg", "type": "object", "ID": 378, "title": "Title 378"},
{"url": "/images/lockups/square_9.jpg", "type": "object", "ID": 379, "title": "Title 379"},
{"url": "/images/lockups/square_10.jpg", "type": "object", "ID": 380, "title": "Title 380"},
{"url": "/images/lockups/square_1.jpg", "type": "object", "ID": 381, "title": "Title 381"},
{"url": "/images/lockups/square_2.jpg", "type": "object", "ID": 382, "title": "Title 382"},
{"url": "/images/lockups/square_3.jpg", "type": "object", "ID": 383, "title": "Title 383"},
{"url": "/images/lockups/square_4.jpg", "type": "object", "ID": 384, "title": "Title 384"},
{"url": "/images/lockups/square_5.jpg", "type": "object", "ID": 385, "title": "Title 385"},
{"url": "/images/lockups/square_6.jpg", "type": "object", "ID": 386, "title": "Title 386"},
{"url": "/images/lockups/square_7.jpg", "type": "object", "ID": 387, "title": "Title 387"},
{"url": "/images/lockups/square_8.jpg", "type": "object", "ID": 388, "title": "Title 388"},
{"url": "/images/lockups/square_9.jpg", "type": "object", "ID": 389, "title": "Title 389"},
{"url": "/images/lockups/square_10.jpg", "type": "object", "ID": 390, "title": "Title 390"},
{"url": "/images/lockups/square_1.jpg", "type": "object", "ID": 391, "title": "Title 391"},
{"url": "/images/lockups/square_2.jpg", "type": "object", "ID": 392, "title": "Title 392"},
{"url": "/images/lockups/square_3.jpg", "type": "object", "ID": 393, "title": "Title 393"},
{"url": "/images/lockups/square_4.jpg", "type": "object", "ID": 394, "title": "Title 394"},
{"url": "/images/lockups/square_5.jpg", "type": "object", "ID": 395, "title": "Title 395"},
{"url": "/images/lockups/square_6.jpg", "type": "object", "ID": 396, "title": "Title 396"},
{"url": "/images/lockups/square_7.jpg", "type": "object", "ID": 397, "title": "Title 397"},
{"url": "/images/lockups/square_8.jpg", "type": "object", "ID": 398, "title": "Title 398"},
{"url": "/images/lockups/square_9.jpg", "type": "object", "ID": 399, "title": "Title 399"},
{"url": "/images/lockups/square_10.jpg", "type": "object", "ID": 400, "title": "Title 400"},
{"url": "/images/lockups/square_1.jpg", "type": "object", "ID": 401, "title": "Title 401"},
{"url": "/images/lockups/square_2.jpg", "type": "object", "ID": 402, "title": "Title 402"},
{"url": "/images/lockups/square_3.jpg", "type": "object", "ID": 403, "title": "Title 403"},
{"url": "/images/lockups/square_4.jpg", "type": "object", "ID": 404, "title": "Title 404"},
{"url": "/images/lockups/square_5.jpg", "type": "object", "ID": 405, "title": "Title 405"},
{"url": "/images/lockups/square_6.jpg", "type": "object", "ID": 406, "title": "Title 406"},
{"url": "/images/lockups/square_7.jpg", "type": "object", "ID": 407, "title": "Title 407"},
{"url": "/images/lockups/square_8.jpg", "type": "object", "ID": 408, "title": "Title 408"},
{"url": "/images/lockups/square_9.jpg", "type": "object", "ID": 409, "title": "Title 409"},
{"url": "/images/lockups/square_10.jpg", "type": "object", "ID": 410, "title": "Title 410"},
{"url": "/images/lockups/square_1.jpg", "type": "object", "ID": 411, "title": "Title 411"},
{"url": "/images/lockups/square_2.jpg", "type": "object", "ID": 412, "title": "Title 412"},
{"url": "/images/lockups/square_3.jpg", "type": "object", "ID": 413, "title": "Title 413"},
{"url": "/images/lockups/square_4.jpg", "type": "object", "ID": 414, "title": "Title 414"},
{"url": "/images/lockups/square_5.jpg", "type": "object", "ID": 415, "title": "Title 415"},
{"url": "/images/lockups/square_6.jpg", "type": "object", "ID": 416, "title": "Title 416"},
{"url": "/images/lockups/square_7.jpg", "type": "object", "ID": 417, "title": "Title 417"},
{"url": "/images/lockups/square_8.jpg", "type": "object", "ID": 418, "title": "Title 418"},
{"url": "/images/lockups/square_9.jpg", "type": "object", "ID": 419, "title": "Title 419"},
{"url": "/images/lockups/square_10.jpg", "type": "object", "ID": 420, "title": "Title 420"},
{"url": "/images/lockups/square_1.jpg", "type": "object", "ID": 421, "title": "Title 421"},
{"url": "/images/lockups/square_2.jpg", "type": "object", "ID": 422, "title": "Title 422"},
{"url": "/images/lockups/square_3.jpg", "type": "object", "ID": 423, "title": "Title 423"},
{"url": "/images/lockups/square_4.jpg", "type": "object", "ID": 424, "title": "Title 424"},
{"url": "/images/lockups/square_5.jpg", "type": "object", "ID": 425, "title": "Title 425"},
{"url": "/images/lockups/square_6.jpg", "type": "object", "ID": 426, "title": "Title 426"},
{"url": "/images/lockups/square_7.jpg", "type": "object", "ID": 427, "title": "Title 427"},
{"url": "/images/lockups/square_8.jpg", "type": "object", "ID": 428, "title": "Title 428"},
{"url": "/images/lockups/square_9.jpg", "type": "object", "ID": 429, "title": "Title 429"},
{"url": "/images/lockups/square_10.jpg", "type": "object", "ID": 430, "title": "Title 430"},
{"url": "/images/lockups/square_1.jpg", "type": "object", "ID": 431, "title": "Title 431"},
{"url": "/images/lockups/square_2.jpg", "type": "object", "ID": 432, "title": "Title 432"},
{"url": "/images/lockups/square_3.jpg", "type": "object", "ID": 433, "title": "Title 433"},
{"url": "/images/lockups/square_4.jpg", "type": "object", "ID": 434, "title": "Title 434"},
{"url": "/images/lockups/square_5.jpg", "type": "object", "ID": 435, "title": "Title 435"},
{"url": "/images/lockups/square_6.jpg", "type": "object", "ID": 436, "title": "Title 436"},
{"url": "/images/lockups/square_7.jpg", "type": "object", "ID": 437, "title": "Title 437"},
{"url": "/images/lockups/square_8.jpg", "type": "object", "ID": 438, "title": "Title 438"},
{"url": "/images/lockups/square_9.jpg", "type": "object", "ID": 439, "title": "Title 439"},
{"url": "/images/lockups/square_10.jpg", "type": "object", "ID": 440, "title": "Title 440"},
{"url": "/images/lockups/square_1.jpg", "type": "object", "ID": 441, "title": "Title 441"},
{"url": "/images/lockups/square_2.jpg", "type": "object", "ID": 442, "title": "Title 442"},
{"url": "/images/lockups/square_3.jpg", "type": "object", "ID": 443, "title": "Title 443"},
{"url": "/images/lockups/square_4.jpg", "type": "object", "ID": 444, "title": "Title 444"},
{"url": "/images/lockups/square_5.jpg", "type": "object", "ID": 445, "title": "Title 445"},
{"url": "/images/lockups/square_6.jpg", "type": "object", "ID": 446, "title": "Title 446"},
{"url": "/images/lockups/square_7.jpg", "type": "object", "ID": 447, "title": "Title 447"},
{"url": "/images/lockups/square_8.jpg", "type": "object", "ID": 448, "title": "Title 448"},
{"url": "/images/lockups/square_9.jpg", "type": "object", "ID": 449, "title": "Title 449"},
{"url": "/images/lockups/square_10.jpg", "type": "object", "ID": 450, "title": "Title 450"},
{"url": "/images/lockups/square_1.jpg", "type": "object", "ID": 451, "title": "Title 451"},
{"url": "/images/lockups/square_2.jpg", "type": "object", "ID": 452, "title": "Title 452"},
{"url": "/images/lockups/square_3.jpg", "type": "object", "ID": 453, "title": "Title 453"},
{"url": "/images/lockups/square_4.jpg", "type": "object", "ID": 454, "title": "Title 454"},
{"url": "/images/lockups/square_5.jpg", "type": "object", "ID": 455, "title": "Title 455"},
{"url": "/images/lockups/square_6.jpg", "type": "object", "ID": 456, "title": "Title 456"},
{"url": "/images/lockups/square_7.jpg", "type": "object", "ID": 457, "title": "Title 457"},
{"url": "/images/lockups/square_8.jpg", "type": "object", "ID": 458, "title": "Title 458"},
{"url": "/images/lockups/square_9.jpg", "type": "object", "ID": 459, "title": "Title 459"},
{"url": "/images/lockups/square_10.jpg", "type": "object", "ID": 460, "title": "Title 460"},
{"url": "/images/lockups/square_1.jpg", "type": "object", "ID": 461, "title": "Title 461"},
{"url": "/images/lockups/square_2.jpg", "type": "object", "ID": 462, "title": "Title 462"},
{"url": "/images/lockups/square_3.jpg", "type": "object", "ID": 463, "title": "Title 463"},
{"url": "/images/lockups/square_4.jpg", "type": "object", "ID": 464, "title": "Title 464"},
{"url": "/images/lockups/square_5.jpg", "type": "object", "ID": 465, "title": "Title 465"},
{"url": "/images/lockups/square_6.jpg", "type": "object", "ID": 466, "title": "Title 466"},
{"url": "/images/lockups/square_7.jpg", "type": "object", "ID": 467, "title": "Title 467"},
{"url": "/images/lockups/square_8.jpg", "type": "object", "ID": 468, "title": "Title 468"},
{"url": "/images/lockups/square_9.jpg", "type": "object", "ID": 469, "title": "Title 469"},
{"url": "/images/lockups/square_10.jpg", "type": "object", "ID": 470, "title": "Title 470"},
{"url": "/images/lockups/square_1.jpg", "type": "object", "ID": 471, "title": "Title 471"},
{"url": "/images/lockups/square_2.jpg", "type": "object", "ID": 472, "title": "Title 472"},
{"url": "/images/lockups/square_3.jpg", "type": "object", "ID": 473, "title": "Title 473"},
{"url": "/images/lockups/square_4.jpg", "type": "object", "ID": 474, "title": "Title 474"},
{"url": "/images/lockups/square_5.jpg", "type": "object", "ID": 475, "title": "Title 475"},
{"url": "/images/lockups/square_6.jpg", "type": "object", "ID": 476, "title": "Title 476"},
{"url": "/images/lockups/square_7.jpg", "type": "object", "ID": 477, "title": "Title 477"},
{"url": "/images/lockups/square_8.jpg", "type": "object", "ID": 478, "title": "Title 478"},
{"url": "/images/lockups/square_9.jpg", "type": "object", "ID": 479, "title": "Title 479"},
{"url": "/images/lockups/square_10.jpg", "type": "object", "ID": 480, "title": "Title 480"},
{"url": "/images/lockups/square_1.jpg", "type": "object", "ID": 481, "title": "Title 481"},
{"url": "/images/lockups/square_2.jpg", "type": "object", "ID": 482, "title": "Title 482"},
{"url": "/images/lockups/square_3.jpg", "type": "object", "ID": 483, "title": "Title 483"},
{"url": "/images/lockups/square_4.jpg", "type": "object", "ID": 484, "title": "Title 484"},
{"url": "/images/lockups/square_5.jpg", "type": "object", "ID": 485, "title": "Title 485"},
{"url": "/images/lockups/square_6.jpg", "type": "object", "ID": 486, "title": "Title 486"},
{"url": "/images/lockups/square_7.jpg", "type": "object", "ID": 487, "title": "Title 487"},
{"url": "/images/lockups/square_8.jpg", "type": "object", "ID": 488, "title": "Title 488"},
{"url": "/images/lockups/square_9.jpg", "type": "object", "ID": 489, "title": "Title 489"},
{"url": "/images/lockups/square_10.jpg", "type": "object", "ID": 490, "title": "Title 490"},
{"url": "/images/lockups/square_1.jpg", "type": "object", "ID": 491, "title": "Title 491"},
{"url": "/images/lockups/square_2.jpg", "type": "object", "ID": 492, "title": "Title 492"},
{"url": "/images/lockups/square_3.jpg", "type": "object", "ID": 493, "title": "Title 493"},
{"url": "/images/lockups/square_4.jpg", "type": "object", "ID": 494, "title": "Title 494"},
{"url": "/images/lockups/square_5.jpg", "type": "object", "ID": 495, "title": "Title 495"},
{"url": "/images/lockups/square_6.jpg", "type": "object", "ID": 496, "title": "Title 496"},
{"url": "/images/lockups/square_7.jpg", "type": "object", "ID": 497, "title": "Title 497"},
{"url": "/images/lockups/square_8.jpg", "type": "object", "ID": 498, "title": "Title 498"},
{"url": "/images/lockups/square_9.jpg", "type": "object", "ID": 499, "title": "Title 499"},
{"url": "/images/lockups/square_10.jpg", "type": "object", "ID": 500, "title": "Title 500"}]}
