{ "items": [
{"url": "/images/lockups/square_1.jpg", "type": "object", "ID": 3501, "title": "Title 3501"},
{"url": "/images/lockups/square_2.jpg", "type": "object", "ID": 3502, "title": "Title 3502"},
{"url": "/images/lockups/square_3.jpg", "type": "object", "ID": 3503, "title": "Title 3503"},
{"url": "/images/lockups/square_4.jpg", "type": "object", "ID": 3504, "title": "Title 3504"},
{"url": "/images/lockups/square_5.jpg", "type": "object", "ID": 3505, "title": "Title 3505"},
{"url": "/images/lockups/square_6.jpg", "type": "object", "ID": 3506, "title": "Title 3506"},
{"url": "/images/lockups/square_7.jpg", "type": "object", "ID": 3507, "title": "Title 3507"},
{"url": "/images/lockups/square_8.jpg", "type": "object", "ID": 3508, "title": "Title 3508"},
{"url": "/images/lockups/square_9.jpg", "type": "object", "ID": 3509, "title": "Title 3509"},
{"url": "/images/lockups/square_10.jpg", "type": "object", "ID": 3510, "title": "Title 3510"},
{"url": "/images/lockups/square_1.jpg", "type": "object", "ID": 3511, "title": "Title 3511"},
{"url": "/images/lockups/square_2.jpg", "type": "object", "ID": 3512, "title": "Title 3512"},
{"url": "/images/lockups/square_3.jpg", "type": "object", "ID": 3513, "title": "Title 3513"},
{"url": "/images/lockups/square_4.jpg", "type": "object", "ID": 3514, "title": "Title 3514"},
{"url": "/images/lockups/square_5.jpg", "type": "object", "ID": 3515, "title": "Title 3515"},
{"url": "/images/lockups/square_6.jpg", "type": "object", "ID": 3516, "title": "Title 3516"},
{"url": "/images/lockups/square_7.jpg", "type": "object", "ID": 3517, "title": "Title 3517"},
{"url": "/images/lockups/square_8.jpg", "type": "object", "ID": 3518, "title": "Title 3518"},
{"url": "/images/lockups/square_9.jpg", "type": "object", "ID": 3519, "title": "Title 3519"},
{"url": "/images/lockups/square_10.jpg", "type": "object", "ID": 3520, "title": "Title 3520"},
{"url": "/images/lockups/square_1.jpg", "type": "object", "ID": 3521, "title": "Title 3521"},
{"url": "/images/lockups/square_2.jpg", "type": "object", "ID": 3522, "title": "Title 3522"},
{"url": "/images/lockups/square_3.jpg", "type": "object", "ID": 3523, "title": "Title 3523"},
{"url": "/images/lockups/square_4.jpg", "type": "object", "ID": 3524, "title": "Title 3524"},
{"url": "/images/lockups/square_5.jpg", "type": "object", "ID": 3525, "title": "Title 3525"},
{"url": "/images/lockups/square_6.jpg", "type": "object", "ID": 3526, "title": "Title 3526"},
{"url": "/images/lockups/square_7.jpg", "type": "object", "ID": 3527, "title": "Title 3527"},
{"url": "/images/lockups/square_8.jpg", "type": "object", "ID": 3528, "title": "Title 3528"},
{"url": "/images/lockups/square_9.jpg", "type": "object", "ID": 3529, "title": "Title 3529"},
{"url": "/images/lockups/square_10.jpg", "type": "object", "ID": 3530, "title": "Title 3530"},
{"url": "/images/lockups/square_1.jpg", "type": "object", "ID": 3531, "title": "Title 3531"},
{"url": "/images/lockups/square_2.jpg", "type": "object", "ID": 3532, "title": "Title 3532"},
{"url": "/images/lockups/square_3.jpg", "type": "object", "ID": 3533, "title": "Title 3533"},
{"url": "/images/lockups/square_4.jpg", "type": "object", "ID": 3534, "title": "Title 3534"},
{"url": "/images/lockups/square_5.jpg", "type": "object", "ID": 3535, "title": "Title 3535"},
{"url": "/images/lockups/square_6.jpg", "type": "object", "ID": 3536, "title": "Title 3536"},
{"url": "/images/lockups/square_7.jpg", "type": "object", "ID": 3537, "title": "Title 3537"},
{"url": "/images/lockups/square_8.jpg", "type": "object", "ID": 3538, "title": "Title 3538"},
{"url": "/images/lockups/square_9.jpg", "type": "object", "ID": 3539, "title": "Title 3539"},
{"url": "/images/lockups/square_10.jpg", "type": "object", "ID": 3540, "title": "Title 3540"},
{"url": "/images/lockups/square_1.jpg", "type": "object", "ID": 3541, "title": "Title 3541"},
{"url": "/images/lockups/square_2.jpg", "type": "object", "ID": 3542, "title": "Title 3542"},
{"url": "/images/lockups/square_3.jpg", "type": "object", "ID": 3543, "title": "Title 3543"},
{"url": "/images/lockups/square_4.jpg", "type": "object", "ID": 3544, "title": "Title 3544"},
{"url": "/images/lockups/square_5.jpg", "type": "object", "ID": 3545, "title": "Title 3545"},
{"url": "/images/lockups/square_6.jpg", "type": "object", "ID": 3546, "title": "Title 3546"},
{"url": "/images/lockups/square_7.jpg", "type": "object", "ID": 3547, "title": "Title 3547"},
{"url": "/images/lockups/square_8.jpg", "type": "object", "ID": 3548, "title": "Title 3548"},
{"url": "/images/lockups/square_9.jpg", "type": "object", "ID": 3549, "title": "Title 3549"},
{"url": "/images/lockups/square_10.jpg", "type": "object", "ID": 3550, "title": "Title 3550"},
{"url": "/images/lockups/square_1.jpg", "type": "object", "ID": 3551, "title": "Title 3551"},
{"url": "/images/lockups/square_2.jpg", "type": "object", "ID": 3552, "title": "Title 3552"},
{"url": "/images/lockups/square_3.jpg", "type": "object", "ID": 3553, "title": "Title 3553"},
{"url": "/images/lockups/square_4.jpg", "type": "object", "ID": 3554, "title": "Title 3554"},
{"url": "/images/lockups/square_5.jpg", "type": "object", "ID": 3555, "title": "Title 3555"},
{"url": "/images/lockups/square_6.jpg", "type": "object", "ID": 3556, "title": "Title 3556"},
{"url": "/images/lockups/square_7.jpg", "type": "object", "ID": 3557, "title": "Title 3557"},
{"url": "/images/lockups/square_8.jpg", "type": "object", "ID": 3558, "title": "Title 3558"},
{"url": "/images/lockups/square_9.jpg", "type": "object", "ID": 3559, "title": "Title 3559"},
{"url": "/images/lockups/square_10.jpg", "type": "object", "ID": 3560, "title": "Title 3560"},
{"url": "/images/lockups/square_1.jpg", "type": "object", "ID": 3561, "title": "Title 3561"},
{"url": "/images/lockups/square_2.jpg", "type": "object", "ID": 3562, "title": "Title 3562"},
{"url": "/images/lockups/square_3.jpg", "type": "object", "ID": 3563, "title": "Title 3563"},
{"url": "/images/lockups/square_4.jpg", "type": "object", "ID": 3564, "title": "Title 3564"},
{"url": "/images/lockups/square_5.jpg", "type": "object", "ID": 3565, "title": "Title 3565"},
{"url": "/images/lockups/square_6.jpg", "type": "object", "ID": 3566, "title": "Title 3566"},
{"url": "/images/lockups/square_7.jpg", "type": "object", "ID": 3567, "title": "Title 3567"},
{"url": "/images/lockups/square_8.jpg", "type": "object", "ID": 3568, "title": "Title 3568"},
{"url": "/images/lockups/square_9.jpg", "type": "object", "ID": 3569, "title": "Title 3569"},
{"url": "/images/lockups/square_10.jpg", "type": "object", "ID": 3570, "title": "Title 3570"},
{"url": "/images/lockups/square_1.jpg", "type": "object", "ID": 3571, "title": "Title 3571"},
{"url": "/images/lockups/square_2.jpg", "type": "object", "ID": 3572, "title": "Title 3572"},
{"url": "/images/lockups/square_3.jpg", "type": "object", "ID": 3573, "title": "Title 3573"},
{"url": "/images/lockups/square_4.jpg", "type": "object", "ID": 3574, "title": "Title 3574"},
{"url": "/images/lockups/square_5.jpg", "type": "object", "ID": 3575, "title": "Title 3575"},
{"url": "/images/lockups/square_6.jpg", "type": "object", "ID": 3576, "title": "Title 3576"},
{"url": "/images/lockups/square_7.jpg", "type": "object", "ID": 3577, "title": "Title 3577"},
{"url": "/images/lockups/square_8.jpg", "type": "object", "ID": 3578, "title": "Title 3578"},
{"url": "/images/lockups/square_9.jpg", "type": "object", "ID": 3579, "title": "Title 3579"},
{"url": "/images/lockups/square_10.jpg", "type": "object", "ID": 3580, "title": "Title 3580"},
{"url": "/images/lockups/square_1.jpg", "type": "object", "ID": 3581, "title": "Title 3581"},
{"url": "/images/lockups/square_2.jpg", "type": "object", "ID": 3582, "title": "Title 3582"},
{"url": "/images/lockups/square_3.jpg", "type": "object", "ID": 3583, "title": "Title 3583"},
{"url": "/images/lockups/square_4.jpg", "type": "object", "ID": 3584, "title": "Title 3584"},
{"url": "/images/lockups/square_5.jpg", "type": "object", "ID": 3585, "title": "Title 3585"},
{"url": "/images/lockups/square_6.jpg", "type": "object", "ID": 3586, "title": "Title 3586"},
{"url": "/images/lockups/square_7.jpg", "type": "object", "ID": 3587, "title": "Title 3587"},
{"url": "/images/lockups/square_8.jpg", "type": "object", "ID": 3588, "title": "Title 3588"},
{"url": "/images/lockups/square_9.jpg", "type": "object", "ID": 3589, "title": "Title 3589"},
{"url": "/images/lockups/square_10.jpg", "type": "object", "ID": 3590, "title": "Title 3590"},
{"url": "/images/lockups/square_1.jpg", "type": "object", "ID": 3591, "title": "Title 3591"},
{"url": "/images/lockups/square_2.jpg", "type": "object", "ID": 3592, "title": "Title 3592"},
{"url": "/images/lockups/square_3.jpg", "type": "object", "ID": 3593, "title": "Title 3593"},
{"url": "/images/lockups/square_4.jpg", "type": "object", "ID": 3594, "title": "Title 3594"},
{"url": "/images/lockups/square_5.jpg", "type": "object", "ID": 3595, "title": "Title 3595"},
{"url": "/images/lockups/square_6.jpg", "type": "object", "ID": 3596, "title": "Title 3596"},
{"url": "/images/lockups/square_7.jpg", "type": "object", "ID": 3597, "title": "Title 3597"},
{"url": "/images/lockups/square_8.jpg", "type": "object", "ID": 3598, "title": "Title 3598"},
{"url": "/images/lockups/square_9.jpg", "type": "object", "ID": 3599, "title": "Title 3599"},
{"url": "/images/lockups/square_10.jpg", "type": "object", "ID": 3600, "title": "Title 3600"},
{"url": "/images/lockups/square_1.jpg", "type": "object", "ID": 3601, "title": "Title 3601"},
{"url": "/images/lockups/square_2.jpg", "type": "object", "ID": 3602, "title": "Title 3602"},
{"url": "/images/lockups/square_3.jpg", "type": "object", "ID": 3603, "title": "Title 3603"},
{"url": "/images/lockups/square_4.jpg", "type": "object", "ID": 3604, "title": "Title 3604"},
{"url": "/images/lockups/square_5.jpg", "type": "object", "ID": 3605, "title": "Title 3605"},
{"url": "/images/lockups/square_6.jpg", "type": "object", "ID": 3606, "title": "Title 3606"},
{"url": "/images/lockups/square_7.jpg", "type": "object", "ID": 3607, "title": "Title 3607"},
{"url": "/images/lockups/square_8.jpg", "type": "object", "ID": 3608, "title": "Title 3608"},
{"url": "/images/lockups/square_9.jpg", "type": "object", "ID": 3609, "title": "Title 3609"},
{"url": "/images/lockups/square_10.jpg", "type": "object", "ID": 3610, "title": "Title 3610"},
{"url": "/images/lockups/square_1.jpg", "type": "object", "ID": 3611, "title": "Title 3611"},
{"url": "/images/lockups/square_2.jpg", "type": "object", "ID": 3612, "title": "Title 3612"},
{"url": "/images/lockups/square_3.jpg", "type": "object", "ID": 3613, "title": "Title 3613"},
{"url": "/images/lockups/square_4.jpg", "type": "object", "ID": 3614, "title": "Title 3614"},
{"url": "/images/lockups/square_5.jpg", "type": "object", "ID": 3615, "title": "Title 3615"},
{"url": "/images/lockups/square_6.jpg", "type": "object", "ID": 3616, "title": "Title 3616"},
{"url": "/images/lockups/square_7.jpg", "type": "object", "ID": 3617, "title": "Title 3617"},
{"url": "/images/lockups/square_8.jpg", "type": "object", "ID": 3618, "title": "Title 3618"},
{"url": "/images/lockups/square_9.jpg", "type": "object", "ID": 3619, "title": "Title 3619"},
{"url": "/images/lockups/square_10.jpg", "type": "object", "ID": 3620, "title": "Title 3620"},
{"url": "/images/lockups/square_1.jpg", "type": "object", "ID": 3621, "title": "Title 3621"},
{"url": "/images/lockups/square_2.jpg", "type": "object", "ID": 3622, "title": "Title 3622"},
{"url": "/images/lockups/square_3.jpg", "type": "object", "ID": 3623, "title": "Title 3623"},
{"url": "/images/lockups/square_4.jpg", "type": "object", "ID": 3624, "title": "Title 3624"},
{"url": "/images/lockups/square_5.jpg", "type": "object", "ID": 3625, "title": "Title 3625"},
{"url": "/images/lockups/square_6.jpg", "type": "object", "ID": 3626, "title": "Title 3626"},
{"url": "/images/lockups/square_7.jpg", "type": "object", "ID": 3627, "title": "Title 3627"},
{"url": "/images/lockups/square_8.jpg", "type": "object", "ID": 3628, "title": "Title 3628"},
{"url": "/images/lockups/square_9.jpg", "type": "object", "ID": 3629, "title": "Title 3629"},
{"url": "/images/lockups/square_10.jpg", "type": "object", "ID": 3630, "title": "Title 3630"},
{"url": "/images/lockups/square_1.jpg", "type": "object", "ID": 3631, "title": "Title 3631"},
{"url": "/images/lockups/square_2.jpg", "type": "object", "ID": 3632, "title": "Title 3632"},
{"url": "/images/lockups/square_3.jpg", "type": "object", "ID": 3633, "title": "Title 3633"},
{"url": "/images/lockups/square_4.jpg", "type": "object", "ID": 3634, "title": "Title 3634"},
{"url": "/images/lockups/square_5.jpg", "type": "object", "ID": 3635, "title": "Title 3635"},
{"url": "/images/lockups/square_6.jpg", "type": "object", "ID": 3636, "title": "Title 3636"},
{"url": "/images/lockups/square_7.jpg", "type": "object", "ID": 3637, "title": "Title 3637"},
{"url": "/images/lockups/square_8.jpg", "type": "object", "ID": 3638, "title": "Title 3638"},
{"url": "/images/lockups/square_9.jpg", "type": "object", "ID": 3639, "title": "Title 3639"},
{"url": "/images/lockups/square_10.jpg", "type": "object", "ID": 3640, "title": "Title 3640"},
{"url": "/images/lockups/square_1.jpg", "type": "object", "ID": 3641, "title": "Title 3641"},
{"url": "/images/lockups/square_2.jpg", "type": "object", "ID": 3642, "title": "Title 3642"},
{"url": "/images/lockups/square_3.jpg", "type": "object", "ID": 3643, "title": "Title 3643"},
{"url": "/images/lockups/square_4.jpg", "type": "object", "ID": 3644, "title": "Title 3644"},
{"url": "/images/lockups/square_5.jpg", "type": "object", "ID": 3645, "title": "Title 3645"},
{"url": "/images/lockups/square_6.jpg", "type": "object", "ID": 3646, "title": "Title 3646"},
{"url": "/images/lockups/square_7.jpg", "type": "object", "ID": 3647, "title": "Title 3647"},
{"url": "/images/lockups/square_8.jpg", "type": "object", "ID": 3648, "title": "Title 3648"},
{"url": "/images/lockups/square_9.jpg", "type": "object", "ID": 3649, "title": "Title 3649"},
{"url": "/images/lockups/square_10.jpg", "type": "object", "ID": 3650, "title": "Title 3650"},
{"url": "/images/lockups/square_1.jpg", "type": "object", "ID": 3651, "title": "Title 3651"},
{"url": "/images/lockups/square_2.jpg", "type": "object", "ID": 3652, "title": "Title 3652"},
{"url": "/images/lockups/square_3.jpg", "type": "object", "ID": 3653, "title": "Title 3653"},
{"url": "/images/lockups/square_4.jpg", "type": "object", "ID": 3654, "title": "Title 3654"},
{"url": "/images/lockups/square_5.jpg", "type": "object", "ID": 3655, "title": "Title 3655"},
{"url": "/images/lockups/square_6.jpg", "type": "object", "ID": 3656, "title": "Title 3656"},
{"url": "/images/lockups/square_7.jpg", "type": "object", "ID": 3657, "title": "Title 3657"},
{"url": "/images/lockups/square_8.jpg", "type": "object", "ID": 3658, "title": "Title 3658"},
{"url": "/images/lockups/square_9.jpg", "type": "object", "ID": 3659, "title": "Title 3659"},
{"url": "/images/lockups/square_10.jpg", "type": "object", "ID": 3660, "title": "Title 3660"},
{"url": "/images/lockups/square_1.jpg", "type": "object", "ID": 3661, "title": "Title 3661"},
{"url": "/images/lockups/square_2.jpg", "type": "object", "ID": 3662, "title": "Title 3662"},
{"url": "/images/lockups/square_3.jpg", "type": "object", "ID": 3663, "title": "Title 3663"},
{"url": "/images/lockups/square_4.jpg", "type": "object", "ID": 3664, "title": "Title 3664"},
{"url": "/images/lockups/square_5.jpg", "type": "object", "ID": 3665, "title": "Title 3665"},
{"url": "/images/lockups/square_6.jpg", "type": "object", "ID": 3666, "title": "Title 3666"},
{"url": "/images/lockups/square_7.jpg", "type": "object", "ID": 3667, "title": "Title 3667"},
{"url": "/images/lockups/square_8.jpg", "type": "object", "ID": 3668, "title": "Title 3668"},
{"url": "/images/lockups/square_9.jpg", "type": "object", "ID": 3669, "title": "Title 3669"},
{"url": "/images/lockups/square_10.jpg", "type": "object", "ID": 3670, "title": "Title 3670"},
{"url": "/images/lockups/square_1.jpg", "type": "object", "ID": 3671, "title": "Title 3671"},
{"url": "/images/lockups/square_2.jpg", "type": "object", "ID": 3672, "title": "Title 3672"},
{"url": "/images/lockups/square_3.jpg", "type": "object", "ID": 3673, "title": "Title 3673"},
{"url": "/images/lockups/square_4.jpg", "type": "object", "ID": 3674, "title": "Title 3674"},
{"url": "/images/lockups/square_5.jpg", "type": "object", "ID": 3675, "title": "Title 3675"},
{"url": "/images/lockups/square_6.jpg", "type": "object", "ID": 3676, "title": "Title 3676"},
{"url": "/images/lockups/square_7.jpg", "type": "object", "ID": 3677, "title": "Title 3677"},
{"url": "/images/lockups/square_8.jpg", "type": "object", "ID": 3678, "title": "Title 3678"},
{"url": "/images/lockups/square_9.jpg", "type": "object", "ID": 3679, "title": "Title 3679"},
{"url": "/images/lockups/square_10.jpg", "type": "object", "ID": 3680, "title": "Title 3680"},
{"url": "/images/lockups/square_1.jpg", "type": "object", "ID": 3681, "title": "Title 3681"},
{"url": "/images/lockups/square_2.jpg", "type": "object", "ID": 3682, "title": "Title 3682"},
{"url": "/images/lockups/square_3.jpg", "type": "object", "ID": 3683, "title": "Title 3683"},
{"url": "/images/lockups/square_4.jpg", "type": "object", "ID": 3684, "title": "Title 3684"},
{"url": "/images/lockups/square_5.jpg", "type": "object", "ID": 3685, "title": "Title 3685"},
{"url": "/images/lockups/square_6.jpg", "type": "object", "ID": 3686, "title": "Title 3686"},
{"url": "/images/lockups/square_7.jpg", "type": "object", "ID": 3687, "title": "Title 3687"},
{"url": "/images/lockups/square_8.jpg", "type": "object", "ID": 3688, "title": "Title 3688"},
{"url": "/images/lockups/square_9.jpg", "type": "object", "ID": 3689, "title": "Title 3689"},
{"url": "/images/lockups/square_10.jpg", "type": "object", "ID": 3690, "title": "Title 3690"},
{"url": "/images/lockups/square_1.jpg", "type": "object", "ID": 3691, "title": "Title 3691"},
{"url": "/images/lockups/square_2.jpg", "type": "object", "ID": 3692, "title": "Title 3692"},
{"url": "/images/lockups/square_3.jpg", "type": "object", "ID": 3693, "title": "Title 3693"},
{"url": "/images/lockups/square_4.jpg", "type": "object", "ID": 3694, "title": "Title 3694"},
{"url": "/images/lockups/square_5.jpg", "type": "object", "ID": 3695, "title": "Title 3695"},
{"url": "/images/lockups/square_6.jpg", "type": "object", "ID": 3696, "title": "Title 3696"},
{"url": "/images/lockups/square_7.jpg", "type": "object", "ID": 3697, "title": "Title 3697"},
{"url": "/images/lockups/square_8.jpg", "type": "object", "ID": 3698, "title": "Title 3698"},
{"url": "/images/lockups/square_9.jpg", "type": "object", "ID": 3699, "title": "Title 3699"},
{"url": "/images/lockups/square_10.jpg", "type": "object", "ID": 3700, "title": "Title 3700"},
{"url": "/images/lockups/square_1.jpg", "type": "object", "ID": 3701, "title": "Title 3701"},
{"url": "/images/lockups/square_2.jpg", "type": "object", "ID": 3702, "title": "Title 3702"},
{"url": "/images/lockups/square_3.jpg", "type": "object", "ID": 3703, "title": "Title 3703"},
{"url": "/images/lockups/square_4.jpg", "type": "object", "ID": 3704, "title": "Title 3704"},
{"url": "/images/lockups/square_5.jpg", "type": "object", "ID": 3705, "title": "Title 3705"},
{"url": "/images/lockups/square_6.jpg", "type": "object", "ID": 3706, "title": "Title 3706"},
{"url": "/images/lockups/square_7.jpg", "type": "object", "ID": 3707, "title": "Title 3707"},
{"url": "/images/lockups/square_8.jpg", "type": "object", "ID": 3708, "title": "Title 3708"},
{"url": "/images/lockups/square_9.jpg", "type": "object", "ID": 3709, "title": "Title 3709"},
{"url": "/images/lockups/square_10.jpg", "type": "object", "ID": 3710, "title": "Title 3710"},
{"url": "/images/lockups/square_1.jpg", "type": "object", "ID": 3711, "title": "Title 3711"},
{"url": "/images/lockups/square_2.jpg", "type": "object", "ID": 3712, "title": "Title 3712"},
{"url": "/images/lockups/square_3.jpg", "type": "object", "ID": 3713, "title": "Title 3713"},
{"url": "/images/lockups/square_4.jpg", "type": "object", "ID": 3714, "title": "Title 3714"},
{"url": "/images/lockups/square_5.jpg", "type": "object", "ID": 3715, "title": "Title 3715"},
{"url": "/images/lockups/square_6.jpg", "type": "object", "ID": 3716, "title": "Title 3716"},
{"url": "/images/lockups/square_7.jpg", "type": "object", "ID": 3717, "title": "Title 3717"},
{"url": "/images/lockups/square_8.jpg", "type": "object", "ID": 3718, "title": "Title 3718"},
{"url": "/images/lockups/square_9.jpg", "type": "object", "ID": 3719, "title": "Title 3719"},
{"url": "/images/lockups/square_10.jpg", "type": "object", "ID": 3720, "title": "Title 3720"},
{"url": "/images/lockups/square_1.jpg", "type": "object", "ID": 3721, "title": "Title 3721"},
{"url": "/images/lockups/square_2.jpg", "type": "object", "ID": 3722, "title": "Title 3722"},
{"url": "/images/lockups/square_3.jpg", "type": "object", "ID": 3723, "title": "Title 3723"},
{"url": "/images/lockups/square_4.jpg", "type": "object", "ID": 3724, "title": "Title 3724"},
{"url": "/images/lockups/square_5.jpg", "type": "object", "ID": 3725, "title": "Title 3725"},
{"url": "/images/lockups/square_6.jpg", "type": "object", "ID": 3726, "title": "Title 3726"},
{"url": "/images/lockups/square_7.jpg", "type": "object", "ID": 3727, "title": "Title 3727"},
{"url": "/images/lockups/square_8.jpg", "type": "object", "ID": 3728, "title": "Title 3728"},
{"url": "/images/lockups/square_9.jpg", "type": "object", "ID": 3729, "title": "Title 3729"},
{"url": "/images/lockups/square_10.jpg", "type": "object", "ID": 3730, "title": "Title 3730"},
{"url": "/images/lockups/square_1.jpg", "type": "object", "ID": 3731, "title": "Title 3731"},
{"url": "/images/lockups/square_2.jpg", "type": "object", "ID": 3732, "title": "Title 3732"},
{"url": "/images/lockups/square_3.jpg", "type": "object", "ID": 3733, "title": "Title 3733"},
{"url": "/images/lockups/square_4.jpg", "type": "object", "ID": 3734, "title": "Title 3734"},
{"url": "/images/lockups/square_5.jpg", "type": "object", "ID": 3735, "title": "Title 3735"},
{"url": "/images/lockups/square_6.jpg", "type": "object", "ID": 3736, "title": "Title 3736"},
{"url": "/images/lockups/square_7.jpg", "type": "object", "ID": 3737, "title": "Title 3737"},
{"url": "/images/lockups/square_8.jpg", "type": "object", "ID": 3738, "title": "Title 3738"},
{"url": "/images/lockups/square_9.jpg", "type": "object", "ID": 3739, "title": "Title 3739"},
{"url": "/images/lockups/square_10.jpg", "type": "object", "ID": 3740, "title": "Title 3740"},
{"url": "/images/lockups/square_1.jpg", "type": "object", "ID": 3741, "title": "Title 3741"},
{"url": "/images/lockups/square_2.jpg", "type": "object", "ID": 3742, "title": "Title 3742"},
{"url": "/images/lockups/square_3.jpg", "type": "object", "ID": 3743, "title": "Title 3743"},
{"url": "/images/lockups/square_4.jpg", "type": "object", "ID": 3744, "title": "Title 3744"},
{"url": "/images/lockups/square_5.jpg", "type": "object", "ID": 3745, "title": "Title 3745"},
{"url": "/images/lockups/square_6.jpg", "type": "object", "ID": 3746, "title": "Title 3746"},
{"url": "/images/lockups/square_7.jpg", "type": "object", "ID": 3747, "title": "Title 3747"},
{"url": "/images/lockups/square_8.jpg", "type": "object", "ID": 3748, "title": "Title 3748"},
{"url": "/images/lockups/square_9.jpg", "type": "object", "ID": 3749, "title": "Title 3749"},
{"url": "/images/lockups/square_10.jpg", "type": "object", "ID": 3750, "title": "Title 3750"},
{"url": "/images/lockups/square_1.jpg", "type": "object", "ID": 3751, "title": "Title 3751"},
{"url": "/images/lockups/square_2.jpg", "type": "object", "ID": 3752, "title": "Title 3752"},
{"url": "/images/lockups/square_3.jpg", "type": "object", "ID": 3753, "title": "Title 3753"},
{"url": "/images/lockups/square_4.jpg", "type": "object", "ID": 3754, "title": "Title 3754"},
{"url": "/images/lockups/square_5.jpg", "type": "object", "ID": 3755, "title": "Title 3755"},
{"url": "/images/lockups/square_6.jpg", "type": "object", "ID": 3756, "title": "Title 3756"},
{"url": "/images/lockups/square_7.jpg", "type": "object", "ID": 3757, "title": "Title 3757"},
{"url": "/images/lockups/square_8.jpg", "type": "object", "ID": 3758, "title": "Title 3758"},
{"url": "/images/lockups/square_9.jpg", "type": "object", "ID": 3759, "title": "Title 3759"},
{"url": "/images/lockups/square_10.jpg", "type": "object", "ID": 3760, "title": "Title 3760"},
{"url": "/images/lockups/square_1.jpg", "type": "object", "ID": 3761, "title": "Title 3761"},
{"url": "/images/lockups/square_2.jpg", "type": "object", "ID": 3762, "title": "Title 3762"},
{"url": "/images/lockups/square_3.jpg", "type": "object", "ID": 3763, "title": "Title 3763"},
{"url": "/images/lockups/square_4.jpg", "type": "object", "ID": 3764, "title": "Title 3764"},
{"url": "/images/lockups/square_5.jpg", "type": "object", "ID": 3765, "title": "Title 3765"},
{"url": "/images/lockups/square_6.jpg", "type": "object", "ID": 3766, "title": "Title 3766"},
{"url": "/images/lockups/square_7.jpg", "type": "object", "ID": 3767, "title": "Title 3767"},
{"url": "/images/lockups/square_8.jpg", "type": "object", "ID": 3768, "title": "Title 3768"},
{"url": "/images/lockups/square_9.jpg", "type": "object", "ID": 3769, "title": "Title 3769"},
{"url": "/images/lockups/square_10.jpg", "type": "object", "ID": 3770, "title": "Title 3770"},
{"url": "/images/lockups/square_1.jpg", "type": "object", "ID": 3771, "title": "Title 3771"},
{"url": "/images/lockups/square_2.jpg", "type": "object", "ID": 3772, "title": "Title 3772"},
{"url": "/images/lockups/square_3.jpg", "type": "object", "ID": 3773, "title": "Title 3773"},
{"url": "/images/lockups/square_4.jpg", "type": "object", "ID": 3774, "title": "Title 3774"},
{"url": "/images/lockups/square_5.jpg", "type": "object", "ID": 3775, "title": "Title 3775"},
{"url": "/images/lockups/square_6.jpg", "type": "object", "ID": 3776, "title": "Title 3776"},
{"url": "/images/lockups/square_7.jpg", "type": "object", "ID": 3777, "title": "Title 3777"},
{"url": "/images/lockups/square_8.jpg", "type": "object", "ID": 3778, "title": "Title 3778"},
{"url": "/images/lockups/square_9.jpg", "type": "object", "ID": 3779, "title": "Title 3779"},
{"url": "/images/lockups/square_10.jpg", "type": "object", "ID": 3780, "title": "Title 3780"},
{"url": "/images/lockups/square_1.jpg", "type": "object", "ID": 3781, "title": "Title 3781"},
{"url": "/images/lockups/square_2.jpg", "type": "object", "ID": 3782, "title": "Title 3782"},
{"url": "/images/lockups/square_3.jpg", "type": "object", "ID": 3783, "title": "Title 3783"},
{"url": "/images/lockups/square_4.jpg", "type": "object", "ID": 3784, "title": "Title 3784"},
{"url": "/images/lockups/square_5.jpg", "type": "object", "ID": 3785, "title": "Title 3785"},
{"url": "/images/lockups/square_6.jpg", "type": "object", "ID": 3786, "title": "Title 3786"},
{"url": "/images/lockups/square_7.jpg", "type": "object", "ID": 3787, "title": "Title 3787"},
{"url": "/images/lockups/square_8.jpg", "type": "object", "ID": 3788, "title": "Title 3788"},
{"url": "/images/lockups/square_9.jpg", "type": "object", "ID": 3789, "title": "Title 3789"},
{"url": "/images/lockups/square_10.jpg", "type": "object", "ID": 3790, "title": "Title 3790"},
{"url": "/images/lockups/square_1.jpg", "type": "object", "ID": 3791, "title": "Title 3791"},
{"url": "/images/lockups/square_2.jpg", "type": "object", "ID": 3792, "title": "Title 3792"},
{"url": "/images/lockups/square_3.jpg", "type": "object", "ID": 3793, "title": "Title 3793"},
{"url": "/images/lockups/square_4.jpg", "type": "object", "ID": 3794, "title": "Title 3794"},
{"url": "/images/lockups/square_5.jpg", "type": "object", "ID": 3795, "title": "Title 3795"},
{"url": "/images/lockups/square_6.jpg", "type": "object", "ID": 3796, "title": "Title 3796"},
{"url": "/images/lockups/square_7.jpg", "type": "object", "ID": 3797, "title": "Title 3797"},
{"url": "/images/lockups/square_8.jpg", "type": "object", "ID": 3798, "title": "Title 3798"},
{"url": "/images/lockups/square_9.jpg", "type": "object", "ID": 3799, "title": "Title 3799"},
{"url": "/images/lockups/square_10.jpg", "type": "object", "ID": 3800, "title": "Title 3800"},
{"url": "/images/lockups/square_1.jpg", "type": "object", "ID": 3801, "title": "Title 3801"},
{"url": "/images/lockups/square_2.jpg", "type": "object", "ID": 3802, "title": "Title 3802"},
{"url": "/images/lockups/square_3.jpg", "type": "object", "ID": 3803, "title": "Title 3803"},
{"url": "/images/lockups/square_4.jpg", "type": "object", "ID": 3804, "title": "Title 3804"},
{"url": "/images/lockups/square_5.jpg", "type": "object", "ID": 3805, "title": "Title 3805"},
{"url": "/images/lockups/square_6.jpg", "type": "object", "ID": 3806, "title": "Title 3806"},
{"url": "/images/lockups/square_7.jpg", "type": "object", "ID": 3807, "title": "Title 3807"},
{"url": "/images/lockups/square_8.jpg", "type": "object", "ID": 3808, "title": "Title 3808"},
{"url": "/images/lockups/square_9.jpg", "type": "object", "ID": 3809, "title": "Title 3809"},
{"url": "/images/lockups/square_10.jpg", "type": "object", "ID": 3810, "title": "Title 3810"},
{"url": "/images/lockups/square_1.jpg", "type": "object", "ID": 3811, "title": "Title 3811"},
{"url": "/images/lockups/square_2.jpg", "type": "object", "ID": 3812, "title": "Title 3812"},
{"url": "/images/lockups/square_3.jpg", "type": "object", "ID": 3813, "title": "Title 3813"},
{"url": "/images/lockups/square_4.jpg", "type": "object", "ID": 3814, "title": "Title 3814"},
{"url": "/images/lockups/square_5.jpg", "type": "object", "ID": 3815, "title": "Title 3815"},
{"url": "/images/lockups/square_6.jpg", "type": "object", "ID": 3816, "title": "Title 3816"},
{"url": "/images/lockups/square_7.jpg", "type": "object", "ID": 3817, "title": "Title 3817"},
{"url": "/images/lockups/square_8.jpg", "type": "object", "ID": 3818, "title": "Title 3818"},
{"url": "/images/lockups/square_9.jpg", "type": "object", "ID": 3819, "title": "Title 3819"},
{"url": "/images/lockups/square_10.jpg", "type": "object", "ID": 3820, "title": "Title 3820"},
{"url": "/images/lockups/square_1.jpg", "type": "object", "ID": 3821, "title": "Title 3821"},
{"url": "/images/lockups/square_2.jpg", "type": "object", "ID": 3822, "title": "Title 3822"},
{"url": "/images/lockups/square_3.jpg", "type": "object", "ID": 3823, "title": "Title 3823"},
{"url": "/images/lockups/square_4.jpg", "type": "object", "ID": 3824, "title": "Title 3824"},
{"url": "/images/lockups/square_5.jpg", "type": "object", "ID": 3825, "title": "Title 3825"},
{"url": "/images/lockups/square_6.jpg", "type": "object", "ID": 3826, "title": "Title 3826"},
{"url": "/images/lockups/square_7.jpg", "type": "object", "ID": 3827, "title": "Title 3827"},
{"url": "/images/lockups/square_8.jpg", "type": "object", "ID": 3828, "title": "Title 3828"},
{"url": "/images/lockups/square_9.jpg", "type": "object", "ID": 3829, "title": "Title 3829"},
{"url": "/images/lockups/square_10.jpg", "type": "object", "ID": 3830, "title": "Title 3830"},
{"url": "/images/lockups/square_1.jpg", "type": "object", "ID": 3831, "title": "Title 3831"},
{"url": "/images/lockups/square_2.jpg", "type": "object", "ID": 3832, "title": "Title 3832"},
{"url": "/images/lockups/square_3.jpg", "type": "object", "ID": 3833, "title": "Title 3833"},
{"url": "/images/lockups/square_4.jpg", "type": "object", "ID": 3834, "title": "Title 3834"},
{"url": "/images/lockups/square_5.jpg", "type": "object", "ID": 3835, "title": "Title 3835"},
{"url": "/images/lockups/square_6.jpg", "type": "object", "ID": 3836, "title": "Title 3836"},
{"url": "/images/lockups/square_7.jpg", "type": "object", "ID": 3837, "title": "Title 3837"},
{"url": "/images/lockups/square_8.jpg", "type": "object", "ID": 3838, "title": "Title 3838"},
{"url": "/images/lockups/square_9.jpg", "type": "object", "ID": 3839, "title": "Title 3839"},
{"url": "/images/lockups/square_10.jpg", "type": "object", "ID": 3840, "title": "Title 3840"},
{"url": "/images/lockups/square_1.jpg", "type": "object", "ID": 3841, "title": "Title 3841"},
{"url": "/images/lockups/square_2.jpg", "type": "object", "ID": 3842, "title": "Title 3842"},
{"url": "/images/lockups/square_3.jpg", "type": "object", "ID": 3843, "title": "Title 3843"},
{"url": "/images/lockups/square_4.jpg", "type": "object", "ID": 3844, "title": "Title 3844"},
{"url": "/images/lockups/square_5.jpg", "type": "object", "ID": 3845, "title": "Title 3845"},
{"url": "/images/lockups/square_6.jpg", "type": "object", "ID": 3846, "title": "Title 3846"},
{"url": "/images/lockups/square_7.jpg", "type": "object", "ID": 3847, "title": "Title 3847"},
{"url": "/images/lockups/square_8.jpg", "type": "object", "ID": 3848, "title": "Title 3848"},
{"url": "/images/lockups/square_9.jpg", "type": "object", "ID": 3849, "title": "Title 3849"},
{"url": "/images/lockups/square_10.jpg", "type": "object", "ID": 3850, "title": "Title 3850"},
{"url": "/images/lockups/square_1.jpg", "type": "object", "ID": 3851, "title": "Title 3851"},
{"url": "/images/lockups/square_2.jpg", "type": "object", "ID": 3852, "title": "Title 3852"},
{"url": "/images/lockups/square_3.jpg", "type": "object", "ID": 3853, "title": "Title 3853"},
{"url": "/images/lockups/square_4.jpg", "type": "object", "ID": 3854, "title": "Title 3854"},
{"url": "/images/lockups/square_5.jpg", "type": "object", "ID": 3855, "title": "Title 3855"},
{"url": "/images/lockups/square_6.jpg", "type": "object", "ID": 3856, "title": "Title 3856"},
{"url": "/images/lockups/square_7.jpg", "type": "object", "ID": 3857, "title": "Title 3857"},
{"url": "/images/lockups/square_8.jpg", "type": "object", "ID": 3858, "title": "Title 3858"},
{"url": "/images/lockups/square_9.jpg", "type": "object", "ID": 3859, "title": "Title 3859"},
{"url": "/images/lockups/square_10.jpg", "type": "object", "ID": 3860, "title": "Title 3860"},
{"url": "/images/lockups/square_1.jpg", "type": "object", "ID": 3861, "title": "Title 3861"},
{"url": "/images/lockups/square_2.jpg", "type": "object", "ID": 3862, "title": "Title 3862"},
{"url": "/images/lockups/square_3.jpg", "type": "object", "ID": 3863, "title": "Title 3863"},
{"url": "/images/lockups/square_4.jpg", "type": "object", "ID": 3864, "title": "Title 3864"},
{"url": "/images/lockups/square_5.jpg", "type": "object", "ID": 3865, "title": "Title 3865"},
{"url": "/images/lockups/square_6.jpg", "type": "object", "ID": 3866, "title": "Title 3866"},
{"url": "/images/lockups/square_7.jpg", "type": "object", "ID": 3867, "title": "Title 3867"},
{"url": "/images/lockups/square_8.jpg", "type": "object", "ID": 3868, "title": "Title 3868"},
{"url": "/images/lockups/square_9.jpg", "type": "object", "ID": 3869, "title": "Title 3869"},
{"url": "/images/lockups/square_10.jpg", "type": "object", "ID": 3870, "title": "Title 3870"},
{"url": "/images/lockups/square_1.jpg", "type": "object", "ID": 3871, "title": "Title 3871"},
{"url": "/images/lockups/square_2.jpg", "type": "object", "ID": 3872, "title": "Title 3872"},
{"url": "/images/lockups/square_3.jpg", "type": "object", "ID": 3873, "title": "Title 3873"},
{"url": "/images/lockups/square_4.jpg", "type": "object", "ID": 3874, "title": "Title 3874"},
{"url": "/images/lockups/square_5.jpg", "type": "object", "ID": 3875, "title": "Title 3875"},
{"url": "/images/lockups/square_6.jpg", "type": "object", "ID": 3876, "title": "Title 3876"},
{"url": "/images/lockups/square_7.jpg", "type": "object", "ID": 3877, "title": "Title 3877"},
{"url": "/images/lockups/square_8.jpg", "type": "object", "ID": 3878, "title": "Title 3878"},
{"url": "/images/lockups/square_9.jpg", "type": "object", "ID": 3879, "title": "Title 3879"},
{"url": "/images/lockups/square_10.jpg", "type": "object", "ID": 3880, "title": "Title 3880"},
{"url": "/images/lockups/square_1.jpg", "type": "object", "ID": 3881, "title": "Title 3881"},
{"url": "/images/lockups/square_2.jpg", "type": "object", "ID": 3882, "title": "Title 3882"},
{"url": "/images/lockups/square_3.jpg", "type": "object", "ID": 3883, "title": "Title 3883"},
{"url": "/images/lockups/square_4.jpg", "type": "object", "ID": 3884, "title": "Title 3884"},
{"url": "/images/lockups/square_5.jpg", "type": "object", "ID": 3885, "title": "Title 3885"},
{"url": "/images/lockups/square_6.jpg", "type": "object", "ID": 3886, "title": "Title 3886"},
{"url": "/images/lockups/square_7.jpg", "type": "object", "ID": 3887, "title": "Title 3887"},
{"url": "/images/lockups/square_8.jpg", "type": "object", "ID": 3888, "title": "Title 3888"},
{"url": "/images/lockups/square_9.jpg", "type": "object", "ID": 3889, "title": "Title 3889"},
{"url": "/images/lockups/square_10.jpg", "type": "object", "ID": 3890, "title": "Title 3890"},
{"url": "/images/lockups/square_1.jpg", "type": "object", "ID": 3891, "title": "Title 3891"},
{"url": "/images/lockups/square_2.jpg", "type": "object", "ID": 3892, "title": "Title 3892"},
{"url": "/images/lockups/square_3.jpg", "type": "object", "ID": 3893, "title": "Title 3893"},
{"url": "/images/lockups/square_4.jpg", "type": "object", "ID": 3894, "title": "Title 3894"},
{"url": "/images/lockups/square_5.jpg", "type": "object", "ID": 3895, "title": "Title 3895"},
{"url": "/images/lockups/square_6.jpg", "type": "object", "ID": 3896, "title": "Title 3896"},
{"url": "/images/lockups/square_7.jpg", "type": "object", "ID": 3897, "title": "Title 3897"},
{"url": "/images/lockups/square_8.jpg", "type": "object", "ID": 3898, "title": "Title 3898"},
{"url": "/images/lockups/square_9.jpg", "type": "object", "ID": 3899, "title": "Title 3899"},
{"url": "/images/lockups/square_10.jpg", "type": "object", "ID": 3900, "title": "Title 3900"},
{"url": "/images/lockups/square_1.jpg", "type": "object", "ID": 3901, "title": "Title 3901"},
{"url": "/images/lockups/square_2.jpg", "type": "object", "ID": 3902, "title": "Title 3902"},
{"url": "/images/lockups/square_3.jpg", "type": "object", "ID": 3903, "title": "Title 3903"},
{"url": "/images/lockups/square_4.jpg", "type": "object", "ID": 3904, "title": "Title 3904"},
{"url": "/images/lockups/square_5.jpg", "type": "object", "ID": 3905, "title": "Title 3905"},
{"url": "/images/lockups/square_6.jpg", "type": "object", "ID": 3906, "title": "Title 3906"},
{"url": "/images/lockups/square_7.jpg", "type": "object", "ID": 3907, "title": "Title 3907"},
{"url": "/images/lockups/square_8.jpg", "type": "object", "ID": 3908, "title": "Title 3908"},
{"url": "/images/lockups/square_9.jpg", "type": "object", "ID": 3909, "title": "Title 3909"},
{"url": "/images/lockups/square_10.jpg", "type": "object", "ID": 3910, "title": "Title 3910"},
{"url": "/images/lockups/square_1.jpg", "type": "object", "ID": 3911, "title": "Title 3911"},
{"url": "/images/lockups/square_2.jpg", "type": "object", "ID": 3912, "title": "Title 3912"},
{"url": "/images/lockups/square_3.jpg", "type": "object", "ID": 3913, "title": "Title 3913"},
{"url": "/images/lockups/square_4.jpg", "type": "object", "ID": 3914, "title": "Title 3914"},
{"url": "/images/lockups/square_5.jpg", "type": "object", "ID": 3915, "title": "Title 3915"},
{"url": "/images/lockups/square_6.jpg", "type": "object", "ID": 3916, "title": "Title 3916"},
{"url": "/images/lockups/square_7.jpg", "type": "object", "ID": 3917, "title": "Title 3917"},
{"url": "/images/lockups/square_8.jpg", "type": "object", "ID": 3918, "title": "Title 3918"},
{"url": "/images/lockups/square_9.jpg", "type": "object", "ID": 3919, "title": "Title 3919"},
{"url": "/images/lockups/square_10.jpg", "type": "object", "ID": 3920, "title": "Title 3920"},
{"url": "/images/lockups/square_1.jpg", "type": "object", "ID": 3921, "title": "Title 3921"},
{"url": "/images/lockups/square_2.jpg", "type": "object", "ID": 3922, "title": "Title 3922"},
{"url": "/images/lockups/square_3.jpg", "type": "object", "ID": 3923, "title": "Title 3923"},
{"url": "/images/lockups/square_4.jpg", "type": "object", "ID": 3924, "title": "Title 3924"},
{"url": "/images/lockups/square_5.jpg", "type": "object", "ID": 3925, "title": "Title 3925"},
{"url": "/images/lockups/square_6.jpg", "type": "object", "ID": 3926, "title": "Title 3926"},
{"url": "/images/lockups/square_7.jpg", "type": "object", "ID": 3927, "title": "Title 3927"},
{"url": "/images/lockups/square_8.jpg", "type": "object", "ID": 3928, "title": "Title 3928"},
{"url": "/images/lockups/square_9.jpg", "type": "object", "ID": 3929, "title": "Title 3929"},
{"url": "/images/lockups/square_10.jpg", "type": "object", "ID": 3930, "title": "Title 3930"},
{"url": "/images/lockups/square_1.jpg", "type": "object", "ID": 3931, "title": "Title 3931"},
{"url": "/images/lockups/square_2.jpg", "type": "object", "ID": 3932, "title": "Title 3932"},
{"url": "/images/lockups/square_3.jpg", "type": "object", "ID": 3933, "title": "Title 3933"},
{"url": "/images/lockups/square_4.jpg", "type": "object", "ID": 3934, "title": "Title 3934"},
{"url": "/images/lockups/square_5.jpg", "type": "object", "ID": 3935, "title": "Title 3935"},
{"url": "/images/lockups/square_6.jpg", "type": "object", "ID": 3936, "title": "Title 3936"},
{"url": "/images/lockups/square_7.jpg", "type": "object", "ID": 3937, "title": "Title 3937"},
{"url": "/images/lockups/square_8.jpg", "type": "object", "ID": 3938, "title": "Title 3938"},
{"url": "/images/lockups/square_9.jpg", "type": "object", "ID": 3939, "title": "Title 3939"},
{"url": "/images/lockups/square_10.jpg", "type": "object", "ID": 3940, "title": "Title 3940"},
{"url": "/images/lockups/square_1.jpg", "type": "object", "ID": 3941, "title": "Title 3941"},
{"url": "/images/lockups/square_2.jpg", "type": "object", "ID": 3942, "title": "Title 3942"},
{"url": "/images/lockups/square_3.jpg", "type": "object", "ID": 3943, "title": "Title 3943"},
{"url": "/images/lockups/square_4.jpg", "type": "object", "ID": 3944, "title": "Title 3944"},
{"url": "/images/lockups/square_5.jpg", "type": "object", "ID": 3945, "title": "Title 3945"},
{"url": "/images/lockups/square_6.jpg", "type": "object", "ID": 3946, "title": "Title 3946"},
{"url": "/images/lockups/square_7.jpg", "type": "object", "ID": 3947, "title": "Title 3947"},
{"url": "/images/lockups/square_8.jpg", "type": "object", "ID": 3948, "title": "Title 3948"},
{"url": "/images/lockups/square_9.jpg", "type": "object", "ID": 3949, "title": "Title 3949"},
{"url": "/images/lockups/square_10.jpg", "type": "object", "ID": 3950, "title": "Title 3950"},
{"url": "/images/lockups/square_1.jpg", "type": "object", "ID": 3951, "title": "Title 3951"},
{"url": "/images/lockups/square_2.jpg", "type": "object", "ID": 3952, "title": "Title 3952"},
{"url": "/images/lockups/square_3.jpg", "type": "object", "ID": 3953, "title": "Title 3953"},
{"url": "/images/lockups/square_4.jpg", "type": "object", "ID": 3954, "title": "Title 3954"},
{"url": "/images/lockups/square_5.jpg", "type": "object", "ID": 3955, "title": "Title 3955"},
{"url": "/images/lockups/square_6.jpg", "type": "object", "ID": 3956, "title": "Title 3956"},
{"url": "/images/lockups/square_7.jpg", "type": "object", "ID": 3957, "title": "Title 3957"},
{"url": "/images/lockups/square_8.jpg", "type": "object", "ID": 3958, "title": "Title 3958"},
{"url": "/images/lockups/square_9.jpg", "type": "object", "ID": 3959, "title": "Title 3959"},
{"url": "/images/lockups/square_10.jpg", "type": "object", "ID": 3960, "title": "Title 3960"},
{"url": "/images/lockups/square_1.jpg", "type": "object", "ID": 3961, "title": "Title 3961"},
{"url": "/images/lockups/square_2.jpg", "type": "object", "ID": 3962, "title": "Title 3962"},
{"url": "/images/lockups/square_3.jpg", "type": "object", "ID": 3963, "title": "Title 3963"},
{"url": "/images/lockups/square_4.jpg", "type": "object", "ID": 3964, "title": "Title 3964"},
{"url": "/images/lockups/square_5.jpg", "type": "object", "ID": 3965, "title": "Title 3965"},
{"url": "/images/lockups/square_6.jpg", "type": "object", "ID": 3966, "title": "Title 3966"},
{"url": "/images/lockups/square_7.jpg", "type": "object", "ID": 3967, "title": "Title 3967"},
{"url": "/images/lockups/square_8.jpg", "type": "object", "ID": 3968, "title": "Title 3968"},
{"url": "/images/lockups/square_9.jpg", "type": "object", "ID": 3969, "title": "Title 3969"},
{"url": "/images/lockups/square_10.jpg", "type": "object", "ID": 3970, "title": "Title 3970"},
{"url": "/images/lockups/square_1.jpg", "type": "object", "ID": 3971, "title": "Title 3971"},
{"url": "/images/lockups/square_2.jpg", "type": "object", "ID": 3972, "title": "Title 3972"},
{"url": "/images/lockups/square_3.jpg", "type": "object", "ID": 3973, "title": "Title 3973"},
{"url": "/images/lockups/square_4.jpg", "type": "object", "ID": 3974, "title": "Title 3974"},
{"url": "/images/lockups/square_5.jpg", "type": "object", "ID": 3975, "title": "Title 3975"},
{"url": "/images/lockups/square_6.jpg", "type": "object", "ID": 3976, "title": "Title 3976"},
{"url": "/images/lockups/square_7.jpg", "type": "object", "ID": 3977, "title": "Title 3977"},
{"url": "/images/lockups/square_8.jpg", "type": "object", "ID": 3978, "title": "Title 3978"},
{"url": "/images/lockups/square_9.jpg", "type": "object", "ID": 3979, "title": "Title 3979"},
{"url": "/images/lockups/square_10.jpg", "type": "object", "ID": 3980, "title": "Title 3980"},
{"url": "/images/lockups/square_1.jpg", "type": "object", "ID": 3981, "title": "Title 3981"},
{"url": "/images/lockups/square_2.jpg", "type": "object", "ID": 3982, "title": "Title 3982"},
{"url": "/images/lockups/square_3.jpg", "type": "object", "ID": 3983, "title": "Title 3983"},
{"url": "/images/lockups/square_4.jpg", "type": "object", "ID": 3984, "title": "Title 3984"},
{"url": "/images/lockups/square_5.jpg", "type": "object", "ID": 3985, "title": "Title 3985"},
{"url": "/images/lockups/square_6.jpg", "type": "object", "ID": 3986, "title": "Title 3986"},
{"url": "/images/lockups/square_7.jpg", "type": "object", "ID": 3987, "title": "Title 3987"},
{"url": "/images/lockups/square_8.jpg", "type": "object", "ID": 3988, "title": "Title 3988"},
{"url": "/images/lockups/square_9.jpg", "type": "object", "ID": 3989, "title": "Title 3989"},
{"url": "/images/lockups/square_10.jpg", "type": "object", "ID": 3990, "title": "Title 3990"},
{"url": "/images/lockups/square_1.jpg", "type": "object", "ID": 3991, "title": "Title 3991"},
{"url": "/images/lockups/square_2.jpg", "type": "object", "ID": 3992, "title": "Title 3992"},
{"url": "/images/lockups/square_3.jpg", "type": "object", "ID": 3993, "title": "Title 3993"},
{"url": "/images/lockups/square_4.jpg", "type": "object", "ID": 3994, "title": "Title 3994"},
{"url": "/images/lockups/square_5.jpg", "type": "object", "ID": 3995, "title": "Title 3995"},
{"url": "/images/lockups/square_6.jpg", "type": "object", "ID": 3996, "title": "Title 3996"},
{"url": "/images/lockups/square_7.jpg", "type": "object", "ID": 3997, "title": "Title 3997"},
{"url": "/images/lockups/square_8.jpg", "type": "object", "ID": 3998, "title": "Title 3998"},
{"url": "/images/lockups/square_9.jpg", "type": "object", "ID": 3999, "title": "Title 3999"},
{"url": "/images/lockups/square_10.jpg", "type": "object", "ID": 4000, "title": "Title 4000"}]}
