{ "items": [
{"url": "/images/lockups/square_1.jpg", "type": "object", "ID": 2501, "title": "Title 2501"},
{"url": "/images/lockups/square_2.jpg", "type": "object", "ID": 2502, "title": "Title 2502"},
{"url": "/images/lockups/square_3.jpg", "type": "object", "ID": 2503, "title": "Title 2503"},
{"url": "/images/lockups/square_4.jpg", "type": "object", "ID": 2504, "title": "Title 2504"},
{"url": "/images/lockups/square_5.jpg", "type": "object", "ID": 2505, "title": "Title 2505"},
{"url": "/images/lockups/square_6.jpg", "type": "object", "ID": 2506, "title": "Title 2506"},
{"url": "/images/lockups/square_7.jpg", "type": "object", "ID": 2507, "title": "Title 2507"},
{"url": "/images/lockups/square_8.jpg", "type": "object", "ID": 2508, "title": "Title 2508"},
{"url": "/images/lockups/square_9.jpg", "type": "object", "ID": 2509, "title": "Title 2509"},
{"url": "/images/lockups/square_10.jpg", "type": "object", "ID": 2510, "title": "Title 2510"},
{"url": "/images/lockups/square_1.jpg", "type": "object", "ID": 2511, "title": "Title 2511"},
{"url": "/images/lockups/square_2.jpg", "type": "object", "ID": 2512, "title": "Title 2512"},
{"url": "/images/lockups/square_3.jpg", "type": "object", "ID": 2513, "title": "Title 2513"},
{"url": "/images/lockups/square_4.jpg", "type": "object", "ID": 2514, "title": "Title 2514"},
{"url": "/images/lockups/square_5.jpg", "type": "object", "ID": 2515, "title": "Title 2515"},
{"url": "/images/lockups/square_6.jpg", "type": "object", "ID": 2516, "title": "Title 2516"},
{"url": "/images/lockups/square_7.jpg", "type": "object", "ID": 2517, "title": "Title 2517"},
{"url": "/images/lockups/square_8.jpg", "type": "object", "ID": 2518, "title": "Title 2518"},
{"url": "/images/lockups/square_9.jpg", "type": "object", "ID": 2519, "title": "Title 2519"},
{"url": "/images/lockups/square_10.jpg", "type": "object", "ID": 2520, "title": "Title 2520"},
{"url": "/images/lockups/square_1.jpg", "type": "object", "ID": 2521, "title": "Title 2521"},
{"url": "/images/lockups/square_2.jpg", "type": "object", "ID": 2522, "title": "Title 2522"},
{"url": "/images/lockups/square_3.jpg", "type": "object", "ID": 2523, "title": "Title 2523"},
{"url": "/images/lockups/square_4.jpg", "type": "object", "ID": 2524, "title": "Title 2524"},
{"url": "/images/lockups/square_5.jpg", "type": "object", "ID": 2525, "title": "Title 2525"},
{"url": "/images/lockups/square_6.jpg", "type": "object", "ID": 2526, "title": "Title 2526"},
{"url": "/images/lockups/square_7.jpg", "type": "object", "ID": 2527, "title": "Title 2527"},
{"url": "/images/lockups/square_8.jpg", "type": "object", "ID": 2528, "title": "Title 2528"},
{"url": "/images/lockups/square_9.jpg", "type": "object", "ID": 2529, "title": "Title 2529"},
{"url": "/images/lockups/square_10.jpg", "type": "object", "ID": 2530, "title": "Title 2530"},
{"url": "/images/lockups/square_1.jpg", "type": "object", "ID": 2531, "title": "Title 2531"},
{"url": "/images/lockups/square_2.jpg", "type": "object", "ID": 2532, "title": "Title 2532"},
{"url": "/images/lockups/square_3.jpg", "type": "object", "ID": 2533, "title": "Title 2533"},
{"url": "/images/lockups/square_4.jpg", "type": "object", "ID": 2534, "title": "Title 2534"},
{"url": "/images/lockups/square_5.jpg", "type": "object", "ID": 2535, "title": "Title 2535"},
{"url": "/images/lockups/square_6.jpg", "type": "object", "ID": 2536, "title": "Title 2536"},
{"url": "/images/lockups/square_7.jpg", "type": "object", "ID": 2537, "title": "Title 2537"},
{"url": "/images/lockups/square_8.jpg", "type": "object", "ID": 2538, "title": "Title 2538"},
{"url": "/images/lockups/square_9.jpg", "type": "object", "ID": 2539, "title": "Title 2539"},
{"url": "/images/lockups/square_10.jpg", "type": "object", "ID": 2540, "title": "Title 2540"},
{"url": "/images/lockups/square_1.jpg", "type": "object", "ID": 2541, "title": "Title 2541"},
{"url": "/images/lockups/square_2.jpg", "type": "object", "ID": 2542, "title": "Title 2542"},
{"url": "/images/lockups/square_3.jpg", "type": "object", "ID": 2543, "title": "Title 2543"},
{"url": "/images/lockups/square_4.jpg", "type": "object", "ID": 2544, "title": "Title 2544"},
{"url": "/images/lockups/square_5.jpg", "type": "object", "ID": 2545, "title": "Title 2545"},
{"url": "/images/lockups/square_6.jpg", "type": "object", "ID": 2546, "title": "Title 2546"},
{"url": "/images/lockups/square_7.jpg", "type": "object", "ID": 2547, "title": "Title 2547"},
{"url": "/images/lockups/square_8.jpg", "type": "object", "ID": 2548, "title": "Title 2548"},
{"url": "/images/lockups/square_9.jpg", "type": "object", "ID": 2549, "title": "Title 2549"},
{"url": "/images/lockups/square_10.jpg", "type": "object", "ID": 2550, "title": "Title 2550"},
{"url": "/images/lockups/square_1.jpg", "type": "object", "ID": 2551, "title": "Title 2551"},
{"url": "/images/lockups/square_2.jpg", "type": "object", "ID": 2552, "title": "Title 2552"},
{"url": "/images/lockups/square_3.jpg", "type": "object", "ID": 2553, "title": "Title 2553"},
{"url": "/images/lockups/square_4.jpg", "type": "object", "ID": 2554, "title": "Title 2554"},
{"url": "/images/lockups/square_5.jpg", "type": "object", "ID": 2555, "title": "Title 2555"},
{"url": "/images/lockups/square_6.jpg", "type": "object", "ID": 2556, "title": "Title 2556"},
{"url": "/images/lockups/square_7.jpg", "type": "object", "ID": 2557, "title": "Title 2557"},
{"url": "/images/lockups/square_8.jpg", "type": "object", "ID": 2558, "title": "Title 2558"},
{"url": "/images/lockups/square_9.jpg", "type": "object", "ID": 2559, "title": "Title 2559"},
{"url": "/images/lockups/square_10.jpg", "type": "object", "ID": 2560, "title": "Title 2560"},
{"url": "/images/lockups/square_1.jpg", "type": "object", "ID": 2561, "title": "Title 2561"},
{"url": "/images/lockups/square_2.jpg", "type": "object", "ID": 2562, "title": "Title 2562"},
{"url": "/images/lockups/square_3.jpg", "type": "object", "ID": 2563, "title": "Title 2563"},
{"url": "/images/lockups/square_4.jpg", "type": "object", "ID": 2564, "title": "Title 2564"},
{"url": "/images/lockups/square_5.jpg", "type": "object", "ID": 2565, "title": "Title 2565"},
{"url": "/images/lockups/square_6.jpg", "type": "object", "ID": 2566, "title": "Title 2566"},
{"url": "/images/lockups/square_7.jpg", "type": "object", "ID": 2567, "title": "Title 2567"},
{"url": "/images/lockups/square_8.jpg", "type": "object", "ID": 2568, "title": "Title 2568"},
{"url": "/images/lockups/square_9.jpg", "type": "object", "ID": 2569, "title": "Title 2569"},
{"url": "/images/lockups/square_10.jpg", "type": "object", "ID": 2570, "title": "Title 2570"},
{"url": "/images/lockups/square_1.jpg", "type": "object", "ID": 2571, "title": "Title 2571"},
{"url": "/images/lockups/square_2.jpg", "type": "object", "ID": 2572, "title": "Title 2572"},
{"url": "/images/lockups/square_3.jpg", "type": "object", "ID": 2573, "title": "Title 2573"},
{"url": "/images/lockups/square_4.jpg", "type": "object", "ID": 2574, "title": "Title 2574"},
{"url": "/images/lockups/square_5.jpg", "type": "object", "ID": 2575, "title": "Title 2575"},
{"url": "/images/lockups/square_6.jpg", "type": "object", "ID": 2576, "title": "Title 2576"},
{"url": "/images/lockups/square_7.jpg", "type": "object", "ID": 2577, "title": "Title 2577"},
{"url": "/images/lockups/square_8.jpg", "type": "object", "ID": 2578, "title": "Title 2578"},
{"url": "/images/lockups/square_9.jpg", "type": "object", "ID": 2579, "title": "Title 2579"},
{"url": "/images/lockups/square_10.jpg", "type": "object", "ID": 2580, "title": "Title 2580"},
{"url": "/images/lockups/square_1.jpg", "type": "object", "ID": 2581, "title": "Title 2581"},
{"url": "/images/lockups/square_2.jpg", "type": "object", "ID": 2582, "title": "Title 2582"},
{"url": "/images/lockups/square_3.jpg", "type": "object", "ID": 2583, "title": "Title 2583"},
{"url": "/images/lockups/square_4.jpg", "type": "object", "ID": 2584, "title": "Title 2584"},
{"url": "/images/lockups/square_5.jpg", "type": "object", "ID": 2585, "title": "Title 2585"},
{"url": "/images/lockups/square_6.jpg", "type": "object", "ID": 2586, "title": "Title 2586"},
{"url": "/images/lockups/square_7.jpg", "type": "object", "ID": 2587, "title": "Title 2587"},
{"url": "/images/lockups/square_8.jpg", "type": "object", "ID": 2588, "title": "Title 2588"},
{"url": "/images/lockups/square_9.jpg", "type": "object", "ID": 2589, "title": "Title 2589"},
{"url": "/images/lockups/square_10.jpg", "type": "object", "ID": 2590, "title": "Title 2590"},
{"url": "/images/lockups/square_1.jpg", "type": "object", "ID": 2591, "title": "Title 2591"},
{"url": "/images/lockups/square_2.jpg", "type": "object", "ID": 2592, "title": "Title 2592"},
{"url": "/images/lockups/square_3.jpg", "type": "object", "ID": 2593, "title": "Title 2593"},
{"url": "/images/lockups/square_4.jpg", "type": "object", "ID": 2594, "title": "Title 2594"},
{"url": "/images/lockups/square_5.jpg", "type": "object", "ID": 2595, "title": "Title 2595"},
{"url": "/images/lockups/square_6.jpg", "type": "object", "ID": 2596, "title": "Title 2596"},
{"url": "/images/lockups/square_7.jpg", "type": "object", "ID": 2597, "title": "Title 2597"},
{"url": "/images/lockups/square_8.jpg", "type": "object", "ID": 2598, "title": "Title 2598"},
{"url": "/images/lockups/square_9.jpg", "type": "object", "ID": 2599, "title": "Title 2599"},
{"url": "/images/lockups/square_10.jpg", "type": "object", "ID": 2600, "title": "Title 2600"},
{"url": "/images/lockups/square_1.jpg", "type": "object", "ID": 2601, "title": "Title 2601"},
{"url": "/images/lockups/square_2.jpg", "type": "object", "ID": 2602, "title": "Title 2602"},
{"url": "/images/lockups/square_3.jpg", "type": "object", "ID": 2603, "title": "Title 2603"},
{"url": "/images/lockups/square_4.jpg", "type": "object", "ID": 2604, "title": "Title 2604"},
{"url": "/images/lockups/square_5.jpg", "type": "object", "ID": 2605, "title": "Title 2605"},
{"url": "/images/lockups/square_6.jpg", "type": "object", "ID": 2606, "title": "Title 2606"},
{"url": "/images/lockups/square_7.jpg", "type": "object", "ID": 2607, "title": "Title 2607"},
{"url": "/images/lockups/square_8.jpg", "type": "object", "ID": 2608, "title": "Title 2608"},
{"url": "/images/lockups/square_9.jpg", "type": "object", "ID": 2609, "title": "Title 2609"},
{"url": "/images/lockups/square_10.jpg", "type": "object", "ID": 2610, "title": "Title 2610"},
{"url": "/images/lockups/square_1.jpg", "type": "object", "ID": 2611, "title": "Title 2611"},
{"url": "/images/lockups/square_2.jpg", "type": "object", "ID": 2612, "title": "Title 2612"},
{"url": "/images/lockups/square_3.jpg", "type": "object", "ID": 2613, "title": "Title 2613"},
{"url": "/images/lockups/square_4.jpg", "type": "object", "ID": 2614, "title": "Title 2614"},
{"url": "/images/lockups/square_5.jpg", "type": "object", "ID": 2615, "title": "Title 2615"},
{"url": "/images/lockups/square_6.jpg", "type": "object", "ID": 2616, "title": "Title 2616"},
{"url": "/images/lockups/square_7.jpg", "type": "object", "ID": 2617, "title": "Title 2617"},
{"url": "/images/lockups/square_8.jpg", "type": "object", "ID": 2618, "title": "Title 2618"},
{"url": "/images/lockups/square_9.jpg", "type": "object", "ID": 2619, "title": "Title 2619"},
{"url": "/images/lockups/square_10.jpg", "type": "object", "ID": 2620, "title": "Title 2620"},
{"url": "/images/lockups/square_1.jpg", "type": "object", "ID": 2621, "title": "Title 2621"},
{"url": "/images/lockups/square_2.jpg", "type": "object", "ID": 2622, "title": "Title 2622"},
{"url": "/images/lockups/square_3.jpg", "type": "object", "ID": 2623, "title": "Title 2623"},
{"url": "/images/lockups/square_4.jpg", "type": "object", "ID": 2624, "title": "Title 2624"},
{"url": "/images/lockups/square_5.jpg", "type": "object", "ID": 2625, "title": "Title 2625"},
{"url": "/images/lockups/square_6.jpg", "type": "object", "ID": 2626, "title": "Title 2626"},
{"url": "/images/lockups/square_7.jpg", "type": "object", "ID": 2627, "title": "Title 2627"},
{"url": "/images/lockups/square_8.jpg", "type": "object", "ID": 2628, "title": "Title 2628"},
{"url": "/images/lockups/square_9.jpg", "type": "object", "ID": 2629, "title": "Title 2629"},
{"url": "/images/lockups/square_10.jpg", "type": "object", "ID": 2630, "title": "Title 2630"},
{"url": "/images/lockups/square_1.jpg", "type": "object", "ID": 2631, "title": "Title 2631"},
{"url": "/images/lockups/square_2.jpg", "type": "object", "ID": 2632, "title": "Title 2632"},
{"url": "/images/lockups/square_3.jpg", "type": "object", "ID": 2633, "title": "Title 2633"},
{"url": "/images/lockups/square_4.jpg", "type": "object", "ID": 2634, "title": "Title 2634"},
{"url": "/images/lockups/square_5.jpg", "type": "object", "ID": 2635, "title": "Title 2635"},
{"url": "/images/lockups/square_6.jpg", "type": "object", "ID": 2636, "title": "Title 2636"},
{"url": "/images/lockups/square_7.jpg", "type": "object", "ID": 2637, "title": "Title 2637"},
{"url": "/images/lockups/square_8.jpg", "type": "object", "ID": 2638, "title": "Title 2638"},
{"url": "/images/lockups/square_9.jpg", "type": "object", "ID": 2639, "title": "Title 2639"},
{"url": "/images/lockups/square_10.jpg", "type": "object", "ID": 2640, "title": "Title 2640"},
{"url": "/images/lockups/square_1.jpg", "type": "object", "ID": 2641, "title": "Title 2641"},
{"url": "/images/lockups/square_2.jpg", "type": "object", "ID": 2642, "title": "Title 2642"},
{"url": "/images/lockups/square_3.jpg", "type": "object", "ID": 2643, "title": "Title 2643"},
{"url": "/images/lockups/square_4.jpg", "type": "object", "ID": 2644, "title": "Title 2644"},
{"url": "/images/lockups/square_5.jpg", "type": "object", "ID": 2645, "title": "Title 2645"},
{"url": "/images/lockups/square_6.jpg", "type": "object", "ID": 2646, "title": "Title 2646"},
{"url": "/images/lockups/square_7.jpg", "type": "object", "ID": 2647, "title": "Title 2647"},
{"url": "/images/lockups/square_8.jpg", "type": "object", "ID": 2648, "title": "Title 2648"},
{"url": "/images/lockups/square_9.jpg", "type": "object", "ID": 2649, "title": "Title 2649"},
{"url": "/images/lockups/square_10.jpg", "type": "object", "ID": 2650, "title": "Title 2650"},
{"url": "/images/lockups/square_1.jpg", "type": "object", "ID": 2651, "title": "Title 2651"},
{"url": "/images/lockups/square_2.jpg", "type": "object", "ID": 2652, "title": "Title 2652"},
{"url": "/images/lockups/square_3.jpg", "type": "object", "ID": 2653, "title": "Title 2653"},
{"url": "/images/lockups/square_4.jpg", "type": "object", "ID": 2654, "title": "Title 2654"},
{"url": "/images/lockups/square_5.jpg", "type": "object", "ID": 2655, "title": "Title 2655"},
{"url": "/images/lockups/square_6.jpg", "type": "object", "ID": 2656, "title": "Title 2656"},
{"url": "/images/lockups/square_7.jpg", "type": "object", "ID": 2657, "title": "Title 2657"},
{"url": "/images/lockups/square_8.jpg", "type": "object", "ID": 2658, "title": "Title 2658"},
{"url": "/images/lockups/square_9.jpg", "type": "object", "ID": 2659, "title": "Title 2659"},
{"url": "/images/lockups/square_10.jpg", "type": "object", "ID": 2660, "title": "Title 2660"},
{"url": "/images/lockups/square_1.jpg", "type": "object", "ID": 2661, "title": "Title 2661"},
{"url": "/images/lockups/square_2.jpg", "type": "object", "ID": 2662, "title": "Title 2662"},
{"url": "/images/lockups/square_3.jpg", "type": "object", "ID": 2663, "title": "Title 2663"},
{"url": "/images/lockups/square_4.jpg", "type": "object", "ID": 2664, "title": "Title 2664"},
{"url": "/images/lockups/square_5.jpg", "type": "object", "ID": 2665, "title": "Title 2665"},
{"url": "/images/lockups/square_6.jpg", "type": "object", "ID": 2666, "title": "Title 2666"},
{"url": "/images/lockups/square_7.jpg", "type": "object", "ID": 2667, "title": "Title 2667"},
{"url": "/images/lockups/square_8.jpg", "type": "object", "ID": 2668, "title": "Title 2668"},
{"url": "/images/lockups/square_9.jpg", "type": "object", "ID": 2669, "title": "Title 2669"},
{"url": "/images/lockups/square_10.jpg", "type": "object", "ID": 2670, "title": "Title 2670"},
{"url": "/images/lockups/square_1.jpg", "type": "object", "ID": 2671, "title": "Title 2671"},
{"url": "/images/lockups/square_2.jpg", "type": "object", "ID": 2672, "title": "Title 2672"},
{"url": "/images/lockups/square_3.jpg", "type": "object", "ID": 2673, "title": "Title 2673"},
{"url": "/images/lockups/square_4.jpg", "type": "object", "ID": 2674, "title": "Title 2674"},
{"url": "/images/lockups/square_5.jpg", "type": "object", "ID": 2675, "title": "Title 2675"},
{"url": "/images/lockups/square_6.jpg", "type": "object", "ID": 2676, "title": "Title 2676"},
{"url": "/images/lockups/square_7.jpg", "type": "object", "ID": 2677, "title": "Title 2677"},
{"url": "/images/lockups/square_8.jpg", "type": "object", "ID": 2678, "title": "Title 2678"},
{"url": "/images/lockups/square_9.jpg", "type": "object", "ID": 2679, "title": "Title 2679"},
{"url": "/images/lockups/square_10.jpg", "type": "object", "ID": 2680, "title": "Title 2680"},
{"url": "/images/lockups/square_1.jpg", "type": "object", "ID": 2681, "title": "Title 2681"},
{"url": "/images/lockups/square_2.jpg", "type": "object", "ID": 2682, "title": "Title 2682"},
{"url": "/images/lockups/square_3.jpg", "type": "object", "ID": 2683, "title": "Title 2683"},
{"url": "/images/lockups/square_4.jpg", "type": "object", "ID": 2684, "title": "Title 2684"},
{"url": "/images/lockups/square_5.jpg", "type": "object", "ID": 2685, "title": "Title 2685"},
{"url": "/images/lockups/square_6.jpg", "type": "object", "ID": 2686, "title": "Title 2686"},
{"url": "/images/lockups/square_7.jpg", "type": "object", "ID": 2687, "title": "Title 2687"},
{"url": "/images/lockups/square_8.jpg", "type": "object", "ID": 2688, "title": "Title 2688"},
{"url": "/images/lockups/square_9.jpg", "type": "object", "ID": 2689, "title": "Title 2689"},
{"url": "/images/lockups/square_10.jpg", "type": "object", "ID": 2690, "title": "Title 2690"},
{"url": "/images/lockups/square_1.jpg", "type": "object", "ID": 2691, "title": "Title 2691"},
{"url": "/images/lockups/square_2.jpg", "type": "object", "ID": 2692, "title": "Title 2692"},
{"url": "/images/lockups/square_3.jpg", "type": "object", "ID": 2693, "title": "Title 2693"},
{"url": "/images/lockups/square_4.jpg", "type": "object", "ID": 2694, "title": "Title 2694"},
{"url": "/images/lockups/square_5.jpg", "type": "object", "ID": 2695, "title": "Title 2695"},
{"url": "/images/lockups/square_6.jpg", "type": "object", "ID": 2696, "title": "Title 2696"},
{"url": "/images/lockups/square_7.jpg", "type": "object", "ID": 2697, "title": "Title 2697"},
{"url": "/images/lockups/square_8.jpg", "type": "object", "ID": 2698, "title": "Title 2698"},
{"url": "/images/lockups/square_9.jpg", "type": "object", "ID": 2699, "title": "Title 2699"},
{"url": "/images/lockups/square_10.jpg", "type": "object", "ID": 2700, "title": "Title 2700"},
{"url": "/images/lockups/square_1.jpg", "type": "object", "ID": 2701, "title": "Title 2701"},
{"url": "/images/lockups/square_2.jpg", "type": "object", "ID": 2702, "title": "Title 2702"},
{"url": "/images/lockups/square_3.jpg", "type": "object", "ID": 2703, "title": "Title 2703"},
{"url": "/images/lockups/square_4.jpg", "type": "object", "ID": 2704, "title": "Title 2704"},
{"url": "/images/lockups/square_5.jpg", "type": "object", "ID": 2705, "title": "Title 2705"},
{"url": "/images/lockups/square_6.jpg", "type": "object", "ID": 2706, "title": "Title 2706"},
{"url": "/images/lockups/square_7.jpg", "type": "object", "ID": 2707, "title": "Title 2707"},
{"url": "/images/lockups/square_8.jpg", "type": "object", "ID": 2708, "title": "Title 2708"},
{"url": "/images/lockups/square_9.jpg", "type": "object", "ID": 2709, "title": "Title 2709"},
{"url": "/images/lockups/square_10.jpg", "type": "object", "ID": 2710, "title": "Title 2710"},
{"url": "/images/lockups/square_1.jpg", "type": "object", "ID": 2711, "title": "Title 2711"},
{"url": "/images/lockups/square_2.jpg", "type": "object", "ID": 2712, "title": "Title 2712"},
{"url": "/images/lockups/square_3.jpg", "type": "object", "ID": 2713, "title": "Title 2713"},
{"url": "/images/lockups/square_4.jpg", "type": "object", "ID": 2714, "title": "Title 2714"},
{"url": "/images/lockups/square_5.jpg", "type": "object", "ID": 2715, "title": "Title 2715"},
{"url": "/images/lockups/square_6.jpg", "type": "object", "ID": 2716, "title": "Title 2716"},
{"url": "/images/lockups/square_7.jpg", "type": "object", "ID": 2717, "title": "Title 2717"},
{"url": "/images/lockups/square_8.jpg", "type": "object", "ID": 2718, "title": "Title 2718"},
{"url": "/images/lockups/square_9.jpg", "type": "object", "ID": 2719, "title": "Title 2719"},
{"url": "/images/lockups/square_10.jpg", "type": "object", "ID": 2720, "title": "Title 2720"},
{"url": "/images/lockups/square_1.jpg", "type": "object", "ID": 2721, "title": "Title 2721"},
{"url": "/images/lockups/square_2.jpg", "type": "object", "ID": 2722, "title": "Title 2722"},
{"url": "/images/lockups/square_3.jpg", "type": "object", "ID": 2723, "title": "Title 2723"},
{"url": "/images/lockups/square_4.jpg", "type": "object", "ID": 2724, "title": "Title 2724"},
{"url": "/images/lockups/square_5.jpg", "type": "object", "ID": 2725, "title": "Title 2725"},
{"url": "/images/lockups/square_6.jpg", "type": "object", "ID": 2726, "title": "Title 2726"},
{"url": "/images/lockups/square_7.jpg", "type": "object", "ID": 2727, "title": "Title 2727"},
{"url": "/images/lockups/square_8.jpg", "type": "object", "ID": 2728, "title": "Title 2728"},
{"url": "/images/lockups/square_9.jpg", "type": "object", "ID": 2729, "title": "Title 2729"},
{"url": "/images/lockups/square_10.jpg", "type": "object", "ID": 2730, "title": "Title 2730"},
{"url": "/images/lockups/square_1.jpg", "type": "object", "ID": 2731, "title": "Title 2731"},
{"url": "/images/lockups/square_2.jpg", "type": "object", "ID": 2732, "title": "Title 2732"},
{"url": "/images/lockups/square_3.jpg", "type": "object", "ID": 2733, "title": "Title 2733"},
{"url": "/images/lockups/square_4.jpg", "type": "object", "ID": 2734, "title": "Title 2734"},
{"url": "/images/lockups/square_5.jpg", "type": "object", "ID": 2735, "title": "Title 2735"},
{"url": "/images/lockups/square_6.jpg", "type": "object", "ID": 2736, "title": "Title 2736"},
{"url": "/images/lockups/square_7.jpg", "type": "object", "ID": 2737, "title": "Title 2737"},
{"url": "/images/lockups/square_8.jpg", "type": "object", "ID": 2738, "title": "Title 2738"},
{"url": "/images/lockups/square_9.jpg", "type": "object", "ID": 2739, "title": "Title 2739"},
{"url": "/images/lockups/square_10.jpg", "type": "object", "ID": 2740, "title": "Title 2740"},
{"url": "/images/lockups/square_1.jpg", "type": "object", "ID": 2741, "title": "Title 2741"},
{"url": "/images/lockups/square_2.jpg", "type": "object", "ID": 2742, "title": "Title 2742"},
{"url": "/images/lockups/square_3.jpg", "type": "object", "ID": 2743, "title": "Title 2743"},
{"url": "/images/lockups/square_4.jpg", "type": "object", "ID": 2744, "title": "Title 2744"},
{"url": "/images/lockups/square_5.jpg", "type": "object", "ID": 2745, "title": "Title 2745"},
{"url": "/images/lockups/square_6.jpg", "type": "object", "ID": 2746, "title": "Title 2746"},
{"url": "/images/lockups/square_7.jpg", "type": "object", "ID": 2747, "title": "Title 2747"},
{"url": "/images/lockups/square_8.jpg", "type": "object", "ID": 2748, "title": "Title 2748"},
{"url": "/images/lockups/square_9.jpg", "type": "object", "ID": 2749, "title": "Title 2749"},
{"url": "/images/lockups/square_10.jpg", "type": "object", "ID": 2750, "title": "Title 2750"},
{"url": "/images/lockups/square_1.jpg", "type": "object", "ID": 2751, "title": "Title 2751"},
{"url": "/images/lockups/square_2.jpg", "type": "object", "ID": 2752, "title": "Title 2752"},
{"url": "/images/lockups/square_3.jpg", "type": "object", "ID": 2753, "title": "Title 2753"},
{"url": "/images/lockups/square_4.jpg", "type": "object", "ID": 2754, "title": "Title 2754"},
{"url": "/images/lockups/square_5.jpg", "type": "object", "ID": 2755, "title": "Title 2755"},
{"url": "/images/lockups/square_6.jpg", "type": "object", "ID": 2756, "title": "Title 2756"},
{"url": "/images/lockups/square_7.jpg", "type": "object", "ID": 2757, "title": "Title 2757"},
{"url": "/images/lockups/square_8.jpg", "type": "object", "ID": 2758, "title": "Title 2758"},
{"url": "/images/lockups/square_9.jpg", "type": "object", "ID": 2759, "title": "Title 2759"},
{"url": "/images/lockups/square_10.jpg", "type": "object", "ID": 2760, "title": "Title 2760"},
{"url": "/images/lockups/square_1.jpg", "type": "object", "ID": 2761, "title": "Title 2761"},
{"url": "/images/lockups/square_2.jpg", "type": "object", "ID": 2762, "title": "Title 2762"},
{"url": "/images/lockups/square_3.jpg", "type": "object", "ID": 2763, "title": "Title 2763"},
{"url": "/images/lockups/square_4.jpg", "type": "object", "ID": 2764, "title": "Title 2764"},
{"url": "/images/lockups/square_5.jpg", "type": "object", "ID": 2765, "title": "Title 2765"},
{"url": "/images/lockups/square_6.jpg", "type": "object", "ID": 2766, "title": "Title 2766"},
{"url": "/images/lockups/square_7.jpg", "type": "object", "ID": 2767, "title": "Title 2767"},
{"url": "/images/lockups/square_8.jpg", "type": "object", "ID": 2768, "title": "Title 2768"},
{"url": "/images/lockups/square_9.jpg", "type": "object", "ID": 2769, "title": "Title 2769"},
{"url": "/images/lockups/square_10.jpg", "type": "object", "ID": 2770, "title": "Title 2770"},
{"url": "/images/lockups/square_1.jpg", "type": "object", "ID": 2771, "title": "Title 2771"},
{"url": "/images/lockups/square_2.jpg", "type": "object", "ID": 2772, "title": "Title 2772"},
{"url": "/images/lockups/square_3.jpg", "type": "object", "ID": 2773, "title": "Title 2773"},
{"url": "/images/lockups/square_4.jpg", "type": "object", "ID": 2774, "title": "Title 2774"},
{"url": "/images/lockups/square_5.jpg", "type": "object", "ID": 2775, "title": "Title 2775"},
{"url": "/images/lockups/square_6.jpg", "type": "object", "ID": 2776, "title": "Title 2776"},
{"url": "/images/lockups/square_7.jpg", "type": "object", "ID": 2777, "title": "Title 2777"},
{"url": "/images/lockups/square_8.jpg", "type": "object", "ID": 2778, "title": "Title 2778"},
{"url": "/images/lockups/square_9.jpg", "type": "object", "ID": 2779, "title": "Title 2779"},
{"url": "/images/lockups/square_10.jpg", "type": "object", "ID": 2780, "title": "Title 2780"},
{"url": "/images/lockups/square_1.jpg", "type": "object", "ID": 2781, "title": "Title 2781"},
{"url": "/images/lockups/square_2.jpg", "type": "object", "ID": 2782, "title": "Title 2782"},
{"url": "/images/lockups/square_3.jpg", "type": "object", "ID": 2783, "title": "Title 2783"},
{"url": "/images/lockups/square_4.jpg", "type": "object", "ID": 2784, "title": "Title 2784"},
{"url": "/images/lockups/square_5.jpg", "type": "object", "ID": 2785, "title": "Title 2785"},
{"url": "/images/lockups/square_6.jpg", "type": "object", "ID": 2786, "title": "Title 2786"},
{"url": "/images/lockups/square_7.jpg", "type": "object", "ID": 2787, "title": "Title 2787"},
{"url": "/images/lockups/square_8.jpg", "type": "object", "ID": 2788, "title": "Title 2788"},
{"url": "/images/lockups/square_9.jpg", "type": "object", "ID": 2789, "title": "Title 2789"},
{"url": "/images/lockups/square_10.jpg", "type": "object", "ID": 2790, "title": "Title 2790"},
{"url": "/images/lockups/square_1.jpg", "type": "object", "ID": 2791, "title": "Title 2791"},
{"url": "/images/lockups/square_2.jpg", "type": "object", "ID": 2792, "title": "Title 2792"},
{"url": "/images/lockups/square_3.jpg", "type": "object", "ID": 2793, "title": "Title 2793"},
{"url": "/images/lockups/square_4.jpg", "type": "object", "ID": 2794, "title": "Title 2794"},
{"url": "/images/lockups/square_5.jpg", "type": "object", "ID": 2795, "title": "Title 2795"},
{"url": "/images/lockups/square_6.jpg", "type": "object", "ID": 2796, "title": "Title 2796"},
{"url": "/images/lockups/square_7.jpg", "type": "object", "ID": 2797, "title": "Title 2797"},
{"url": "/images/lockups/square_8.jpg", "type": "object", "ID": 2798, "title": "Title 2798"},
{"url": "/images/lockups/square_9.jpg", "type": "object", "ID": 2799, "title": "Title 2799"},
{"url": "/images/lockups/square_10.jpg", "type": "object", "ID": 2800, "title": "Title 2800"},
{"url": "/images/lockups/square_1.jpg", "type": "object", "ID": 2801, "title": "Title 2801"},
{"url": "/images/lockups/square_2.jpg", "type": "object", "ID": 2802, "title": "Title 2802"},
{"url": "/images/lockups/square_3.jpg", "type": "object", "ID": 2803, "title": "Title 2803"},
{"url": "/images/lockups/square_4.jpg", "type": "object", "ID": 2804, "title": "Title 2804"},
{"url": "/images/lockups/square_5.jpg", "type": "object", "ID": 2805, "title": "Title 2805"},
{"url": "/images/lockups/square_6.jpg", "type": "object", "ID": 2806, "title": "Title 2806"},
{"url": "/images/lockups/square_7.jpg", "type": "object", "ID": 2807, "title": "Title 2807"},
{"url": "/images/lockups/square_8.jpg", "type": "object", "ID": 2808, "title": "Title 2808"},
{"url": "/images/lockups/square_9.jpg", "type": "object", "ID": 2809, "title": "Title 2809"},
{"url": "/images/lockups/square_10.jpg", "type": "object", "ID": 2810, "title": "Title 2810"},
{"url": "/images/lockups/square_1.jpg", "type": "object", "ID": 2811, "title": "Title 2811"},
{"url": "/images/lockups/square_2.jpg", "type": "object", "ID": 2812, "title": "Title 2812"},
{"url": "/images/lockups/square_3.jpg", "type": "object", "ID": 2813, "title": "Title 2813"},
{"url": "/images/lockups/square_4.jpg", "type": "object", "ID": 2814, "title": "Title 2814"},
{"url": "/images/lockups/square_5.jpg", "type": "object", "ID": 2815, "title": "Title 2815"},
{"url": "/images/lockups/square_6.jpg", "type": "object", "ID": 2816, "title": "Title 2816"},
{"url": "/images/lockups/square_7.jpg", "type": "object", "ID": 2817, "title": "Title 2817"},
{"url": "/images/lockups/square_8.jpg", "type": "object", "ID": 2818, "title": "Title 2818"},
{"url": "/images/lockups/square_9.jpg", "type": "object", "ID": 2819, "title": "Title 2819"},
{"url": "/images/lockups/square_10.jpg", "type": "object", "ID": 2820, "title": "Title 2820"},
{"url": "/images/lockups/square_1.jpg", "type": "object", "ID": 2821, "title": "Title 2821"},
{"url": "/images/lockups/square_2.jpg", "type": "object", "ID": 2822, "title": "Title 2822"},
{"url": "/images/lockups/square_3.jpg", "type": "object", "ID": 2823, "title": "Title 2823"},
{"url": "/images/lockups/square_4.jpg", "type": "object", "ID": 2824, "title": "Title 2824"},
{"url": "/images/lockups/square_5.jpg", "type": "object", "ID": 2825, "title": "Title 2825"},
{"url": "/images/lockups/square_6.jpg", "type": "object", "ID": 2826, "title": "Title 2826"},
{"url": "/images/lockups/square_7.jpg", "type": "object", "ID": 2827, "title": "Title 2827"},
{"url": "/images/lockups/square_8.jpg", "type": "object", "ID": 2828, "title": "Title 2828"},
{"url": "/images/lockups/square_9.jpg", "type": "object", "ID": 2829, "title": "Title 2829"},
{"url": "/images/lockups/square_10.jpg", "type": "object", "ID": 2830, "title": "Title 2830"},
{"url": "/images/lockups/square_1.jpg", "type": "object", "ID": 2831, "title": "Title 2831"},
{"url": "/images/lockups/square_2.jpg", "type": "object", "ID": 2832, "title": "Title 2832"},
{"url": "/images/lockups/square_3.jpg", "type": "object", "ID": 2833, "title": "Title 2833"},
{"url": "/images/lockups/square_4.jpg", "type": "object", "ID": 2834, "title": "Title 2834"},
{"url": "/images/lockups/square_5.jpg", "type": "object", "ID": 2835, "title": "Title 2835"},
{"url": "/images/lockups/square_6.jpg", "type": "object", "ID": 2836, "title": "Title 2836"},
{"url": "/images/lockups/square_7.jpg", "type": "object", "ID": 2837, "title": "Title 2837"},
{"url": "/images/lockups/square_8.jpg", "type": "object", "ID": 2838, "title": "Title 2838"},
{"url": "/images/lockups/square_9.jpg", "type": "object", "ID": 2839, "title": "Title 2839"},
{"url": "/images/lockups/square_10.jpg", "type": "object", "ID": 2840, "title": "Title 2840"},
{"url": "/images/lockups/square_1.jpg", "type": "object", "ID": 2841, "title": "Title 2841"},
{"url": "/images/lockups/square_2.jpg", "type": "object", "ID": 2842, "title": "Title 2842"},
{"url": "/images/lockups/square_3.jpg", "type": "object", "ID": 2843, "title": "Title 2843"},
{"url": "/images/lockups/square_4.jpg", "type": "object", "ID": 2844, "title": "Title 2844"},
{"url": "/images/lockups/square_5.jpg", "type": "object", "ID": 2845, "title": "Title 2845"},
{"url": "/images/lockups/square_6.jpg", "type": "object", "ID": 2846, "title": "Title 2846"},
{"url": "/images/lockups/square_7.jpg", "type": "object", "ID": 2847, "title": "Title 2847"},
{"url": "/images/lockups/square_8.jpg", "type": "object", "ID": 2848, "title": "Title 2848"},
{"url": "/images/lockups/square_9.jpg", "type": "object", "ID": 2849, "title": "Title 2849"},
{"url": "/images/lockups/square_10.jpg", "type": "object", "ID": 2850, "title": "Title 2850"},
{"url": "/images/lockups/square_1.jpg", "type": "object", "ID": 2851, "title": "Title 2851"},
{"url": "/images/lockups/square_2.jpg", "type": "object", "ID": 2852, "title": "Title 2852"},
{"url": "/images/lockups/square_3.jpg", "type": "object", "ID": 2853, "title": "Title 2853"},
{"url": "/images/lockups/square_4.jpg", "type": "object", "ID": 2854, "title": "Title 2854"},
{"url": "/images/lockups/square_5.jpg", "type": "object", "ID": 2855, "title": "Title 2855"},
{"url": "/images/lockups/square_6.jpg", "type": "object", "ID": 2856, "title": "Title 2856"},
{"url": "/images/lockups/square_7.jpg", "type": "object", "ID": 2857, "title": "Title 2857"},
{"url": "/images/lockups/square_8.jpg", "type": "object", "ID": 2858, "title": "Title 2858"},
{"url": "/images/lockups/square_9.jpg", "type": "object", "ID": 2859, "title": "Title 2859"},
{"url": "/images/lockups/square_10.jpg", "type": "object", "ID": 2860, "title": "Title 2860"},
{"url": "/images/lockups/square_1.jpg", "type": "object", "ID": 2861, "title": "Title 2861"},
{"url": "/images/lockups/square_2.jpg", "type": "object", "ID": 2862, "title": "Title 2862"},
{"url": "/images/lockups/square_3.jpg", "type": "object", "ID": 2863, "title": "Title 2863"},
{"url": "/images/lockups/square_4.jpg", "type": "object", "ID": 2864, "title": "Title 2864"},
{"url": "/images/lockups/square_5.jpg", "type": "object", "ID": 2865, "title": "Title 2865"},
{"url": "/images/lockups/square_6.jpg", "type": "object", "ID": 2866, "title": "Title 2866"},
{"url": "/images/lockups/square_7.jpg", "type": "object", "ID": 2867, "title": "Title 2867"},
{"url": "/images/lockups/square_8.jpg", "type": "object", "ID": 2868, "title": "Title 2868"},
{"url": "/images/lockups/square_9.jpg", "type": "object", "ID": 2869, "title": "Title 2869"},
{"url": "/images/lockups/square_10.jpg", "type": "object", "ID": 2870, "title": "Title 2870"},
{"url": "/images/lockups/square_1.jpg", "type": "object", "ID": 2871, "title": "Title 2871"},
{"url": "/images/lockups/square_2.jpg", "type": "object", "ID": 2872, "title": "Title 2872"},
{"url": "/images/lockups/square_3.jpg", "type": "object", "ID": 2873, "title": "Title 2873"},
{"url": "/images/lockups/square_4.jpg", "type": "object", "ID": 2874, "title": "Title 2874"},
{"url": "/images/lockups/square_5.jpg", "type": "object", "ID": 2875, "title": "Title 2875"},
{"url": "/images/lockups/square_6.jpg", "type": "object", "ID": 2876, "title": "Title 2876"},
{"url": "/images/lockups/square_7.jpg", "type": "object", "ID": 2877, "title": "Title 2877"},
{"url": "/images/lockups/square_8.jpg", "type": "object", "ID": 2878, "title": "Title 2878"},
{"url": "/images/lockups/square_9.jpg", "type": "object", "ID": 2879, "title": "Title 2879"},
{"url": "/images/lockups/square_10.jpg", "type": "object", "ID": 2880, "title": "Title 2880"},
{"url": "/images/lockups/square_1.jpg", "type": "object", "ID": 2881, "title": "Title 2881"},
{"url": "/images/lockups/square_2.jpg", "type": "object", "ID": 2882, "title": "Title 2882"},
{"url": "/images/lockups/square_3.jpg", "type": "object", "ID": 2883, "title": "Title 2883"},
{"url": "/images/lockups/square_4.jpg", "type": "object", "ID": 2884, "title": "Title 2884"},
{"url": "/images/lockups/square_5.jpg", "type": "object", "ID": 2885, "title": "Title 2885"},
{"url": "/images/lockups/square_6.jpg", "type": "object", "ID": 2886, "title": "Title 2886"},
{"url": "/images/lockups/square_7.jpg", "type": "object", "ID": 2887, "title": "Title 2887"},
{"url": "/images/lockups/square_8.jpg", "type": "object", "ID": 2888, "title": "Title 2888"},
{"url": "/images/lockups/square_9.jpg", "type": "object", "ID": 2889, "title": "Title 2889"},
{"url": "/images/lockups/square_10.jpg", "type": "object", "ID": 2890, "title": "Title 2890"},
{"url": "/images/lockups/square_1.jpg", "type": "object", "ID": 2891, "title": "Title 2891"},
{"url": "/images/lockups/square_2.jpg", "type": "object", "ID": 2892, "title": "Title 2892"},
{"url": "/images/lockups/square_3.jpg", "type": "object", "ID": 2893, "title": "Title 2893"},
{"url": "/images/lockups/square_4.jpg", "type": "object", "ID": 2894, "title": "Title 2894"},
{"url": "/images/lockups/square_5.jpg", "type": "object", "ID": 2895, "title": "Title 2895"},
{"url": "/images/lockups/square_6.jpg", "type": "object", "ID": 2896, "title": "Title 2896"},
{"url": "/images/lockups/square_7.jpg", "type": "object", "ID": 2897, "title": "Title 2897"},
{"url": "/images/lockups/square_8.jpg", "type": "object", "ID": 2898, "title": "Title 2898"},
{"url": "/images/lockups/square_9.jpg", "type": "object", "ID": 2899, "title": "Title 2899"},
{"url": "/images/lockups/square_10.jpg", "type": "object", "ID": 2900, "title": "Title 2900"},
{"url": "/images/lockups/square_1.jpg", "type": "object", "ID": 2901, "title": "Title 2901"},
{"url": "/images/lockups/square_2.jpg", "type": "object", "ID": 2902, "title": "Title 2902"},
{"url": "/images/lockups/square_3.jpg", "type": "object", "ID": 2903, "title": "Title 2903"},
{"url": "/images/lockups/square_4.jpg", "type": "object", "ID": 2904, "title": "Title 2904"},
{"url": "/images/lockups/square_5.jpg", "type": "object", "ID": 2905, "title": "Title 2905"},
{"url": "/images/lockups/square_6.jpg", "type": "object", "ID": 2906, "title": "Title 2906"},
{"url": "/images/lockups/square_7.jpg", "type": "object", "ID": 2907, "title": "Title 2907"},
{"url": "/images/lockups/square_8.jpg", "type": "object", "ID": 2908, "title": "Title 2908"},
{"url": "/images/lockups/square_9.jpg", "type": "object", "ID": 2909, "title": "Title 2909"},
{"url": "/images/lockups/square_10.jpg", "type": "object", "ID": 2910, "title": "Title 2910"},
{"url": "/images/lockups/square_1.jpg", "type": "object", "ID": 2911, "title": "Title 2911"},
{"url": "/images/lockups/square_2.jpg", "type": "object", "ID": 2912, "title": "Title 2912"},
{"url": "/images/lockups/square_3.jpg", "type": "object", "ID": 2913, "title": "Title 2913"},
{"url": "/images/lockups/square_4.jpg", "type": "object", "ID": 2914, "title": "Title 2914"},
{"url": "/images/lockups/square_5.jpg", "type": "object", "ID": 2915, "title": "Title 2915"},
{"url": "/images/lockups/square_6.jpg", "type": "object", "ID": 2916, "title": "Title 2916"},
{"url": "/images/lockups/square_7.jpg", "type": "object", "ID": 2917, "title": "Title 2917"},
{"url": "/images/lockups/square_8.jpg", "type": "object", "ID": 2918, "title": "Title 2918"},
{"url": "/images/lockups/square_9.jpg", "type": "object", "ID": 2919, "title": "Title 2919"},
{"url": "/images/lockups/square_10.jpg", "type": "object", "ID": 2920, "title": "Title 2920"},
{"url": "/images/lockups/square_1.jpg", "type": "object", "ID": 2921, "title": "Title 2921"},
{"url": "/images/lockups/square_2.jpg", "type": "object", "ID": 2922, "title": "Title 2922"},
{"url": "/images/lockups/square_3.jpg", "type": "object", "ID": 2923, "title": "Title 2923"},
{"url": "/images/lockups/square_4.jpg", "type": "object", "ID": 2924, "title": "Title 2924"},
{"url": "/images/lockups/square_5.jpg", "type": "object", "ID": 2925, "title": "Title 2925"},
{"url": "/images/lockups/square_6.jpg", "type": "object", "ID": 2926, "title": "Title 2926"},
{"url": "/images/lockups/square_7.jpg", "type": "object", "ID": 2927, "title": "Title 2927"},
{"url": "/images/lockups/square_8.jpg", "type": "object", "ID": 2928, "title": "Title 2928"},
{"url": "/images/lockups/square_9.jpg", "type": "object", "ID": 2929, "title": "Title 2929"},
{"url": "/images/lockups/square_10.jpg", "type": "object", "ID": 2930, "title": "Title 2930"},
{"url": "/images/lockups/square_1.jpg", "type": "object", "ID": 2931, "title": "Title 2931"},
{"url": "/images/lockups/square_2.jpg", "type": "object", "ID": 2932, "title": "Title 2932"},
{"url": "/images/lockups/square_3.jpg", "type": "object", "ID": 2933, "title": "Title 2933"},
{"url": "/images/lockups/square_4.jpg", "type": "object", "ID": 2934, "title": "Title 2934"},
{"url": "/images/lockups/square_5.jpg", "type": "object", "ID": 2935, "title": "Title 2935"},
{"url": "/images/lockups/square_6.jpg", "type": "object", "ID": 2936, "title": "Title 2936"},
{"url": "/images/lockups/square_7.jpg", "type": "object", "ID": 2937, "title": "Title 2937"},
{"url": "/images/lockups/square_8.jpg", "type": "object", "ID": 2938, "title": "Title 2938"},
{"url": "/images/lockups/square_9.jpg", "type": "object", "ID": 2939, "title": "Title 2939"},
{"url": "/images/lockups/square_10.jpg", "type": "object", "ID": 2940, "title": "Title 2940"},
{"url": "/images/lockups/square_1.jpg", "type": "object", "ID": 2941, "title": "Title 2941"},
{"url": "/images/lockups/square_2.jpg", "type": "object", "ID": 2942, "title": "Title 2942"},
{"url": "/images/lockups/square_3.jpg", "type": "object", "ID": 2943, "title": "Title 2943"},
{"url": "/images/lockups/square_4.jpg", "type": "object", "ID": 2944, "title": "Title 2944"},
{"url": "/images/lockups/square_5.jpg", "type": "object", "ID": 2945, "title": "Title 2945"},
{"url": "/images/lockups/square_6.jpg", "type": "object", "ID": 2946, "title": "Title 2946"},
{"url": "/images/lockups/square_7.jpg", "type": "object", "ID": 2947, "title": "Title 2947"},
{"url": "/images/lockups/square_8.jpg", "type": "object", "ID": 2948, "title": "Title 2948"},
{"url": "/images/lockups/square_9.jpg", "type": "object", "ID": 2949, "title": "Title 2949"},
{"url": "/images/lockups/square_10.jpg", "type": "object", "ID": 2950, "title": "Title 2950"},
{"url": "/images/lockups/square_1.jpg", "type": "object", "ID": 2951, "title": "Title 2951"},
{"url": "/images/lockups/square_2.jpg", "type": "object", "ID": 2952, "title": "Title 2952"},
{"url": "/images/lockups/square_3.jpg", "type": "object", "ID": 2953, "title": "Title 2953"},
{"url": "/images/lockups/square_4.jpg", "type": "object", "ID": 2954, "title": "Title 2954"},
{"url": "/images/lockups/square_5.jpg", "type": "object", "ID": 2955, "title": "Title 2955"},
{"url": "/images/lockups/square_6.jpg", "type": "object", "ID": 2956, "title": "Title 2956"},
{"url": "/images/lockups/square_7.jpg", "type": "object", "ID": 2957, "title": "Title 2957"},
{"url": "/images/lockups/square_8.jpg", "type": "object", "ID": 2958, "title": "Title 2958"},
{"url": "/images/lockups/square_9.jpg", "type": "object", "ID": 2959, "title": "Title 2959"},
{"url": "/images/lockups/square_10.jpg", "type": "object", "ID": 2960, "title": "Title 2960"},
{"url": "/images/lockups/square_1.jpg", "type": "object", "ID": 2961, "title": "Title 2961"},
{"url": "/images/lockups/square_2.jpg", "type": "object", "ID": 2962, "title": "Title 2962"},
{"url": "/images/lockups/square_3.jpg", "type": "object", "ID": 2963, "title": "Title 2963"},
{"url": "/images/lockups/square_4.jpg", "type": "object", "ID": 2964, "title": "Title 2964"},
{"url": "/images/lockups/square_5.jpg", "type": "object", "ID": 2965, "title": "Title 2965"},
{"url": "/images/lockups/square_6.jpg", "type": "object", "ID": 2966, "title": "Title 2966"},
{"url": "/images/lockups/square_7.jpg", "type": "object", "ID": 2967, "title": "Title 2967"},
{"url": "/images/lockups/square_8.jpg", "type": "object", "ID": 2968, "title": "Title 2968"},
{"url": "/images/lockups/square_9.jpg", "type": "object", "ID": 2969, "title": "Title 2969"},
{"url": "/images/lockups/square_10.jpg", "type": "object", "ID": 2970, "title": "Title 2970"},
{"url": "/images/lockups/square_1.jpg", "type": "object", "ID": 2971, "title": "Title 2971"},
{"url": "/images/lockups/square_2.jpg", "type": "object", "ID": 2972, "title": "Title 2972"},
{"url": "/images/lockups/square_3.jpg", "type": "object", "ID": 2973, "title": "Title 2973"},
{"url": "/images/lockups/square_4.jpg", "type": "object", "ID": 2974, "title": "Title 2974"},
{"url": "/images/lockups/square_5.jpg", "type": "object", "ID": 2975, "title": "Title 2975"},
{"url": "/images/lockups/square_6.jpg", "type": "object", "ID": 2976, "title": "Title 2976"},
{"url": "/images/lockups/square_7.jpg", "type": "object", "ID": 2977, "title": "Title 2977"},
{"url": "/images/lockups/square_8.jpg", "type": "object", "ID": 2978, "title": "Title 2978"},
{"url": "/images/lockups/square_9.jpg", "type": "object", "ID": 2979, "title": "Title 2979"},
{"url": "/images/lockups/square_10.jpg", "type": "object", "ID": 2980, "title": "Title 2980"},
{"url": "/images/lockups/square_1.jpg", "type": "object", "ID": 2981, "title": "Title 2981"},
{"url": "/images/lockups/square_2.jpg", "type": "object", "ID": 2982, "title": "Title 2982"},
{"url": "/images/lockups/square_3.jpg", "type": "object", "ID": 2983, "title": "Title 2983"},
{"url": "/images/lockups/square_4.jpg", "type": "object", "ID": 2984, "title": "Title 2984"},
{"url": "/images/lockups/square_5.jpg", "type": "object", "ID": 2985, "title": "Title 2985"},
{"url": "/images/lockups/square_6.jpg", "type": "object", "ID": 2986, "title": "Title 2986"},
{"url": "/images/lockups/square_7.jpg", "type": "object", "ID": 2987, "title": "Title 2987"},
{"url": "/images/lockups/square_8.jpg", "type": "object", "ID": 2988, "title": "Title 2988"},
{"url": "/images/lockups/square_9.jpg", "type": "object", "ID": 2989, "title": "Title 2989"},
{"url": "/images/lockups/square_10.jpg", "type": "object", "ID": 2990, "title": "Title 2990"},
{"url": "/images/lockups/square_1.jpg", "type": "object", "ID": 2991, "title": "Title 2991"},
{"url": "/images/lockups/square_2.jpg", "type": "object", "ID": 2992, "title": "Title 2992"},
{"url": "/images/lockups/square_3.jpg", "type": "object", "ID": 2993, "title": "Title 2993"},
{"url": "/images/lockups/square_4.jpg", "type": "object", "ID": 2994, "title": "Title 2994"},
{"url": "/images/lockups/square_5.jpg", "type": "object", "ID": 2995, "title": "Title 2995"},
{"url": "/images/lockups/square_6.jpg", "type": "object", "ID": 2996, "title": "Title 2996"},
{"url": "/images/lockups/square_7.jpg", "type": "object", "ID": 2997, "title": "Title 2997"},
{"url": "/images/lockups/square_8.jpg", "type": "object", "ID": 2998, "title": "Title 2998"},
{"url": "/images/lockups/square_9.jpg", "type": "object", "ID": 2999, "title": "Title 2999"},
{"url": "/images/lockups/square_10.jpg", "type": "object", "ID": 3000, "title": "Title 3000"}]}
