{ "items": [
{"url": "/images/lockups/square_1.jpg", "type": "object", "ID": 2001, "title": "Title 2001"},
{"url": "/images/lockups/square_2.jpg", "type": "object", "ID": 2002, "title": "Title 2002"},
{"url": "/images/lockups/square_3.jpg", "type": "object", "ID": 2003, "title": "Title 2003"},
{"url": "/images/lockups/square_4.jpg", "type": "object", "ID": 2004, "title": "Title 2004"},
{"url": "/images/lockups/square_5.jpg", "type": "object", "ID": 2005, "title": "Title 2005"},
{"url": "/images/lockups/square_6.jpg", "type": "object", "ID": 2006, "title": "Title 2006"},
{"url": "/images/lockups/square_7.jpg", "type": "object", "ID": 2007, "title": "Title 2007"},
{"url": "/images/lockups/square_8.jpg", "type": "object", "ID": 2008, "title": "Title 2008"},
{"url": "/images/lockups/square_9.jpg", "type": "object", "ID": 2009, "title": "Title 2009"},
{"url": "/images/lockups/square_10.jpg", "type": "object", "ID": 2010, "title": "Title 2010"},
{"url": "/images/lockups/square_1.jpg", "type": "object", "ID": 2011, "title": "Title 2011"},
{"url": "/images/lockups/square_2.jpg", "type": "object", "ID": 2012, "title": "Title 2012"},
{"url": "/images/lockups/square_3.jpg", "type": "object", "ID": 2013, "title": "Title 2013"},
{"url": "/images/lockups/square_4.jpg", "type": "object", "ID": 2014, "title": "Title 2014"},
{"url": "/images/lockups/square_5.jpg", "type": "object", "ID": 2015, "title": "Title 2015"},
{"url": "/images/lockups/square_6.jpg", "type": "object", "ID": 2016, "title": "Title 2016"},
{"url": "/images/lockups/square_7.jpg", "type": "object", "ID": 2017, "title": "Title 2017"},
{"url": "/images/lockups/square_8.jpg", "type": "object", "ID": 2018, "title": "Title 2018"},
{"url": "/images/lockups/square_9.jpg", "type": "object", "ID": 2019, "title": "Title 2019"},
{"url": "/images/lockups/square_10.jpg", "type": "object", "ID": 2020, "title": "Title 2020"},
{"url": "/images/lockups/square_1.jpg", "type": "object", "ID": 2021, "title": "Title 2021"},
{"url": "/images/lockups/square_2.jpg", "type": "object", "ID": 2022, "title": "Title 2022"},
{"url": "/images/lockups/square_3.jpg", "type": "object", "ID": 2023, "title": "Title 2023"},
{"url": "/images/lockups/square_4.jpg", "type": "object", "ID": 2024, "title": "Title 2024"},
{"url": "/images/lockups/square_5.jpg", "type": "object", "ID": 2025, "title": "Title 2025"},
{"url": "/images/lockups/square_6.jpg", "type": "object", "ID": 2026, "title": "Title 2026"},
{"url": "/images/lockups/square_7.jpg", "type": "object", "ID": 2027, "title": "Title 2027"},
{"url": "/images/lockups/square_8.jpg", "type": "object", "ID": 2028, "title": "Title 2028"},
{"url": "/images/lockups/square_9.jpg", "type": "object", "ID": 2029, "title": "Title 2029"},
{"url": "/images/lockups/square_10.jpg", "type": "object", "ID": 2030, "title": "Title 2030"},
{"url": "/images/lockups/square_1.jpg", "type": "object", "ID": 2031, "title": "Title 2031"},
{"url": "/images/lockups/square_2.jpg", "type": "object", "ID": 2032, "title": "Title 2032"},
{"url": "/images/lockups/square_3.jpg", "type": "object", "ID": 2033, "title": "Title 2033"},
{"url": "/images/lockups/square_4.jpg", "type": "object", "ID": 2034, "title": "Title 2034"},
{"url": "/images/lockups/square_5.jpg", "type": "object", "ID": 2035, "title": "Title 2035"},
{"url": "/images/lockups/square_6.jpg", "type": "object", "ID": 2036, "title": "Title 2036"},
{"url": "/images/lockups/square_7.jpg", "type": "object", "ID": 2037, "title": "Title 2037"},
{"url": "/images/lockups/square_8.jpg", "type": "object", "ID": 2038, "title": "Title 2038"},
{"url": "/images/lockups/square_9.jpg", "type": "object", "ID": 2039, "title": "Title 2039"},
{"url": "/images/lockups/square_10.jpg", "type": "object", "ID": 2040, "title": "Title 2040"},
{"url": "/images/lockups/square_1.jpg", "type": "object", "ID": 2041, "title": "Title 2041"},
{"url": "/images/lockups/square_2.jpg", "type": "object", "ID": 2042, "title": "Title 2042"},
{"url": "/images/lockups/square_3.jpg", "type": "object", "ID": 2043, "title": "Title 2043"},
{"url": "/images/lockups/square_4.jpg", "type": "object", "ID": 2044, "title": "Title 2044"},
{"url": "/images/lockups/square_5.jpg", "type": "object", "ID": 2045, "title": "Title 2045"},
{"url": "/images/lockups/square_6.jpg", "type": "object", "ID": 2046, "title": "Title 2046"},
{"url": "/images/lockups/square_7.jpg", "type": "object", "ID": 2047, "title": "Title 2047"},
{"url": "/images/lockups/square_8.jpg", "type": "object", "ID": 2048, "title": "Title 2048"},
{"url": "/images/lockups/square_9.jpg", "type": "object", "ID": 2049, "title": "Title 2049"},
{"url": "/images/lockups/square_10.jpg", "type": "object", "ID": 2050, "title": "Title 2050"},
{"url": "/images/lockups/square_1.jpg", "type": "object", "ID": 2051, "title": "Title 2051"},
{"url": "/images/lockups/square_2.jpg", "type": "object", "ID": 2052, "title": "Title 2052"},
{"url": "/images/lockups/square_3.jpg", "type": "object", "ID": 2053, "title": "Title 2053"},
{"url": "/images/lockups/square_4.jpg", "type": "object", "ID": 2054, "title": "Title 2054"},
{"url": "/images/lockups/square_5.jpg", "type": "object", "ID": 2055, "title": "Title 2055"},
{"url": "/images/lockups/square_6.jpg", "type": "object", "ID": 2056, "title": "Title 2056"},
{"url": "/images/lockups/square_7.jpg", "type": "object", "ID": 2057, "title": "Title 2057"},
{"url": "/images/lockups/square_8.jpg", "type": "object", "ID": 2058, "title": "Title 2058"},
{"url": "/images/lockups/square_9.jpg", "type": "object", "ID": 2059, "title": "Title 2059"},
{"url": "/images/lockups/square_10.jpg", "type": "object", "ID": 2060, "title": "Title 2060"},
{"url": "/images/lockups/square_1.jpg", "type": "object", "ID": 2061, "title": "Title 2061"},
{"url": "/images/lockups/square_2.jpg", "type": "object", "ID": 2062, "title": "Title 2062"},
{"url": "/images/lockups/square_3.jpg", "type": "object", "ID": 2063, "title": "Title 2063"},
{"url": "/images/lockups/square_4.jpg", "type": "object", "ID": 2064, "title": "Title 2064"},
{"url": "/images/lockups/square_5.jpg", "type": "object", "ID": 2065, "title": "Title 2065"},
{"url": "/images/lockups/square_6.jpg", "type": "object", "ID": 2066, "title": "Title 2066"},
{"url": "/images/lockups/square_7.jpg", "type": "object", "ID": 2067, "title": "Title 2067"},
{"url": "/images/lockups/square_8.jpg", "type": "object", "ID": 2068, "title": "Title 2068"},
{"url": "/images/lockups/square_9.jpg", "type": "object", "ID": 2069, "title": "Title 2069"},
{"url": "/images/lockups/square_10.jpg", "type": "object", "ID": 2070, "title": "Title 2070"},
{"url": "/images/lockups/square_1.jpg", "type": "object", "ID": 2071, "title": "Title 2071"},
{"url": "/images/lockups/square_2.jpg", "type": "object", "ID": 2072, "title": "Title 2072"},
{"url": "/images/lockups/square_3.jpg", "type": "object", "ID": 2073, "title": "Title 2073"},
{"url": "/images/lockups/square_4.jpg", "type": "object", "ID": 2074, "title": "Title 2074"},
{"url": "/images/lockups/square_5.jpg", "type": "object", "ID": 2075, "title": "Title 2075"},
{"url": "/images/lockups/square_6.jpg", "type": "object", "ID": 2076, "title": "Title 2076"},
{"url": "/images/lockups/square_7.jpg", "type": "object", "ID": 2077, "title": "Title 2077"},
{"url": "/images/lockups/square_8.jpg", "type": "object", "ID": 2078, "title": "Title 2078"},
{"url": "/images/lockups/square_9.jpg", "type": "object", "ID": 2079, "title": "Title 2079"},
{"url": "/images/lockups/square_10.jpg", "type": "object", "ID": 2080, "title": "Title 2080"},
{"url": "/images/lockups/square_1.jpg", "type": "object", "ID": 2081, "title": "Title 2081"},
{"url": "/images/lockups/square_2.jpg", "type": "object", "ID": 2082, "title": "Title 2082"},
{"url": "/images/lockups/square_3.jpg", "type": "object", "ID": 2083, "title": "Title 2083"},
{"url": "/images/lockups/square_4.jpg", "type": "object", "ID": 2084, "title": "Title 2084"},
{"url": "/images/lockups/square_5.jpg", "type": "object", "ID": 2085, "title": "Title 2085"},
{"url": "/images/lockups/square_6.jpg", "type": "object", "ID": 2086, "title": "Title 2086"},
{"url": "/images/lockups/square_7.jpg", "type": "object", "ID": 2087, "title": "Title 2087"},
{"url": "/images/lockups/square_8.jpg", "type": "object", "ID": 2088, "title": "Title 2088"},
{"url": "/images/lockups/square_9.jpg", "type": "object", "ID": 2089, "title": "Title 2089"},
{"url": "/images/lockups/square_10.jpg", "type": "object", "ID": 2090, "title": "Title 2090"},
{"url": "/images/lockups/square_1.jpg", "type": "object", "ID": 2091, "title": "Title 2091"},
{"url": "/images/lockups/square_2.jpg", "type": "object", "ID": 2092, "title": "Title 2092"},
{"url": "/images/lockups/square_3.jpg", "type": "object", "ID": 2093, "title": "Title 2093"},
{"url": "/images/lockups/square_4.jpg", "type": "object", "ID": 2094, "title": "Title 2094"},
{"url": "/images/lockups/square_5.jpg", "type": "object", "ID": 2095, "title": "Title 2095"},
{"url": "/images/lockups/square_6.jpg", "type": "object", "ID": 2096, "title": "Title 2096"},
{"url": "/images/lockups/square_7.jpg", "type": "object", "ID": 2097, "title": "Title 2097"},
{"url": "/images/lockups/square_8.jpg", "type": "object", "ID": 2098, "title": "Title 2098"},
{"url": "/images/lockups/square_9.jpg", "type": "object", "ID": 2099, "title": "Title 2099"},
{"url": "/images/lockups/square_10.jpg", "type": "object", "ID": 2100, "title": "Title 2100"},
{"url": "/images/lockups/square_1.jpg", "type": "object", "ID": 2101, "title": "Title 2101"},
{"url": "/images/lockups/square_2.jpg", "type": "object", "ID": 2102, "title": "Title 2102"},
{"url": "/images/lockups/square_3.jpg", "type": "object", "ID": 2103, "title": "Title 2103"},
{"url": "/images/lockups/square_4.jpg", "type": "object", "ID": 2104, "title": "Title 2104"},
{"url": "/images/lockups/square_5.jpg", "type": "object", "ID": 2105, "title": "Title 2105"},
{"url": "/images/lockups/square_6.jpg", "type": "object", "ID": 2106, "title": "Title 2106"},
{"url": "/images/lockups/square_7.jpg", "type": "object", "ID": 2107, "title": "Title 2107"},
{"url": "/images/lockups/square_8.jpg", "type": "object", "ID": 2108, "title": "Title 2108"},
{"url": "/images/lockups/square_9.jpg", "type": "object", "ID": 2109, "title": "Title 2109"},
{"url": "/images/lockups/square_10.jpg", "type": "object", "ID": 2110, "title": "Title 2110"},
{"url": "/images/lockups/square_1.jpg", "type": "object", "ID": 2111, "title": "Title 2111"},
{"url": "/images/lockups/square_2.jpg", "type": "object", "ID": 2112, "title": "Title 2112"},
{"url": "/images/lockups/square_3.jpg", "type": "object", "ID": 2113, "title": "Title 2113"},
{"url": "/images/lockups/square_4.jpg", "type": "object", "ID": 2114, "title": "Title 2114"},
{"url": "/images/lockups/square_5.jpg", "type": "object", "ID": 2115, "title": "Title 2115"},
{"url": "/images/lockups/square_6.jpg", "type": "object", "ID": 2116, "title": "Title 2116"},
{"url": "/images/lockups/square_7.jpg", "type": "object", "ID": 2117, "title": "Title 2117"},
{"url": "/images/lockups/square_8.jpg", "type": "object", "ID": 2118, "title": "Title 2118"},
{"url": "/images/lockups/square_9.jpg", "type": "object", "ID": 2119, "title": "Title 2119"},
{"url": "/images/lockups/square_10.jpg", "type": "object", "ID": 2120, "title": "Title 2120"},
{"url": "/images/lockups/square_1.jpg", "type": "object", "ID": 2121, "title": "Title 2121"},
{"url": "/images/lockups/square_2.jpg", "type": "object", "ID": 2122, "title": "Title 2122"},
{"url": "/images/lockups/square_3.jpg", "type": "object", "ID": 2123, "title": "Title 2123"},
{"url": "/images/lockups/square_4.jpg", "type": "object", "ID": 2124, "title": "Title 2124"},
{"url": "/images/lockups/square_5.jpg", "type": "object", "ID": 2125, "title": "Title 2125"},
{"url": "/images/lockups/square_6.jpg", "type": "object", "ID": 2126, "title": "Title 2126"},
{"url": "/images/lockups/square_7.jpg", "type": "object", "ID": 2127, "title": "Title 2127"},
{"url": "/images/lockups/square_8.jpg", "type": "object", "ID": 2128, "title": "Title 2128"},
{"url": "/images/lockups/square_9.jpg", "type": "object", "ID": 2129, "title": "Title 2129"},
{"url": "/images/lockups/square_10.jpg", "type": "object", "ID": 2130, "title": "Title 2130"},
{"url": "/images/lockups/square_1.jpg", "type": "object", "ID": 2131, "title": "Title 2131"},
{"url": "/images/lockups/square_2.jpg", "type": "object", "ID": 2132, "title": "Title 2132"},
{"url": "/images/lockups/square_3.jpg", "type": "object", "ID": 2133, "title": "Title 2133"},
{"url": "/images/lockups/square_4.jpg", "type": "object", "ID": 2134, "title": "Title 2134"},
{"url": "/images/lockups/square_5.jpg", "type": "object", "ID": 2135, "title": "Title 2135"},
{"url": "/images/lockups/square_6.jpg", "type": "object", "ID": 2136, "title": "Title 2136"},
{"url": "/images/lockups/square_7.jpg", "type": "object", "ID": 2137, "title": "Title 2137"},
{"url": "/images/lockups/square_8.jpg", "type": "object", "ID": 2138, "title": "Title 2138"},
{"url": "/images/lockups/square_9.jpg", "type": "object", "ID": 2139, "title": "Title 2139"},
{"url": "/images/lockups/square_10.jpg", "type": "object", "ID": 2140, "title": "Title 2140"},
{"url": "/images/lockups/square_1.jpg", "type": "object", "ID": 2141, "title": "Title 2141"},
{"url": "/images/lockups/square_2.jpg", "type": "object", "ID": 2142, "title": "Title 2142"},
{"url": "/images/lockups/square_3.jpg", "type": "object", "ID": 2143, "title": "Title 2143"},
{"url": "/images/lockups/square_4.jpg", "type": "object", "ID": 2144, "title": "Title 2144"},
{"url": "/images/lockups/square_5.jpg", "type": "object", "ID": 2145, "title": "Title 2145"},
{"url": "/images/lockups/square_6.jpg", "type": "object", "ID": 2146, "title": "Title 2146"},
{"url": "/images/lockups/square_7.jpg", "type": "object", "ID": 2147, "title": "Title 2147"},
{"url": "/images/lockups/square_8.jpg", "type": "object", "ID": 2148, "title": "Title 2148"},
{"url": "/images/lockups/square_9.jpg", "type": "object", "ID": 2149, "title": "Title 2149"},
{"url": "/images/lockups/square_10.jpg", "type": "object", "ID": 2150, "title": "Title 2150"},
{"url": "/images/lockups/square_1.jpg", "type": "object", "ID": 2151, "title": "Title 2151"},
{"url": "/images/lockups/square_2.jpg", "type": "object", "ID": 2152, "title": "Title 2152"},
{"url": "/images/lockups/square_3.jpg", "type": "object", "ID": 2153, "title": "Title 2153"},
{"url": "/images/lockups/square_4.jpg", "type": "object", "ID": 2154, "title": "Title 2154"},
{"url": "/images/lockups/square_5.jpg", "type": "object", "ID": 2155, "title": "Title 2155"},
{"url": "/images/lockups/square_6.jpg", "type": "object", "ID": 2156, "title": "Title 2156"},
{"url": "/images/lockups/square_7.jpg", "type": "object", "ID": 2157, "title": "Title 2157"},
{"url": "/images/lockups/square_8.jpg", "type": "object", "ID": 2158, "title": "Title 2158"},
{"url": "/images/lockups/square_9.jpg", "type": "object", "ID": 2159, "title": "Title 2159"},
{"url": "/images/lockups/square_10.jpg", "type": "object", "ID": 2160, "title": "Title 2160"},
{"url": "/images/lockups/square_1.jpg", "type": "object", "ID": 2161, "title": "Title 2161"},
{"url": "/images/lockups/square_2.jpg", "type": "object", "ID": 2162, "title": "Title 2162"},
{"url": "/images/lockups/square_3.jpg", "type": "object", "ID": 2163, "title": "Title 2163"},
{"url": "/images/lockups/square_4.jpg", "type": "object", "ID": 2164, "title": "Title 2164"},
{"url": "/images/lockups/square_5.jpg", "type": "object", "ID": 2165, "title": "Title 2165"},
{"url": "/images/lockups/square_6.jpg", "type": "object", "ID": 2166, "title": "Title 2166"},
{"url": "/images/lockups/square_7.jpg", "type": "object", "ID": 2167, "title": "Title 2167"},
{"url": "/images/lockups/square_8.jpg", "type": "object", "ID": 2168, "title": "Title 2168"},
{"url": "/images/lockups/square_9.jpg", "type": "object", "ID": 2169, "title": "Title 2169"},
{"url": "/images/lockups/square_10.jpg", "type": "object", "ID": 2170, "title": "Title 2170"},
{"url": "/images/lockups/square_1.jpg", "type": "object", "ID": 2171, "title": "Title 2171"},
{"url": "/images/lockups/square_2.jpg", "type": "object", "ID": 2172, "title": "Title 2172"},
{"url": "/images/lockups/square_3.jpg", "type": "object", "ID": 2173, "title": "Title 2173"},
{"url": "/images/lockups/square_4.jpg", "type": "object", "ID": 2174, "title": "Title 2174"},
{"url": "/images/lockups/square_5.jpg", "type": "object", "ID": 2175, "title": "Title 2175"},
{"url": "/images/lockups/square_6.jpg", "type": "object", "ID": 2176, "title": "Title 2176"},
{"url": "/images/lockups/square_7.jpg", "type": "object", "ID": 2177, "title": "Title 2177"},
{"url": "/images/lockups/square_8.jpg", "type": "object", "ID": 2178, "title": "Title 2178"},
{"url": "/images/lockups/square_9.jpg", "type": "object", "ID": 2179, "title": "Title 2179"},
{"url": "/images/lockups/square_10.jpg", "type": "object", "ID": 2180, "title": "Title 2180"},
{"url": "/images/lockups/square_1.jpg", "type": "object", "ID": 2181, "title": "Title 2181"},
{"url": "/images/lockups/square_2.jpg", "type": "object", "ID": 2182, "title": "Title 2182"},
{"url": "/images/lockups/square_3.jpg", "type": "object", "ID": 2183, "title": "Title 2183"},
{"url": "/images/lockups/square_4.jpg", "type": "object", "ID": 2184, "title": "Title 2184"},
{"url": "/images/lockups/square_5.jpg", "type": "object", "ID": 2185, "title": "Title 2185"},
{"url": "/images/lockups/square_6.jpg", "type": "object", "ID": 2186, "title": "Title 2186"},
{"url": "/images/lockups/square_7.jpg", "type": "object", "ID": 2187, "title": "Title 2187"},
{"url": "/images/lockups/square_8.jpg", "type": "object", "ID": 2188, "title": "Title 2188"},
{"url": "/images/lockups/square_9.jpg", "type": "object", "ID": 2189, "title": "Title 2189"},
{"url": "/images/lockups/square_10.jpg", "type": "object", "ID": 2190, "title": "Title 2190"},
{"url": "/images/lockups/square_1.jpg", "type": "object", "ID": 2191, "title": "Title 2191"},
{"url": "/images/lockups/square_2.jpg", "type": "object", "ID": 2192, "title": "Title 2192"},
{"url": "/images/lockups/square_3.jpg", "type": "object", "ID": 2193, "title": "Title 2193"},
{"url": "/images/lockups/square_4.jpg", "type": "object", "ID": 2194, "title": "Title 2194"},
{"url": "/images/lockups/square_5.jpg", "type": "object", "ID": 2195, "title": "Title 2195"},
{"url": "/images/lockups/square_6.jpg", "type": "object", "ID": 2196, "title": "Title 2196"},
{"url": "/images/lockups/square_7.jpg", "type": "object", "ID": 2197, "title": "Title 2197"},
{"url": "/images/lockups/square_8.jpg", "type": "object", "ID": 2198, "title": "Title 2198"},
{"url": "/images/lockups/square_9.jpg", "type": "object", "ID": 2199, "title": "Title 2199"},
{"url": "/images/lockups/square_10.jpg", "type": "object", "ID": 2200, "title": "Title 2200"},
{"url": "/images/lockups/square_1.jpg", "type": "object", "ID": 2201, "title": "Title 2201"},
{"url": "/images/lockups/square_2.jpg", "type": "object", "ID": 2202, "title": "Title 2202"},
{"url": "/images/lockups/square_3.jpg", "type": "object", "ID": 2203, "title": "Title 2203"},
{"url": "/images/lockups/square_4.jpg", "type": "object", "ID": 2204, "title": "Title 2204"},
{"url": "/images/lockups/square_5.jpg", "type": "object", "ID": 2205, "title": "Title 2205"},
{"url": "/images/lockups/square_6.jpg", "type": "object", "ID": 2206, "title": "Title 2206"},
{"url": "/images/lockups/square_7.jpg", "type": "object", "ID": 2207, "title": "Title 2207"},
{"url": "/images/lockups/square_8.jpg", "type": "object", "ID": 2208, "title": "Title 2208"},
{"url": "/images/lockups/square_9.jpg", "type": "object", "ID": 2209, "title": "Title 2209"},
{"url": "/images/lockups/square_10.jpg", "type": "object", "ID": 2210, "title": "Title 2210"},
{"url": "/images/lockups/square_1.jpg", "type": "object", "ID": 2211, "title": "Title 2211"},
{"url": "/images/lockups/square_2.jpg", "type": "object", "ID": 2212, "title": "Title 2212"},
{"url": "/images/lockups/square_3.jpg", "type": "object", "ID": 2213, "title": "Title 2213"},
{"url": "/images/lockups/square_4.jpg", "type": "object", "ID": 2214, "title": "Title 2214"},
{"url": "/images/lockups/square_5.jpg", "type": "object", "ID": 2215, "title": "Title 2215"},
{"url": "/images/lockups/square_6.jpg", "type": "object", "ID": 2216, "title": "Title 2216"},
{"url": "/images/lockups/square_7.jpg", "type": "object", "ID": 2217, "title": "Title 2217"},
{"url": "/images/lockups/square_8.jpg", "type": "object", "ID": 2218, "title": "Title 2218"},
{"url": "/images/lockups/square_9.jpg", "type": "object", "ID": 2219, "title": "Title 2219"},
{"url": "/images/lockups/square_10.jpg", "type": "object", "ID": 2220, "title": "Title 2220"},
{"url": "/images/lockups/square_1.jpg", "type": "object", "ID": 2221, "title": "Title 2221"},
{"url": "/images/lockups/square_2.jpg", "type": "object", "ID": 2222, "title": "Title 2222"},
{"url": "/images/lockups/square_3.jpg", "type": "object", "ID": 2223, "title": "Title 2223"},
{"url": "/images/lockups/square_4.jpg", "type": "object", "ID": 2224, "title": "Title 2224"},
{"url": "/images/lockups/square_5.jpg", "type": "object", "ID": 2225, "title": "Title 2225"},
{"url": "/images/lockups/square_6.jpg", "type": "object", "ID": 2226, "title": "Title 2226"},
{"url": "/images/lockups/square_7.jpg", "type": "object", "ID": 2227, "title": "Title 2227"},
{"url": "/images/lockups/square_8.jpg", "type": "object", "ID": 2228, "title": "Title 2228"},
{"url": "/images/lockups/square_9.jpg", "type": "object", "ID": 2229, "title": "Title 2229"},
{"url": "/images/lockups/square_10.jpg", "type": "object", "ID": 2230, "title": "Title 2230"},
{"url": "/images/lockups/square_1.jpg", "type": "object", "ID": 2231, "title": "Title 2231"},
{"url": "/images/lockups/square_2.jpg", "type": "object", "ID": 2232, "title": "Title 2232"},
{"url": "/images/lockups/square_3.jpg", "type": "object", "ID": 2233, "title": "Title 2233"},
{"url": "/images/lockups/square_4.jpg", "type": "object", "ID": 2234, "title": "Title 2234"},
{"url": "/images/lockups/square_5.jpg", "type": "object", "ID": 2235, "title": "Title 2235"},
{"url": "/images/lockups/square_6.jpg", "type": "object", "ID": 2236, "title": "Title 2236"},
{"url": "/images/lockups/square_7.jpg", "type": "object", "ID": 2237, "title": "Title 2237"},
{"url": "/images/lockups/square_8.jpg", "type": "object", "ID": 2238, "title": "Title 2238"},
{"url": "/images/lockups/square_9.jpg", "type": "object", "ID": 2239, "title": "Title 2239"},
{"url": "/images/lockups/square_10.jpg", "type": "object", "ID": 2240, "title": "Title 2240"},
{"url": "/images/lockups/square_1.jpg", "type": "object", "ID": 2241, "title": "Title 2241"},
{"url": "/images/lockups/square_2.jpg", "type": "object", "ID": 2242, "title": "Title 2242"},
{"url": "/images/lockups/square_3.jpg", "type": "object", "ID": 2243, "title": "Title 2243"},
{"url": "/images/lockups/square_4.jpg", "type": "object", "ID": 2244, "title": "Title 2244"},
{"url": "/images/lockups/square_5.jpg", "type": "object", "ID": 2245, "title": "Title 2245"},
{"url": "/images/lockups/square_6.jpg", "type": "object", "ID": 2246, "title": "Title 2246"},
{"url": "/images/lockups/square_7.jpg", "type": "object", "ID": 2247, "title": "Title 2247"},
{"url": "/images/lockups/square_8.jpg", "type": "object", "ID": 2248, "title": "Title 2248"},
{"url": "/images/lockups/square_9.jpg", "type": "object", "ID": 2249, "title": "Title 2249"},
{"url": "/images/lockups/square_10.jpg", "type": "object", "ID": 2250, "title": "Title 2250"},
{"url": "/images/lockups/square_1.jpg", "type": "object", "ID": 2251, "title": "Title 2251"},
{"url": "/images/lockups/square_2.jpg", "type": "object", "ID": 2252, "title": "Title 2252"},
{"url": "/images/lockups/square_3.jpg", "type": "object", "ID": 2253, "title": "Title 2253"},
{"url": "/images/lockups/square_4.jpg", "type": "object", "ID": 2254, "title": "Title 2254"},
{"url": "/images/lockups/square_5.jpg", "type": "object", "ID": 2255, "title": "Title 2255"},
{"url": "/images/lockups/square_6.jpg", "type": "object", "ID": 2256, "title": "Title 2256"},
{"url": "/images/lockups/square_7.jpg", "type": "object", "ID": 2257, "title": "Title 2257"},
{"url": "/images/lockups/square_8.jpg", "type": "object", "ID": 2258, "title": "Title 2258"},
{"url": "/images/lockups/square_9.jpg", "type": "object", "ID": 2259, "title": "Title 2259"},
{"url": "/images/lockups/square_10.jpg", "type": "object", "ID": 2260, "title": "Title 2260"},
{"url": "/images/lockups/square_1.jpg", "type": "object", "ID": 2261, "title": "Title 2261"},
{"url": "/images/lockups/square_2.jpg", "type": "object", "ID": 2262, "title": "Title 2262"},
{"url": "/images/lockups/square_3.jpg", "type": "object", "ID": 2263, "title": "Title 2263"},
{"url": "/images/lockups/square_4.jpg", "type": "object", "ID": 2264, "title": "Title 2264"},
{"url": "/images/lockups/square_5.jpg", "type": "object", "ID": 2265, "title": "Title 2265"},
{"url": "/images/lockups/square_6.jpg", "type": "object", "ID": 2266, "title": "Title 2266"},
{"url": "/images/lockups/square_7.jpg", "type": "object", "ID": 2267, "title": "Title 2267"},
{"url": "/images/lockups/square_8.jpg", "type": "object", "ID": 2268, "title": "Title 2268"},
{"url": "/images/lockups/square_9.jpg", "type": "object", "ID": 2269, "title": "Title 2269"},
{"url": "/images/lockups/square_10.jpg", "type": "object", "ID": 2270, "title": "Title 2270"},
{"url": "/images/lockups/square_1.jpg", "type": "object", "ID": 2271, "title": "Title 2271"},
{"url": "/images/lockups/square_2.jpg", "type": "object", "ID": 2272, "title": "Title 2272"},
{"url": "/images/lockups/square_3.jpg", "type": "object", "ID": 2273, "title": "Title 2273"},
{"url": "/images/lockups/square_4.jpg", "type": "object", "ID": 2274, "title": "Title 2274"},
{"url": "/images/lockups/square_5.jpg", "type": "object", "ID": 2275, "title": "Title 2275"},
{"url": "/images/lockups/square_6.jpg", "type": "object", "ID": 2276, "title": "Title 2276"},
{"url": "/images/lockups/square_7.jpg", "type": "object", "ID": 2277, "title": "Title 2277"},
{"url": "/images/lockups/square_8.jpg", "type": "object", "ID": 2278, "title": "Title 2278"},
{"url": "/images/lockups/square_9.jpg", "type": "object", "ID": 2279, "title": "Title 2279"},
{"url": "/images/lockups/square_10.jpg", "type": "object", "ID": 2280, "title": "Title 2280"},
{"url": "/images/lockups/square_1.jpg", "type": "object", "ID": 2281, "title": "Title 2281"},
{"url": "/images/lockups/square_2.jpg", "type": "object", "ID": 2282, "title": "Title 2282"},
{"url": "/images/lockups/square_3.jpg", "type": "object", "ID": 2283, "title": "Title 2283"},
{"url": "/images/lockups/square_4.jpg", "type": "object", "ID": 2284, "title": "Title 2284"},
{"url": "/images/lockups/square_5.jpg", "type": "object", "ID": 2285, "title": "Title 2285"},
{"url": "/images/lockups/square_6.jpg", "type": "object", "ID": 2286, "title": "Title 2286"},
{"url": "/images/lockups/square_7.jpg", "type": "object", "ID": 2287, "title": "Title 2287"},
{"url": "/images/lockups/square_8.jpg", "type": "object", "ID": 2288, "title": "Title 2288"},
{"url": "/images/lockups/square_9.jpg", "type": "object", "ID": 2289, "title": "Title 2289"},
{"url": "/images/lockups/square_10.jpg", "type": "object", "ID": 2290, "title": "Title 2290"},
{"url": "/images/lockups/square_1.jpg", "type": "object", "ID": 2291, "title": "Title 2291"},
{"url": "/images/lockups/square_2.jpg", "type": "object", "ID": 2292, "title": "Title 2292"},
{"url": "/images/lockups/square_3.jpg", "type": "object", "ID": 2293, "title": "Title 2293"},
{"url": "/images/lockups/square_4.jpg", "type": "object", "ID": 2294, "title": "Title 2294"},
{"url": "/images/lockups/square_5.jpg", "type": "object", "ID": 2295, "title": "Title 2295"},
{"url": "/images/lockups/square_6.jpg", "type": "object", "ID": 2296, "title": "Title 2296"},
{"url": "/images/lockups/square_7.jpg", "type": "object", "ID": 2297, "title": "Title 2297"},
{"url": "/images/lockups/square_8.jpg", "type": "object", "ID": 2298, "title": "Title 2298"},
{"url": "/images/lockups/square_9.jpg", "type": "object", "ID": 2299, "title": "Title 2299"},
{"url": "/images/lockups/square_10.jpg", "type": "object", "ID": 2300, "title": "Title 2300"},
{"url": "/images/lockups/square_1.jpg", "type": "object", "ID": 2301, "title": "Title 2301"},
{"url": "/images/lockups/square_2.jpg", "type": "object", "ID": 2302, "title": "Title 2302"},
{"url": "/images/lockups/square_3.jpg", "type": "object", "ID": 2303, "title": "Title 2303"},
{"url": "/images/lockups/square_4.jpg", "type": "object", "ID": 2304, "title": "Title 2304"},
{"url": "/images/lockups/square_5.jpg", "type": "object", "ID": 2305, "title": "Title 2305"},
{"url": "/images/lockups/square_6.jpg", "type": "object", "ID": 2306, "title": "Title 2306"},
{"url": "/images/lockups/square_7.jpg", "type": "object", "ID": 2307, "title": "Title 2307"},
{"url": "/images/lockups/square_8.jpg", "type": "object", "ID": 2308, "title": "Title 2308"},
{"url": "/images/lockups/square_9.jpg", "type": "object", "ID": 2309, "title": "Title 2309"},
{"url": "/images/lockups/square_10.jpg", "type": "object", "ID": 2310, "title": "Title 2310"},
{"url": "/images/lockups/square_1.jpg", "type": "object", "ID": 2311, "title": "Title 2311"},
{"url": "/images/lockups/square_2.jpg", "type": "object", "ID": 2312, "title": "Title 2312"},
{"url": "/images/lockups/square_3.jpg", "type": "object", "ID": 2313, "title": "Title 2313"},
{"url": "/images/lockups/square_4.jpg", "type": "object", "ID": 2314, "title": "Title 2314"},
{"url": "/images/lockups/square_5.jpg", "type": "object", "ID": 2315, "title": "Title 2315"},
{"url": "/images/lockups/square_6.jpg", "type": "object", "ID": 2316, "title": "Title 2316"},
{"url": "/images/lockups/square_7.jpg", "type": "object", "ID": 2317, "title": "Title 2317"},
{"url": "/images/lockups/square_8.jpg", "type": "object", "ID": 2318, "title": "Title 2318"},
{"url": "/images/lockups/square_9.jpg", "type": "object", "ID": 2319, "title": "Title 2319"},
{"url": "/images/lockups/square_10.jpg", "type": "object", "ID": 2320, "title": "Title 2320"},
{"url": "/images/lockups/square_1.jpg", "type": "object", "ID": 2321, "title": "Title 2321"},
{"url": "/images/lockups/square_2.jpg", "type": "object", "ID": 2322, "title": "Title 2322"},
{"url": "/images/lockups/square_3.jpg", "type": "object", "ID": 2323, "title": "Title 2323"},
{"url": "/images/lockups/square_4.jpg", "type": "object", "ID": 2324, "title": "Title 2324"},
{"url": "/images/lockups/square_5.jpg", "type": "object", "ID": 2325, "title": "Title 2325"},
{"url": "/images/lockups/square_6.jpg", "type": "object", "ID": 2326, "title": "Title 2326"},
{"url": "/images/lockups/square_7.jpg", "type": "object", "ID": 2327, "title": "Title 2327"},
{"url": "/images/lockups/square_8.jpg", "type": "object", "ID": 2328, "title": "Title 2328"},
{"url": "/images/lockups/square_9.jpg", "type": "object", "ID": 2329, "title": "Title 2329"},
{"url": "/images/lockups/square_10.jpg", "type": "object", "ID": 2330, "title": "Title 2330"},
{"url": "/images/lockups/square_1.jpg", "type": "object", "ID": 2331, "title": "Title 2331"},
{"url": "/images/lockups/square_2.jpg", "type": "object", "ID": 2332, "title": "Title 2332"},
{"url": "/images/lockups/square_3.jpg", "type": "object", "ID": 2333, "title": "Title 2333"},
{"url": "/images/lockups/square_4.jpg", "type": "object", "ID": 2334, "title": "Title 2334"},
{"url": "/images/lockups/square_5.jpg", "type": "object", "ID": 2335, "title": "Title 2335"},
{"url": "/images/lockups/square_6.jpg", "type": "object", "ID": 2336, "title": "Title 2336"},
{"url": "/images/lockups/square_7.jpg", "type": "object", "ID": 2337, "title": "Title 2337"},
{"url": "/images/lockups/square_8.jpg", "type": "object", "ID": 2338, "title": "Title 2338"},
{"url": "/images/lockups/square_9.jpg", "type": "object", "ID": 2339, "title": "Title 2339"},
{"url": "/images/lockups/square_10.jpg", "type": "object", "ID": 2340, "title": "Title 2340"},
{"url": "/images/lockups/square_1.jpg", "type": "object", "ID": 2341, "title": "Title 2341"},
{"url": "/images/lockups/square_2.jpg", "type": "object", "ID": 2342, "title": "Title 2342"},
{"url": "/images/lockups/square_3.jpg", "type": "object", "ID": 2343, "title": "Title 2343"},
{"url": "/images/lockups/square_4.jpg", "type": "object", "ID": 2344, "title": "Title 2344"},
{"url": "/images/lockups/square_5.jpg", "type": "object", "ID": 2345, "title": "Title 2345"},
{"url": "/images/lockups/square_6.jpg", "type": "object", "ID": 2346, "title": "Title 2346"},
{"url": "/images/lockups/square_7.jpg", "type": "object", "ID": 2347, "title": "Title 2347"},
{"url": "/images/lockups/square_8.jpg", "type": "object", "ID": 2348, "title": "Title 2348"},
{"url": "/images/lockups/square_9.jpg", "type": "object", "ID": 2349, "title": "Title 2349"},
{"url": "/images/lockups/square_10.jpg", "type": "object", "ID": 2350, "title": "Title 2350"},
{"url": "/images/lockups/square_1.jpg", "type": "object", "ID": 2351, "title": "Title 2351"},
{"url": "/images/lockups/square_2.jpg", "type": "object", "ID": 2352, "title": "Title 2352"},
{"url": "/images/lockups/square_3.jpg", "type": "object", "ID": 2353, "title": "Title 2353"},
{"url": "/images/lockups/square_4.jpg", "type": "object", "ID": 2354, "title": "Title 2354"},
{"url": "/images/lockups/square_5.jpg", "type": "object", "ID": 2355, "title": "Title 2355"},
{"url": "/images/lockups/square_6.jpg", "type": "object", "ID": 2356, "title": "Title 2356"},
{"url": "/images/lockups/square_7.jpg", "type": "object", "ID": 2357, "title": "Title 2357"},
{"url": "/images/lockups/square_8.jpg", "type": "object", "ID": 2358, "title": "Title 2358"},
{"url": "/images/lockups/square_9.jpg", "type": "object", "ID": 2359, "title": "Title 2359"},
{"url": "/images/lockups/square_10.jpg", "type": "object", "ID": 2360, "title": "Title 2360"},
{"url": "/images/lockups/square_1.jpg", "type": "object", "ID": 2361, "title": "Title 2361"},
{"url": "/images/lockups/square_2.jpg", "type": "object", "ID": 2362, "title": "Title 2362"},
{"url": "/images/lockups/square_3.jpg", "type": "object", "ID": 2363, "title": "Title 2363"},
{"url": "/images/lockups/square_4.jpg", "type": "object", "ID": 2364, "title": "Title 2364"},
{"url": "/images/lockups/square_5.jpg", "type": "object", "ID": 2365, "title": "Title 2365"},
{"url": "/images/lockups/square_6.jpg", "type": "object", "ID": 2366, "title": "Title 2366"},
{"url": "/images/lockups/square_7.jpg", "type": "object", "ID": 2367, "title": "Title 2367"},
{"url": "/images/lockups/square_8.jpg", "type": "object", "ID": 2368, "title": "Title 2368"},
{"url": "/images/lockups/square_9.jpg", "type": "object", "ID": 2369, "title": "Title 2369"},
{"url": "/images/lockups/square_10.jpg", "type": "object", "ID": 2370, "title": "Title 2370"},
{"url": "/images/lockups/square_1.jpg", "type": "object", "ID": 2371, "title": "Title 2371"},
{"url": "/images/lockups/square_2.jpg", "type": "object", "ID": 2372, "title": "Title 2372"},
{"url": "/images/lockups/square_3.jpg", "type": "object", "ID": 2373, "title": "Title 2373"},
{"url": "/images/lockups/square_4.jpg", "type": "object", "ID": 2374, "title": "Title 2374"},
{"url": "/images/lockups/square_5.jpg", "type": "object", "ID": 2375, "title": "Title 2375"},
{"url": "/images/lockups/square_6.jpg", "type": "object", "ID": 2376, "title": "Title 2376"},
{"url": "/images/lockups/square_7.jpg", "type": "object", "ID": 2377, "title": "Title 2377"},
{"url": "/images/lockups/square_8.jpg", "type": "object", "ID": 2378, "title": "Title 2378"},
{"url": "/images/lockups/square_9.jpg", "type": "object", "ID": 2379, "title": "Title 2379"},
{"url": "/images/lockups/square_10.jpg", "type": "object", "ID": 2380, "title": "Title 2380"},
{"url": "/images/lockups/square_1.jpg", "type": "object", "ID": 2381, "title": "Title 2381"},
{"url": "/images/lockups/square_2.jpg", "type": "object", "ID": 2382, "title": "Title 2382"},
{"url": "/images/lockups/square_3.jpg", "type": "object", "ID": 2383, "title": "Title 2383"},
{"url": "/images/lockups/square_4.jpg", "type": "object", "ID": 2384, "title": "Title 2384"},
{"url": "/images/lockups/square_5.jpg", "type": "object", "ID": 2385, "title": "Title 2385"},
{"url": "/images/lockups/square_6.jpg", "type": "object", "ID": 2386, "title": "Title 2386"},
{"url": "/images/lockups/square_7.jpg", "type": "object", "ID": 2387, "title": "Title 2387"},
{"url": "/images/lockups/square_8.jpg", "type": "object", "ID": 2388, "title": "Title 2388"},
{"url": "/images/lockups/square_9.jpg", "type": "object", "ID": 2389, "title": "Title 2389"},
{"url": "/images/lockups/square_10.jpg", "type": "object", "ID": 2390, "title": "Title 2390"},
{"url": "/images/lockups/square_1.jpg", "type": "object", "ID": 2391, "title": "Title 2391"},
{"url": "/images/lockups/square_2.jpg", "type": "object", "ID": 2392, "title": "Title 2392"},
{"url": "/images/lockups/square_3.jpg", "type": "object", "ID": 2393, "title": "Title 2393"},
{"url": "/images/lockups/square_4.jpg", "type": "object", "ID": 2394, "title": "Title 2394"},
{"url": "/images/lockups/square_5.jpg", "type": "object", "ID": 2395, "title": "Title 2395"},
{"url": "/images/lockups/square_6.jpg", "type": "object", "ID": 2396, "title": "Title 2396"},
{"url": "/images/lockups/square_7.jpg", "type": "object", "ID": 2397, "title": "Title 2397"},
{"url": "/images/lockups/square_8.jpg", "type": "object", "ID": 2398, "title": "Title 2398"},
{"url": "/images/lockups/square_9.jpg", "type": "object", "ID": 2399, "title": "Title 2399"},
{"url": "/images/lockups/square_10.jpg", "type": "object", "ID": 2400, "title": "Title 2400"},
{"url": "/images/lockups/square_1.jpg", "type": "object", "ID": 2401, "title": "Title 2401"},
{"url": "/images/lockups/square_2.jpg", "type": "object", "ID": 2402, "title": "Title 2402"},
{"url": "/images/lockups/square_3.jpg", "type": "object", "ID": 2403, "title": "Title 2403"},
{"url": "/images/lockups/square_4.jpg", "type": "object", "ID": 2404, "title": "Title 2404"},
{"url": "/images/lockups/square_5.jpg", "type": "object", "ID": 2405, "title": "Title 2405"},
{"url": "/images/lockups/square_6.jpg", "type": "object", "ID": 2406, "title": "Title 2406"},
{"url": "/images/lockups/square_7.jpg", "type": "object", "ID": 2407, "title": "Title 2407"},
{"url": "/images/lockups/square_8.jpg", "type": "object", "ID": 2408, "title": "Title 2408"},
{"url": "/images/lockups/square_9.jpg", "type": "object", "ID": 2409, "title": "Title 2409"},
{"url": "/images/lockups/square_10.jpg", "type": "object", "ID": 2410, "title": "Title 2410"},
{"url": "/images/lockups/square_1.jpg", "type": "object", "ID": 2411, "title": "Title 2411"},
{"url": "/images/lockups/square_2.jpg", "type": "object", "ID": 2412, "title": "Title 2412"},
{"url": "/images/lockups/square_3.jpg", "type": "object", "ID": 2413, "title": "Title 2413"},
{"url": "/images/lockups/square_4.jpg", "type": "object", "ID": 2414, "title": "Title 2414"},
{"url": "/images/lockups/square_5.jpg", "type": "object", "ID": 2415, "title": "Title 2415"},
{"url": "/images/lockups/square_6.jpg", "type": "object", "ID": 2416, "title": "Title 2416"},
{"url": "/images/lockups/square_7.jpg", "type": "object", "ID": 2417, "title": "Title 2417"},
{"url": "/images/lockups/square_8.jpg", "type": "object", "ID": 2418, "title": "Title 2418"},
{"url": "/images/lockups/square_9.jpg", "type": "object", "ID": 2419, "title": "Title 2419"},
{"url": "/images/lockups/square_10.jpg", "type": "object", "ID": 2420, "title": "Title 2420"},
{"url": "/images/lockups/square_1.jpg", "type": "object", "ID": 2421, "title": "Title 2421"},
{"url": "/images/lockups/square_2.jpg", "type": "object", "ID": 2422, "title": "Title 2422"},
{"url": "/images/lockups/square_3.jpg", "type": "object", "ID": 2423, "title": "Title 2423"},
{"url": "/images/lockups/square_4.jpg", "type": "object", "ID": 2424, "title": "Title 2424"},
{"url": "/images/lockups/square_5.jpg", "type": "object", "ID": 2425, "title": "Title 2425"},
{"url": "/images/lockups/square_6.jpg", "type": "object", "ID": 2426, "title": "Title 2426"},
{"url": "/images/lockups/square_7.jpg", "type": "object", "ID": 2427, "title": "Title 2427"},
{"url": "/images/lockups/square_8.jpg", "type": "object", "ID": 2428, "title": "Title 2428"},
{"url": "/images/lockups/square_9.jpg", "type": "object", "ID": 2429, "title": "Title 2429"},
{"url": "/images/lockups/square_10.jpg", "type": "object", "ID": 2430, "title": "Title 2430"},
{"url": "/images/lockups/square_1.jpg", "type": "object", "ID": 2431, "title": "Title 2431"},
{"url": "/images/lockups/square_2.jpg", "type": "object", "ID": 2432, "title": "Title 2432"},
{"url": "/images/lockups/square_3.jpg", "type": "object", "ID": 2433, "title": "Title 2433"},
{"url": "/images/lockups/square_4.jpg", "type": "object", "ID": 2434, "title": "Title 2434"},
{"url": "/images/lockups/square_5.jpg", "type": "object", "ID": 2435, "title": "Title 2435"},
{"url": "/images/lockups/square_6.jpg", "type": "object", "ID": 2436, "title": "Title 2436"},
{"url": "/images/lockups/square_7.jpg", "type": "object", "ID": 2437, "title": "Title 2437"},
{"url": "/images/lockups/square_8.jpg", "type": "object", "ID": 2438, "title": "Title 2438"},
{"url": "/images/lockups/square_9.jpg", "type": "object", "ID": 2439, "title": "Title 2439"},
{"url": "/images/lockups/square_10.jpg", "type": "object", "ID": 2440, "title": "Title 2440"},
{"url": "/images/lockups/square_1.jpg", "type": "object", "ID": 2441, "title": "Title 2441"},
{"url": "/images/lockups/square_2.jpg", "type": "object", "ID": 2442, "title": "Title 2442"},
{"url": "/images/lockups/square_3.jpg", "type": "object", "ID": 2443, "title": "Title 2443"},
{"url": "/images/lockups/square_4.jpg", "type": "object", "ID": 2444, "title": "Title 2444"},
{"url": "/images/lockups/square_5.jpg", "type": "object", "ID": 2445, "title": "Title 2445"},
{"url": "/images/lockups/square_6.jpg", "type": "object", "ID": 2446, "title": "Title 2446"},
{"url": "/images/lockups/square_7.jpg", "type": "object", "ID": 2447, "title": "Title 2447"},
{"url": "/images/lockups/square_8.jpg", "type": "object", "ID": 2448, "title": "Title 2448"},
{"url": "/images/lockups/square_9.jpg", "type": "object", "ID": 2449, "title": "Title 2449"},
{"url": "/images/lockups/square_10.jpg", "type": "object", "ID": 2450, "title": "Title 2450"},
{"url": "/images/lockups/square_1.jpg", "type": "object", "ID": 2451, "title": "Title 2451"},
{"url": "/images/lockups/square_2.jpg", "type": "object", "ID": 2452, "title": "Title 2452"},
{"url": "/images/lockups/square_3.jpg", "type": "object", "ID": 2453, "title": "Title 2453"},
{"url": "/images/lockups/square_4.jpg", "type": "object", "ID": 2454, "title": "Title 2454"},
{"url": "/images/lockups/square_5.jpg", "type": "object", "ID": 2455, "title": "Title 2455"},
{"url": "/images/lockups/square_6.jpg", "type": "object", "ID": 2456, "title": "Title 2456"},
{"url": "/images/lockups/square_7.jpg", "type": "object", "ID": 2457, "title": "Title 2457"},
{"url": "/images/lockups/square_8.jpg", "type": "object", "ID": 2458, "title": "Title 2458"},
{"url": "/images/lockups/square_9.jpg", "type": "object", "ID": 2459, "title": "Title 2459"},
{"url": "/images/lockups/square_10.jpg", "type": "object", "ID": 2460, "title": "Title 2460"},
{"url": "/images/lockups/square_1.jpg", "type": "object", "ID": 2461, "title": "Title 2461"},
{"url": "/images/lockups/square_2.jpg", "type": "object", "ID": 2462, "title": "Title 2462"},
{"url": "/images/lockups/square_3.jpg", "type": "object", "ID": 2463, "title": "Title 2463"},
{"url": "/images/lockups/square_4.jpg", "type": "object", "ID": 2464, "title": "Title 2464"},
{"url": "/images/lockups/square_5.jpg", "type": "object", "ID": 2465, "title": "Title 2465"},
{"url": "/images/lockups/square_6.jpg", "type": "object", "ID": 2466, "title": "Title 2466"},
{"url": "/images/lockups/square_7.jpg", "type": "object", "ID": 2467, "title": "Title 2467"},
{"url": "/images/lockups/square_8.jpg", "type": "object", "ID": 2468, "title": "Title 2468"},
{"url": "/images/lockups/square_9.jpg", "type": "object", "ID": 2469, "title": "Title 2469"},
{"url": "/images/lockups/square_10.jpg", "type": "object", "ID": 2470, "title": "Title 2470"},
{"url": "/images/lockups/square_1.jpg", "type": "object", "ID": 2471, "title": "Title 2471"},
{"url": "/images/lockups/square_2.jpg", "type": "object", "ID": 2472, "title": "Title 2472"},
{"url": "/images/lockups/square_3.jpg", "type": "object", "ID": 2473, "title": "Title 2473"},
{"url": "/images/lockups/square_4.jpg", "type": "object", "ID": 2474, "title": "Title 2474"},
{"url": "/images/lockups/square_5.jpg", "type": "object", "ID": 2475, "title": "Title 2475"},
{"url": "/images/lockups/square_6.jpg", "type": "object", "ID": 2476, "title": "Title 2476"},
{"url": "/images/lockups/square_7.jpg", "type": "object", "ID": 2477, "title": "Title 2477"},
{"url": "/images/lockups/square_8.jpg", "type": "object", "ID": 2478, "title": "Title 2478"},
{"url": "/images/lockups/square_9.jpg", "type": "object", "ID": 2479, "title": "Title 2479"},
{"url": "/images/lockups/square_10.jpg", "type": "object", "ID": 2480, "title": "Title 2480"},
{"url": "/images/lockups/square_1.jpg", "type": "object", "ID": 2481, "title": "Title 2481"},
{"url": "/images/lockups/square_2.jpg", "type": "object", "ID": 2482, "title": "Title 2482"},
{"url": "/images/lockups/square_3.jpg", "type": "object", "ID": 2483, "title": "Title 2483"},
{"url": "/images/lockups/square_4.jpg", "type": "object", "ID": 2484, "title": "Title 2484"},
{"url": "/images/lockups/square_5.jpg", "type": "object", "ID": 2485, "title": "Title 2485"},
{"url": "/images/lockups/square_6.jpg", "type": "object", "ID": 2486, "title": "Title 2486"},
{"url": "/images/lockups/square_7.jpg", "type": "object", "ID": 2487, "title": "Title 2487"},
{"url": "/images/lockups/square_8.jpg", "type": "object", "ID": 2488, "title": "Title 2488"},
{"url": "/images/lockups/square_9.jpg", "type": "object", "ID": 2489, "title": "Title 2489"},
{"url": "/images/lockups/square_10.jpg", "type": "object", "ID": 2490, "title": "Title 2490"},
{"url": "/images/lockups/square_1.jpg", "type": "object", "ID": 2491, "title": "Title 2491"},
{"url": "/images/lockups/square_2.jpg", "type": "object", "ID": 2492, "title": "Title 2492"},
{"url": "/images/lockups/square_3.jpg", "type": "object", "ID": 2493, "title": "Title 2493"},
{"url": "/images/lockups/square_4.jpg", "type": "object", "ID": 2494, "title": "Title 2494"},
{"url": "/images/lockups/square_5.jpg", "type": "object", "ID": 2495, "title": "Title 2495"},
{"url": "/images/lockups/square_6.jpg", "type": "object", "ID": 2496, "title": "Title 2496"},
{"url": "/images/lockups/square_7.jpg", "type": "object", "ID": 2497, "title": "Title 2497"},
{"url": "/images/lockups/square_8.jpg", "type": "object", "ID": 2498, "title": "Title 2498"},
{"url": "/images/lockups/square_9.jpg", "type": "object", "ID": 2499, "title": "Title 2499"},
{"url": "/images/lockups/square_10.jpg", "type": "object", "ID": 2500, "title": "Title 2500"}]}
