{ "items": [
{"url": "/images/lockups/square_1.jpg", "type": "object", "ID": 1501, "title": "Title 1501"},
{"url": "/images/lockups/square_2.jpg", "type": "object", "ID": 1502, "title": "Title 1502"},
{"url": "/images/lockups/square_3.jpg", "type": "object", "ID": 1503, "title": "Title 1503"},
{"url": "/images/lockups/square_4.jpg", "type": "object", "ID": 1504, "title": "Title 1504"},
{"url": "/images/lockups/square_5.jpg", "type": "object", "ID": 1505, "title": "Title 1505"},
{"url": "/images/lockups/square_6.jpg", "type": "object", "ID": 1506, "title": "Title 1506"},
{"url": "/images/lockups/square_7.jpg", "type": "object", "ID": 1507, "title": "Title 1507"},
{"url": "/images/lockups/square_8.jpg", "type": "object", "ID": 1508, "title": "Title 1508"},
{"url": "/images/lockups/square_9.jpg", "type": "object", "ID": 1509, "title": "Title 1509"},
{"url": "/images/lockups/square_10.jpg", "type": "object", "ID": 1510, "title": "Title 1510"},
{"url": "/images/lockups/square_1.jpg", "type": "object", "ID": 1511, "title": "Title 1511"},
{"url": "/images/lockups/square_2.jpg", "type": "object", "ID": 1512, "title": "Title 1512"},
{"url": "/images/lockups/square_3.jpg", "type": "object", "ID": 1513, "title": "Title 1513"},
{"url": "/images/lockups/square_4.jpg", "type": "object", "ID": 1514, "title": "Title 1514"},
{"url": "/images/lockups/square_5.jpg", "type": "object", "ID": 1515, "title": "Title 1515"},
{"url": "/images/lockups/square_6.jpg", "type": "object", "ID": 1516, "title": "Title 1516"},
{"url": "/images/lockups/square_7.jpg", "type": "object", "ID": 1517, "title": "Title 1517"},
{"url": "/images/lockups/square_8.jpg", "type": "object", "ID": 1518, "title": "Title 1518"},
{"url": "/images/lockups/square_9.jpg", "type": "object", "ID": 1519, "title": "Title 1519"},
{"url": "/images/lockups/square_10.jpg", "type": "object", "ID": 1520, "title": "Title 1520"},
{"url": "/images/lockups/square_1.jpg", "type": "object", "ID": 1521, "title": "Title 1521"},
{"url": "/images/lockups/square_2.jpg", "type": "object", "ID": 1522, "title": "Title 1522"},
{"url": "/images/lockups/square_3.jpg", "type": "object", "ID": 1523, "title": "Title 1523"},
{"url": "/images/lockups/square_4.jpg", "type": "object", "ID": 1524, "title": "Title 1524"},
{"url": "/images/lockups/square_5.jpg", "type": "object", "ID": 1525, "title": "Title 1525"},
{"url": "/images/lockups/square_6.jpg", "type": "object", "ID": 1526, "title": "Title 1526"},
{"url": "/images/lockups/square_7.jpg", "type": "object", "ID": 1527, "title": "Title 1527"},
{"url": "/images/lockups/square_8.jpg", "type": "object", "ID": 1528, "title": "Title 1528"},
{"url": "/images/lockups/square_9.jpg", "type": "object", "ID": 1529, "title": "Title 1529"},
{"url": "/images/lockups/square_10.jpg", "type": "object", "ID": 1530, "title": "Title 1530"},
{"url": "/images/lockups/square_1.jpg", "type": "object", "ID": 1531, "title": "Title 1531"},
{"url": "/images/lockups/square_2.jpg", "type": "object", "ID": 1532, "title": "Title 1532"},
{"url": "/images/lockups/square_3.jpg", "type": "object", "ID": 1533, "title": "Title 1533"},
{"url": "/images/lockups/square_4.jpg", "type": "object", "ID": 1534, "title": "Title 1534"},
{"url": "/images/lockups/square_5.jpg", "type": "object", "ID": 1535, "title": "Title 1535"},
{"url": "/images/lockups/square_6.jpg", "type": "object", "ID": 1536, "title": "Title 1536"},
{"url": "/images/lockups/square_7.jpg", "type": "object", "ID": 1537, "title": "Title 1537"},
{"url": "/images/lockups/square_8.jpg", "type": "object", "ID": 1538, "title": "Title 1538"},
{"url": "/images/lockups/square_9.jpg", "type": "object", "ID": 1539, "title": "Title 1539"},
{"url": "/images/lockups/square_10.jpg", "type": "object", "ID": 1540, "title": "Title 1540"},
{"url": "/images/lockups/square_1.jpg", "type": "object", "ID": 1541, "title": "Title 1541"},
{"url": "/images/lockups/square_2.jpg", "type": "object", "ID": 1542, "title": "Title 1542"},
{"url": "/images/lockups/square_3.jpg", "type": "object", "ID": 1543, "title": "Title 1543"},
{"url": "/images/lockups/square_4.jpg", "type": "object", "ID": 1544, "title": "Title 1544"},
{"url": "/images/lockups/square_5.jpg", "type": "object", "ID": 1545, "title": "Title 1545"},
{"url": "/images/lockups/square_6.jpg", "type": "object", "ID": 1546, "title": "Title 1546"},
{"url": "/images/lockups/square_7.jpg", "type": "object", "ID": 1547, "title": "Title 1547"},
{"url": "/images/lockups/square_8.jpg", "type": "object", "ID": 1548, "title": "Title 1548"},
{"url": "/images/lockups/square_9.jpg", "type": "object", "ID": 1549, "title": "Title 1549"},
{"url": "/images/lockups/square_10.jpg", "type": "object", "ID": 1550, "title": "Title 1550"},
{"url": "/images/lockups/square_1.jpg", "type": "object", "ID": 1551, "title": "Title 1551"},
{"url": "/images/lockups/square_2.jpg", "type": "object", "ID": 1552, "title": "Title 1552"},
{"url": "/images/lockups/square_3.jpg", "type": "object", "ID": 1553, "title": "Title 1553"},
{"url": "/images/lockups/square_4.jpg", "type": "object", "ID": 1554, "title": "Title 1554"},
{"url": "/images/lockups/square_5.jpg", "type": "object", "ID": 1555, "title": "Title 1555"},
{"url": "/images/lockups/square_6.jpg", "type": "object", "ID": 1556, "title": "Title 1556"},
{"url": "/images/lockups/square_7.jpg", "type": "object", "ID": 1557, "title": "Title 1557"},
{"url": "/images/lockups/square_8.jpg", "type": "object", "ID": 1558, "title": "Title 1558"},
{"url": "/images/lockups/square_9.jpg", "type": "object", "ID": 1559, "title": "Title 1559"},
{"url": "/images/lockups/square_10.jpg", "type": "object", "ID": 1560, "title": "Title 1560"},
{"url": "/images/lockups/square_1.jpg", "type": "object", "ID": 1561, "title": "Title 1561"},
{"url": "/images/lockups/square_2.jpg", "type": "object", "ID": 1562, "title": "Title 1562"},
{"url": "/images/lockups/square_3.jpg", "type": "object", "ID": 1563, "title": "Title 1563"},
{"url": "/images/lockups/square_4.jpg", "type": "object", "ID": 1564, "title": "Title 1564"},
{"url": "/images/lockups/square_5.jpg", "type": "object", "ID": 1565, "title": "Title 1565"},
{"url": "/images/lockups/square_6.jpg", "type": "object", "ID": 1566, "title": "Title 1566"},
{"url": "/images/lockups/square_7.jpg", "type": "object", "ID": 1567, "title": "Title 1567"},
{"url": "/images/lockups/square_8.jpg", "type": "object", "ID": 1568, "title": "Title 1568"},
{"url": "/images/lockups/square_9.jpg", "type": "object", "ID": 1569, "title": "Title 1569"},
{"url": "/images/lockups/square_10.jpg", "type": "object", "ID": 1570, "title": "Title 1570"},
{"url": "/images/lockups/square_1.jpg", "type": "object", "ID": 1571, "title": "Title 1571"},
{"url": "/images/lockups/square_2.jpg", "type": "object", "ID": 1572, "title": "Title 1572"},
{"url": "/images/lockups/square_3.jpg", "type": "object", "ID": 1573, "title": "Title 1573"},
{"url": "/images/lockups/square_4.jpg", "type": "object", "ID": 1574, "title": "Title 1574"},
{"url": "/images/lockups/square_5.jpg", "type": "object", "ID": 1575, "title": "Title 1575"},
{"url": "/images/lockups/square_6.jpg", "type": "object", "ID": 1576, "title": "Title 1576"},
{"url": "/images/lockups/square_7.jpg", "type": "object", "ID": 1577, "title": "Title 1577"},
{"url": "/images/lockups/square_8.jpg", "type": "object", "ID": 1578, "title": "Title 1578"},
{"url": "/images/lockups/square_9.jpg", "type": "object", "ID": 1579, "title": "Title 1579"},
{"url": "/images/lockups/square_10.jpg", "type": "object", "ID": 1580, "title": "Title 1580"},
{"url": "/images/lockups/square_1.jpg", "type": "object", "ID": 1581, "title": "Title 1581"},
{"url": "/images/lockups/square_2.jpg", "type": "object", "ID": 1582, "title": "Title 1582"},
{"url": "/images/lockups/square_3.jpg", "type": "object", "ID": 1583, "title": "Title 1583"},
{"url": "/images/lockups/square_4.jpg", "type": "object", "ID": 1584, "title": "Title 1584"},
{"url": "/images/lockups/square_5.jpg", "type": "object", "ID": 1585, "title": "Title 1585"},
{"url": "/images/lockups/square_6.jpg", "type": "object", "ID": 1586, "title": "Title 1586"},
{"url": "/images/lockups/square_7.jpg", "type": "object", "ID": 1587, "title": "Title 1587"},
{"url": "/images/lockups/square_8.jpg", "type": "object", "ID": 1588, "title": "Title 1588"},
{"url": "/images/lockups/square_9.jpg", "type": "object", "ID": 1589, "title": "Title 1589"},
{"url": "/images/lockups/square_10.jpg", "type": "object", "ID": 1590, "title": "Title 1590"},
{"url": "/images/lockups/square_1.jpg", "type": "object", "ID": 1591, "title": "Title 1591"},
{"url": "/images/lockups/square_2.jpg", "type": "object", "ID": 1592, "title": "Title 1592"},
{"url": "/images/lockups/square_3.jpg", "type": "object", "ID": 1593, "title": "Title 1593"},
{"url": "/images/lockups/square_4.jpg", "type": "object", "ID": 1594, "title": "Title 1594"},
{"url": "/images/lockups/square_5.jpg", "type": "object", "ID": 1595, "title": "Title 1595"},
{"url": "/images/lockups/square_6.jpg", "type": "object", "ID": 1596, "title": "Title 1596"},
{"url": "/images/lockups/square_7.jpg", "type": "object", "ID": 1597, "title": "Title 1597"},
{"url": "/images/lockups/square_8.jpg", "type": "object", "ID": 1598, "title": "Title 1598"},
{"url": "/images/lockups/square_9.jpg", "type": "object", "ID": 1599, "title": "Title 1599"},
{"url": "/images/lockups/square_10.jpg", "type": "object", "ID": 1600, "title": "Title 1600"},
{"url": "/images/lockups/square_1.jpg", "type": "object", "ID": 1601, "title": "Title 1601"},
{"url": "/images/lockups/square_2.jpg", "type": "object", "ID": 1602, "title": "Title 1602"},
{"url": "/images/lockups/square_3.jpg", "type": "object", "ID": 1603, "title": "Title 1603"},
{"url": "/images/lockups/square_4.jpg", "type": "object", "ID": 1604, "title": "Title 1604"},
{"url": "/images/lockups/square_5.jpg", "type": "object", "ID": 1605, "title": "Title 1605"},
{"url": "/images/lockups/square_6.jpg", "type": "object", "ID": 1606, "title": "Title 1606"},
{"url": "/images/lockups/square_7.jpg", "type": "object", "ID": 1607, "title": "Title 1607"},
{"url": "/images/lockups/square_8.jpg", "type": "object", "ID": 1608, "title": "Title 1608"},
{"url": "/images/lockups/square_9.jpg", "type": "object", "ID": 1609, "title": "Title 1609"},
{"url": "/images/lockups/square_10.jpg", "type": "object", "ID": 1610, "title": "Title 1610"},
{"url": "/images/lockups/square_1.jpg", "type": "object", "ID": 1611, "title": "Title 1611"},
{"url": "/images/lockups/square_2.jpg", "type": "object", "ID": 1612, "title": "Title 1612"},
{"url": "/images/lockups/square_3.jpg", "type": "object", "ID": 1613, "title": "Title 1613"},
{"url": "/images/lockups/square_4.jpg", "type": "object", "ID": 1614, "title": "Title 1614"},
{"url": "/images/lockups/square_5.jpg", "type": "object", "ID": 1615, "title": "Title 1615"},
{"url": "/images/lockups/square_6.jpg", "type": "object", "ID": 1616, "title": "Title 1616"},
{"url": "/images/lockups/square_7.jpg", "type": "object", "ID": 1617, "title": "Title 1617"},
{"url": "/images/lockups/square_8.jpg", "type": "object", "ID": 1618, "title": "Title 1618"},
{"url": "/images/lockups/square_9.jpg", "type": "object", "ID": 1619, "title": "Title 1619"},
{"url": "/images/lockups/square_10.jpg", "type": "object", "ID": 1620, "title": "Title 1620"},
{"url": "/images/lockups/square_1.jpg", "type": "object", "ID": 1621, "title": "Title 1621"},
{"url": "/images/lockups/square_2.jpg", "type": "object", "ID": 1622, "title": "Title 1622"},
{"url": "/images/lockups/square_3.jpg", "type": "object", "ID": 1623, "title": "Title 1623"},
{"url": "/images/lockups/square_4.jpg", "type": "object", "ID": 1624, "title": "Title 1624"},
{"url": "/images/lockups/square_5.jpg", "type": "object", "ID": 1625, "title": "Title 1625"},
{"url": "/images/lockups/square_6.jpg", "type": "object", "ID": 1626, "title": "Title 1626"},
{"url": "/images/lockups/square_7.jpg", "type": "object", "ID": 1627, "title": "Title 1627"},
{"url": "/images/lockups/square_8.jpg", "type": "object", "ID": 1628, "title": "Title 1628"},
{"url": "/images/lockups/square_9.jpg", "type": "object", "ID": 1629, "title": "Title 1629"},
{"url": "/images/lockups/square_10.jpg", "type": "object", "ID": 1630, "title": "Title 1630"},
{"url": "/images/lockups/square_1.jpg", "type": "object", "ID": 1631, "title": "Title 1631"},
{"url": "/images/lockups/square_2.jpg", "type": "object", "ID": 1632, "title": "Title 1632"},
{"url": "/images/lockups/square_3.jpg", "type": "object", "ID": 1633, "title": "Title 1633"},
{"url": "/images/lockups/square_4.jpg", "type": "object", "ID": 1634, "title": "Title 1634"},
{"url": "/images/lockups/square_5.jpg", "type": "object", "ID": 1635, "title": "Title 1635"},
{"url": "/images/lockups/square_6.jpg", "type": "object", "ID": 1636, "title": "Title 1636"},
{"url": "/images/lockups/square_7.jpg", "type": "object", "ID": 1637, "title": "Title 1637"},
{"url": "/images/lockups/square_8.jpg", "type": "object", "ID": 1638, "title": "Title 1638"},
{"url": "/images/lockups/square_9.jpg", "type": "object", "ID": 1639, "title": "Title 1639"},
{"url": "/images/lockups/square_10.jpg", "type": "object", "ID": 1640, "title": "Title 1640"},
{"url": "/images/lockups/square_1.jpg", "type": "object", "ID": 1641, "title": "Title 1641"},
{"url": "/images/lockups/square_2.jpg", "type": "object", "ID": 1642, "title": "Title 1642"},
{"url": "/images/lockups/square_3.jpg", "type": "object", "ID": 1643, "title": "Title 1643"},
{"url": "/images/lockups/square_4.jpg", "type": "object", "ID": 1644, "title": "Title 1644"},
{"url": "/images/lockups/square_5.jpg", "type": "object", "ID": 1645, "title": "Title 1645"},
{"url": "/images/lockups/square_6.jpg", "type": "object", "ID": 1646, "title": "Title 1646"},
{"url": "/images/lockups/square_7.jpg", "type": "object", "ID": 1647, "title": "Title 1647"},
{"url": "/images/lockups/square_8.jpg", "type": "object", "ID": 1648, "title": "Title 1648"},
{"url": "/images/lockups/square_9.jpg", "type": "object", "ID": 1649, "title": "Title 1649"},
{"url": "/images/lockups/square_10.jpg", "type": "object", "ID": 1650, "title": "Title 1650"},
{"url": "/images/lockups/square_1.jpg", "type": "object", "ID": 1651, "title": "Title 1651"},
{"url": "/images/lockups/square_2.jpg", "type": "object", "ID": 1652, "title": "Title 1652"},
{"url": "/images/lockups/square_3.jpg", "type": "object", "ID": 1653, "title": "Title 1653"},
{"url": "/images/lockups/square_4.jpg", "type": "object", "ID": 1654, "title": "Title 1654"},
{"url": "/images/lockups/square_5.jpg", "type": "object", "ID": 1655, "title": "Title 1655"},
{"url": "/images/lockups/square_6.jpg", "type": "object", "ID": 1656, "title": "Title 1656"},
{"url": "/images/lockups/square_7.jpg", "type": "object", "ID": 1657, "title": "Title 1657"},
{"url": "/images/lockups/square_8.jpg", "type": "object", "ID": 1658, "title": "Title 1658"},
{"url": "/images/lockups/square_9.jpg", "type": "object", "ID": 1659, "title": "Title 1659"},
{"url": "/images/lockups/square_10.jpg", "type": "object", "ID": 1660, "title": "Title 1660"},
{"url": "/images/lockups/square_1.jpg", "type": "object", "ID": 1661, "title": "Title 1661"},
{"url": "/images/lockups/square_2.jpg", "type": "object", "ID": 1662, "title": "Title 1662"},
{"url": "/images/lockups/square_3.jpg", "type": "object", "ID": 1663, "title": "Title 1663"},
{"url": "/images/lockups/square_4.jpg", "type": "object", "ID": 1664, "title": "Title 1664"},
{"url": "/images/lockups/square_5.jpg", "type": "object", "ID": 1665, "title": "Title 1665"},
{"url": "/images/lockups/square_6.jpg", "type": "object", "ID": 1666, "title": "Title 1666"},
{"url": "/images/lockups/square_7.jpg", "type": "object", "ID": 1667, "title": "Title 1667"},
{"url": "/images/lockups/square_8.jpg", "type": "object", "ID": 1668, "title": "Title 1668"},
{"url": "/images/lockups/square_9.jpg", "type": "object", "ID": 1669, "title": "Title 1669"},
{"url": "/images/lockups/square_10.jpg", "type": "object", "ID": 1670, "title": "Title 1670"},
{"url": "/images/lockups/square_1.jpg", "type": "object", "ID": 1671, "title": "Title 1671"},
{"url": "/images/lockups/square_2.jpg", "type": "object", "ID": 1672, "title": "Title 1672"},
{"url": "/images/lockups/square_3.jpg", "type": "object", "ID": 1673, "title": "Title 1673"},
{"url": "/images/lockups/square_4.jpg", "type": "object", "ID": 1674, "title": "Title 1674"},
{"url": "/images/lockups/square_5.jpg", "type": "object", "ID": 1675, "title": "Title 1675"},
{"url": "/images/lockups/square_6.jpg", "type": "object", "ID": 1676, "title": "Title 1676"},
{"url": "/images/lockups/square_7.jpg", "type": "object", "ID": 1677, "title": "Title 1677"},
{"url": "/images/lockups/square_8.jpg", "type": "object", "ID": 1678, "title": "Title 1678"},
{"url": "/images/lockups/square_9.jpg", "type": "object", "ID": 1679, "title": "Title 1679"},
{"url": "/images/lockups/square_10.jpg", "type": "object", "ID": 1680, "title": "Title 1680"},
{"url": "/images/lockups/square_1.jpg", "type": "object", "ID": 1681, "title": "Title 1681"},
{"url": "/images/lockups/square_2.jpg", "type": "object", "ID": 1682, "title": "Title 1682"},
{"url": "/images/lockups/square_3.jpg", "type": "object", "ID": 1683, "title": "Title 1683"},
{"url": "/images/lockups/square_4.jpg", "type": "object", "ID": 1684, "title": "Title 1684"},
{"url": "/images/lockups/square_5.jpg", "type": "object", "ID": 1685, "title": "Title 1685"},
{"url": "/images/lockups/square_6.jpg", "type": "object", "ID": 1686, "title": "Title 1686"},
{"url": "/images/lockups/square_7.jpg", "type": "object", "ID": 1687, "title": "Title 1687"},
{"url": "/images/lockups/square_8.jpg", "type": "object", "ID": 1688, "title": "Title 1688"},
{"url": "/images/lockups/square_9.jpg", "type": "object", "ID": 1689, "title": "Title 1689"},
{"url": "/images/lockups/square_10.jpg", "type": "object", "ID": 1690, "title": "Title 1690"},
{"url": "/images/lockups/square_1.jpg", "type": "object", "ID": 1691, "title": "Title 1691"},
{"url": "/images/lockups/square_2.jpg", "type": "object", "ID": 1692, "title": "Title 1692"},
{"url": "/images/lockups/square_3.jpg", "type": "object", "ID": 1693, "title": "Title 1693"},
{"url": "/images/lockups/square_4.jpg", "type": "object", "ID": 1694, "title": "Title 1694"},
{"url": "/images/lockups/square_5.jpg", "type": "object", "ID": 1695, "title": "Title 1695"},
{"url": "/images/lockups/square_6.jpg", "type": "object", "ID": 1696, "title": "Title 1696"},
{"url": "/images/lockups/square_7.jpg", "type": "object", "ID": 1697, "title": "Title 1697"},
{"url": "/images/lockups/square_8.jpg", "type": "object", "ID": 1698, "title": "Title 1698"},
{"url": "/images/lockups/square_9.jpg", "type": "object", "ID": 1699, "title": "Title 1699"},
{"url": "/images/lockups/square_10.jpg", "type": "object", "ID": 1700, "title": "Title 1700"},
{"url": "/images/lockups/square_1.jpg", "type": "object", "ID": 1701, "title": "Title 1701"},
{"url": "/images/lockups/square_2.jpg", "type": "object", "ID": 1702, "title": "Title 1702"},
{"url": "/images/lockups/square_3.jpg", "type": "object", "ID": 1703, "title": "Title 1703"},
{"url": "/images/lockups/square_4.jpg", "type": "object", "ID": 1704, "title": "Title 1704"},
{"url": "/images/lockups/square_5.jpg", "type": "object", "ID": 1705, "title": "Title 1705"},
{"url": "/images/lockups/square_6.jpg", "type": "object", "ID": 1706, "title": "Title 1706"},
{"url": "/images/lockups/square_7.jpg", "type": "object", "ID": 1707, "title": "Title 1707"},
{"url": "/images/lockups/square_8.jpg", "type": "object", "ID": 1708, "title": "Title 1708"},
{"url": "/images/lockups/square_9.jpg", "type": "object", "ID": 1709, "title": "Title 1709"},
{"url": "/images/lockups/square_10.jpg", "type": "object", "ID": 1710, "title": "Title 1710"},
{"url": "/images/lockups/square_1.jpg", "type": "object", "ID": 1711, "title": "Title 1711"},
{"url": "/images/lockups/square_2.jpg", "type": "object", "ID": 1712, "title": "Title 1712"},
{"url": "/images/lockups/square_3.jpg", "type": "object", "ID": 1713, "title": "Title 1713"},
{"url": "/images/lockups/square_4.jpg", "type": "object", "ID": 1714, "title": "Title 1714"},
{"url": "/images/lockups/square_5.jpg", "type": "object", "ID": 1715, "title": "Title 1715"},
{"url": "/images/lockups/square_6.jpg", "type": "object", "ID": 1716, "title": "Title 1716"},
{"url": "/images/lockups/square_7.jpg", "type": "object", "ID": 1717, "title": "Title 1717"},
{"url": "/images/lockups/square_8.jpg", "type": "object", "ID": 1718, "title": "Title 1718"},
{"url": "/images/lockups/square_9.jpg", "type": "object", "ID": 1719, "title": "Title 1719"},
{"url": "/images/lockups/square_10.jpg", "type": "object", "ID": 1720, "title": "Title 1720"},
{"url": "/images/lockups/square_1.jpg", "type": "object", "ID": 1721, "title": "Title 1721"},
{"url": "/images/lockups/square_2.jpg", "type": "object", "ID": 1722, "title": "Title 1722"},
{"url": "/images/lockups/square_3.jpg", "type": "object", "ID": 1723, "title": "Title 1723"},
{"url": "/images/lockups/square_4.jpg", "type": "object", "ID": 1724, "title": "Title 1724"},
{"url": "/images/lockups/square_5.jpg", "type": "object", "ID": 1725, "title": "Title 1725"},
{"url": "/images/lockups/square_6.jpg", "type": "object", "ID": 1726, "title": "Title 1726"},
{"url": "/images/lockups/square_7.jpg", "type": "object", "ID": 1727, "title": "Title 1727"},
{"url": "/images/lockups/square_8.jpg", "type": "object", "ID": 1728, "title": "Title 1728"},
{"url": "/images/lockups/square_9.jpg", "type": "object", "ID": 1729, "title": "Title 1729"},
{"url": "/images/lockups/square_10.jpg", "type": "object", "ID": 1730, "title": "Title 1730"},
{"url": "/images/lockups/square_1.jpg", "type": "object", "ID": 1731, "title": "Title 1731"},
{"url": "/images/lockups/square_2.jpg", "type": "object", "ID": 1732, "title": "Title 1732"},
{"url": "/images/lockups/square_3.jpg", "type": "object", "ID": 1733, "title": "Title 1733"},
{"url": "/images/lockups/square_4.jpg", "type": "object", "ID": 1734, "title": "Title 1734"},
{"url": "/images/lockups/square_5.jpg", "type": "object", "ID": 1735, "title": "Title 1735"},
{"url": "/images/lockups/square_6.jpg", "type": "object", "ID": 1736, "title": "Title 1736"},
{"url": "/images/lockups/square_7.jpg", "type": "object", "ID": 1737, "title": "Title 1737"},
{"url": "/images/lockups/square_8.jpg", "type": "object", "ID": 1738, "title": "Title 1738"},
{"url": "/images/lockups/square_9.jpg", "type": "object", "ID": 1739, "title": "Title 1739"},
{"url": "/images/lockups/square_10.jpg", "type": "object", "ID": 1740, "title": "Title 1740"},
{"url": "/images/lockups/square_1.jpg", "type": "object", "ID": 1741, "title": "Title 1741"},
{"url": "/images/lockups/square_2.jpg", "type": "object", "ID": 1742, "title": "Title 1742"},
{"url": "/images/lockups/square_3.jpg", "type": "object", "ID": 1743, "title": "Title 1743"},
{"url": "/images/lockups/square_4.jpg", "type": "object", "ID": 1744, "title": "Title 1744"},
{"url": "/images/lockups/square_5.jpg", "type": "object", "ID": 1745, "title": "Title 1745"},
{"url": "/images/lockups/square_6.jpg", "type": "object", "ID": 1746, "title": "Title 1746"},
{"url": "/images/lockups/square_7.jpg", "type": "object", "ID": 1747, "title": "Title 1747"},
{"url": "/images/lockups/square_8.jpg", "type": "object", "ID": 1748, "title": "Title 1748"},
{"url": "/images/lockups/square_9.jpg", "type": "object", "ID": 1749, "title": "Title 1749"},
{"url": "/images/lockups/square_10.jpg", "type": "object", "ID": 1750, "title": "Title 1750"},
{"url": "/images/lockups/square_1.jpg", "type": "object", "ID": 1751, "title": "Title 1751"},
{"url": "/images/lockups/square_2.jpg", "type": "object", "ID": 1752, "title": "Title 1752"},
{"url": "/images/lockups/square_3.jpg", "type": "object", "ID": 1753, "title": "Title 1753"},
{"url": "/images/lockups/square_4.jpg", "type": "object", "ID": 1754, "title": "Title 1754"},
{"url": "/images/lockups/square_5.jpg", "type": "object", "ID": 1755, "title": "Title 1755"},
{"url": "/images/lockups/square_6.jpg", "type": "object", "ID": 1756, "title": "Title 1756"},
{"url": "/images/lockups/square_7.jpg", "type": "object", "ID": 1757, "title": "Title 1757"},
{"url": "/images/lockups/square_8.jpg", "type": "object", "ID": 1758, "title": "Title 1758"},
{"url": "/images/lockups/square_9.jpg", "type": "object", "ID": 1759, "title": "Title 1759"},
{"url": "/images/lockups/square_10.jpg", "type": "object", "ID": 1760, "title": "Title 1760"},
{"url": "/images/lockups/square_1.jpg", "type": "object", "ID": 1761, "title": "Title 1761"},
{"url": "/images/lockups/square_2.jpg", "type": "object", "ID": 1762, "title": "Title 1762"},
{"url": "/images/lockups/square_3.jpg", "type": "object", "ID": 1763, "title": "Title 1763"},
{"url": "/images/lockups/square_4.jpg", "type": "object", "ID": 1764, "title": "Title 1764"},
{"url": "/images/lockups/square_5.jpg", "type": "object", "ID": 1765, "title": "Title 1765"},
{"url": "/images/lockups/square_6.jpg", "type": "object", "ID": 1766, "title": "Title 1766"},
{"url": "/images/lockups/square_7.jpg", "type": "object", "ID": 1767, "title": "Title 1767"},
{"url": "/images/lockups/square_8.jpg", "type": "object", "ID": 1768, "title": "Title 1768"},
{"url": "/images/lockups/square_9.jpg", "type": "object", "ID": 1769, "title": "Title 1769"},
{"url": "/images/lockups/square_10.jpg", "type": "object", "ID": 1770, "title": "Title 1770"},
{"url": "/images/lockups/square_1.jpg", "type": "object", "ID": 1771, "title": "Title 1771"},
{"url": "/images/lockups/square_2.jpg", "type": "object", "ID": 1772, "title": "Title 1772"},
{"url": "/images/lockups/square_3.jpg", "type": "object", "ID": 1773, "title": "Title 1773"},
{"url": "/images/lockups/square_4.jpg", "type": "object", "ID": 1774, "title": "Title 1774"},
{"url": "/images/lockups/square_5.jpg", "type": "object", "ID": 1775, "title": "Title 1775"},
{"url": "/images/lockups/square_6.jpg", "type": "object", "ID": 1776, "title": "Title 1776"},
{"url": "/images/lockups/square_7.jpg", "type": "object", "ID": 1777, "title": "Title 1777"},
{"url": "/images/lockups/square_8.jpg", "type": "object", "ID": 1778, "title": "Title 1778"},
{"url": "/images/lockups/square_9.jpg", "type": "object", "ID": 1779, "title": "Title 1779"},
{"url": "/images/lockups/square_10.jpg", "type": "object", "ID": 1780, "title": "Title 1780"},
{"url": "/images/lockups/square_1.jpg", "type": "object", "ID": 1781, "title": "Title 1781"},
{"url": "/images/lockups/square_2.jpg", "type": "object", "ID": 1782, "title": "Title 1782"},
{"url": "/images/lockups/square_3.jpg", "type": "object", "ID": 1783, "title": "Title 1783"},
{"url": "/images/lockups/square_4.jpg", "type": "object", "ID": 1784, "title": "Title 1784"},
{"url": "/images/lockups/square_5.jpg", "type": "object", "ID": 1785, "title": "Title 1785"},
{"url": "/images/lockups/square_6.jpg", "type": "object", "ID": 1786, "title": "Title 1786"},
{"url": "/images/lockups/square_7.jpg", "type": "object", "ID": 1787, "title": "Title 1787"},
{"url": "/images/lockups/square_8.jpg", "type": "object", "ID": 1788, "title": "Title 1788"},
{"url": "/images/lockups/square_9.jpg", "type": "object", "ID": 1789, "title": "Title 1789"},
{"url": "/images/lockups/square_10.jpg", "type": "object", "ID": 1790, "title": "Title 1790"},
{"url": "/images/lockups/square_1.jpg", "type": "object", "ID": 1791, "title": "Title 1791"},
{"url": "/images/lockups/square_2.jpg", "type": "object", "ID": 1792, "title": "Title 1792"},
{"url": "/images/lockups/square_3.jpg", "type": "object", "ID": 1793, "title": "Title 1793"},
{"url": "/images/lockups/square_4.jpg", "type": "object", "ID": 1794, "title": "Title 1794"},
{"url": "/images/lockups/square_5.jpg", "type": "object", "ID": 1795, "title": "Title 1795"},
{"url": "/images/lockups/square_6.jpg", "type": "object", "ID": 1796, "title": "Title 1796"},
{"url": "/images/lockups/square_7.jpg", "type": "object", "ID": 1797, "title": "Title 1797"},
{"url": "/images/lockups/square_8.jpg", "type": "object", "ID": 1798, "title": "Title 1798"},
{"url": "/images/lockups/square_9.jpg", "type": "object", "ID": 1799, "title": "Title 1799"},
{"url": "/images/lockups/square_10.jpg", "type": "object", "ID": 1800, "title": "Title 1800"},
{"url": "/images/lockups/square_1.jpg", "type": "object", "ID": 1801, "title": "Title 1801"},
{"url": "/images/lockups/square_2.jpg", "type": "object", "ID": 1802, "title": "Title 1802"},
{"url": "/images/lockups/square_3.jpg", "type": "object", "ID": 1803, "title": "Title 1803"},
{"url": "/images/lockups/square_4.jpg", "type": "object", "ID": 1804, "title": "Title 1804"},
{"url": "/images/lockups/square_5.jpg", "type": "object", "ID": 1805, "title": "Title 1805"},
{"url": "/images/lockups/square_6.jpg", "type": "object", "ID": 1806, "title": "Title 1806"},
{"url": "/images/lockups/square_7.jpg", "type": "object", "ID": 1807, "title": "Title 1807"},
{"url": "/images/lockups/square_8.jpg", "type": "object", "ID": 1808, "title": "Title 1808"},
{"url": "/images/lockups/square_9.jpg", "type": "object", "ID": 1809, "title": "Title 1809"},
{"url": "/images/lockups/square_10.jpg", "type": "object", "ID": 1810, "title": "Title 1810"},
{"url": "/images/lockups/square_1.jpg", "type": "object", "ID": 1811, "title": "Title 1811"},
{"url": "/images/lockups/square_2.jpg", "type": "object", "ID": 1812, "title": "Title 1812"},
{"url": "/images/lockups/square_3.jpg", "type": "object", "ID": 1813, "title": "Title 1813"},
{"url": "/images/lockups/square_4.jpg", "type": "object", "ID": 1814, "title": "Title 1814"},
{"url": "/images/lockups/square_5.jpg", "type": "object", "ID": 1815, "title": "Title 1815"},
{"url": "/images/lockups/square_6.jpg", "type": "object", "ID": 1816, "title": "Title 1816"},
{"url": "/images/lockups/square_7.jpg", "type": "object", "ID": 1817, "title": "Title 1817"},
{"url": "/images/lockups/square_8.jpg", "type": "object", "ID": 1818, "title": "Title 1818"},
{"url": "/images/lockups/square_9.jpg", "type": "object", "ID": 1819, "title": "Title 1819"},
{"url": "/images/lockups/square_10.jpg", "type": "object", "ID": 1820, "title": "Title 1820"},
{"url": "/images/lockups/square_1.jpg", "type": "object", "ID": 1821, "title": "Title 1821"},
{"url": "/images/lockups/square_2.jpg", "type": "object", "ID": 1822, "title": "Title 1822"},
{"url": "/images/lockups/square_3.jpg", "type": "object", "ID": 1823, "title": "Title 1823"},
{"url": "/images/lockups/square_4.jpg", "type": "object", "ID": 1824, "title": "Title 1824"},
{"url": "/images/lockups/square_5.jpg", "type": "object", "ID": 1825, "title": "Title 1825"},
{"url": "/images/lockups/square_6.jpg", "type": "object", "ID": 1826, "title": "Title 1826"},
{"url": "/images/lockups/square_7.jpg", "type": "object", "ID": 1827, "title": "Title 1827"},
{"url": "/images/lockups/square_8.jpg", "type": "object", "ID": 1828, "title": "Title 1828"},
{"url": "/images/lockups/square_9.jpg", "type": "object", "ID": 1829, "title": "Title 1829"},
{"url": "/images/lockups/square_10.jpg", "type": "object", "ID": 1830, "title": "Title 1830"},
{"url": "/images/lockups/square_1.jpg", "type": "object", "ID": 1831, "title": "Title 1831"},
{"url": "/images/lockups/square_2.jpg", "type": "object", "ID": 1832, "title": "Title 1832"},
{"url": "/images/lockups/square_3.jpg", "type": "object", "ID": 1833, "title": "Title 1833"},
{"url": "/images/lockups/square_4.jpg", "type": "object", "ID": 1834, "title": "Title 1834"},
{"url": "/images/lockups/square_5.jpg", "type": "object", "ID": 1835, "title": "Title 1835"},
{"url": "/images/lockups/square_6.jpg", "type": "object", "ID": 1836, "title": "Title 1836"},
{"url": "/images/lockups/square_7.jpg", "type": "object", "ID": 1837, "title": "Title 1837"},
{"url": "/images/lockups/square_8.jpg", "type": "object", "ID": 1838, "title": "Title 1838"},
{"url": "/images/lockups/square_9.jpg", "type": "object", "ID": 1839, "title": "Title 1839"},
{"url": "/images/lockups/square_10.jpg", "type": "object", "ID": 1840, "title": "Title 1840"},
{"url": "/images/lockups/square_1.jpg", "type": "object", "ID": 1841, "title": "Title 1841"},
{"url": "/images/lockups/square_2.jpg", "type": "object", "ID": 1842, "title": "Title 1842"},
{"url": "/images/lockups/square_3.jpg", "type": "object", "ID": 1843, "title": "Title 1843"},
{"url": "/images/lockups/square_4.jpg", "type": "object", "ID": 1844, "title": "Title 1844"},
{"url": "/images/lockups/square_5.jpg", "type": "object", "ID": 1845, "title": "Title 1845"},
{"url": "/images/lockups/square_6.jpg", "type": "object", "ID": 1846, "title": "Title 1846"},
{"url": "/images/lockups/square_7.jpg", "type": "object", "ID": 1847, "title": "Title 1847"},
{"url": "/images/lockups/square_8.jpg", "type": "object", "ID": 1848, "title": "Title 1848"},
{"url": "/images/lockups/square_9.jpg", "type": "object", "ID": 1849, "title": "Title 1849"},
{"url": "/images/lockups/square_10.jpg", "type": "object", "ID": 1850, "title": "Title 1850"},
{"url": "/images/lockups/square_1.jpg", "type": "object", "ID": 1851, "title": "Title 1851"},
{"url": "/images/lockups/square_2.jpg", "type": "object", "ID": 1852, "title": "Title 1852"},
{"url": "/images/lockups/square_3.jpg", "type": "object", "ID": 1853, "title": "Title 1853"},
{"url": "/images/lockups/square_4.jpg", "type": "object", "ID": 1854, "title": "Title 1854"},
{"url": "/images/lockups/square_5.jpg", "type": "object", "ID": 1855, "title": "Title 1855"},
{"url": "/images/lockups/square_6.jpg", "type": "object", "ID": 1856, "title": "Title 1856"},
{"url": "/images/lockups/square_7.jpg", "type": "object", "ID": 1857, "title": "Title 1857"},
{"url": "/images/lockups/square_8.jpg", "type": "object", "ID": 1858, "title": "Title 1858"},
{"url": "/images/lockups/square_9.jpg", "type": "object", "ID": 1859, "title": "Title 1859"},
{"url": "/images/lockups/square_10.jpg", "type": "object", "ID": 1860, "title": "Title 1860"},
{"url": "/images/lockups/square_1.jpg", "type": "object", "ID": 1861, "title": "Title 1861"},
{"url": "/images/lockups/square_2.jpg", "type": "object", "ID": 1862, "title": "Title 1862"},
{"url": "/images/lockups/square_3.jpg", "type": "object", "ID": 1863, "title": "Title 1863"},
{"url": "/images/lockups/square_4.jpg", "type": "object", "ID": 1864, "title": "Title 1864"},
{"url": "/images/lockups/square_5.jpg", "type": "object", "ID": 1865, "title": "Title 1865"},
{"url": "/images/lockups/square_6.jpg", "type": "object", "ID": 1866, "title": "Title 1866"},
{"url": "/images/lockups/square_7.jpg", "type": "object", "ID": 1867, "title": "Title 1867"},
{"url": "/images/lockups/square_8.jpg", "type": "object", "ID": 1868, "title": "Title 1868"},
{"url": "/images/lockups/square_9.jpg", "type": "object", "ID": 1869, "title": "Title 1869"},
{"url": "/images/lockups/square_10.jpg", "type": "object", "ID": 1870, "title": "Title 1870"},
{"url": "/images/lockups/square_1.jpg", "type": "object", "ID": 1871, "title": "Title 1871"},
{"url": "/images/lockups/square_2.jpg", "type": "object", "ID": 1872, "title": "Title 1872"},
{"url": "/images/lockups/square_3.jpg", "type": "object", "ID": 1873, "title": "Title 1873"},
{"url": "/images/lockups/square_4.jpg", "type": "object", "ID": 1874, "title": "Title 1874"},
{"url": "/images/lockups/square_5.jpg", "type": "object", "ID": 1875, "title": "Title 1875"},
{"url": "/images/lockups/square_6.jpg", "type": "object", "ID": 1876, "title": "Title 1876"},
{"url": "/images/lockups/square_7.jpg", "type": "object", "ID": 1877, "title": "Title 1877"},
{"url": "/images/lockups/square_8.jpg", "type": "object", "ID": 1878, "title": "Title 1878"},
{"url": "/images/lockups/square_9.jpg", "type": "object", "ID": 1879, "title": "Title 1879"},
{"url": "/images/lockups/square_10.jpg", "type": "object", "ID": 1880, "title": "Title 1880"},
{"url": "/images/lockups/square_1.jpg", "type": "object", "ID": 1881, "title": "Title 1881"},
{"url": "/images/lockups/square_2.jpg", "type": "object", "ID": 1882, "title": "Title 1882"},
{"url": "/images/lockups/square_3.jpg", "type": "object", "ID": 1883, "title": "Title 1883"},
{"url": "/images/lockups/square_4.jpg", "type": "object", "ID": 1884, "title": "Title 1884"},
{"url": "/images/lockups/square_5.jpg", "type": "object", "ID": 1885, "title": "Title 1885"},
{"url": "/images/lockups/square_6.jpg", "type": "object", "ID": 1886, "title": "Title 1886"},
{"url": "/images/lockups/square_7.jpg", "type": "object", "ID": 1887, "title": "Title 1887"},
{"url": "/images/lockups/square_8.jpg", "type": "object", "ID": 1888, "title": "Title 1888"},
{"url": "/images/lockups/square_9.jpg", "type": "object", "ID": 1889, "title": "Title 1889"},
{"url": "/images/lockups/square_10.jpg", "type": "object", "ID": 1890, "title": "Title 1890"},
{"url": "/images/lockups/square_1.jpg", "type": "object", "ID": 1891, "title": "Title 1891"},
{"url": "/images/lockups/square_2.jpg", "type": "object", "ID": 1892, "title": "Title 1892"},
{"url": "/images/lockups/square_3.jpg", "type": "object", "ID": 1893, "title": "Title 1893"},
{"url": "/images/lockups/square_4.jpg", "type": "object", "ID": 1894, "title": "Title 1894"},
{"url": "/images/lockups/square_5.jpg", "type": "object", "ID": 1895, "title": "Title 1895"},
{"url": "/images/lockups/square_6.jpg", "type": "object", "ID": 1896, "title": "Title 1896"},
{"url": "/images/lockups/square_7.jpg", "type": "object", "ID": 1897, "title": "Title 1897"},
{"url": "/images/lockups/square_8.jpg", "type": "object", "ID": 1898, "title": "Title 1898"},
{"url": "/images/lockups/square_9.jpg", "type": "object", "ID": 1899, "title": "Title 1899"},
{"url": "/images/lockups/square_10.jpg", "type": "object", "ID": 1900, "title": "Title 1900"},
{"url": "/images/lockups/square_1.jpg", "type": "object", "ID": 1901, "title": "Title 1901"},
{"url": "/images/lockups/square_2.jpg", "type": "object", "ID": 1902, "title": "Title 1902"},
{"url": "/images/lockups/square_3.jpg", "type": "object", "ID": 1903, "title": "Title 1903"},
{"url": "/images/lockups/square_4.jpg", "type": "object", "ID": 1904, "title": "Title 1904"},
{"url": "/images/lockups/square_5.jpg", "type": "object", "ID": 1905, "title": "Title 1905"},
{"url": "/images/lockups/square_6.jpg", "type": "object", "ID": 1906, "title": "Title 1906"},
{"url": "/images/lockups/square_7.jpg", "type": "object", "ID": 1907, "title": "Title 1907"},
{"url": "/images/lockups/square_8.jpg", "type": "object", "ID": 1908, "title": "Title 1908"},
{"url": "/images/lockups/square_9.jpg", "type": "object", "ID": 1909, "title": "Title 1909"},
{"url": "/images/lockups/square_10.jpg", "type": "object", "ID": 1910, "title": "Title 1910"},
{"url": "/images/lockups/square_1.jpg", "type": "object", "ID": 1911, "title": "Title 1911"},
{"url": "/images/lockups/square_2.jpg", "type": "object", "ID": 1912, "title": "Title 1912"},
{"url": "/images/lockups/square_3.jpg", "type": "object", "ID": 1913, "title": "Title 1913"},
{"url": "/images/lockups/square_4.jpg", "type": "object", "ID": 1914, "title": "Title 1914"},
{"url": "/images/lockups/square_5.jpg", "type": "object", "ID": 1915, "title": "Title 1915"},
{"url": "/images/lockups/square_6.jpg", "type": "object", "ID": 1916, "title": "Title 1916"},
{"url": "/images/lockups/square_7.jpg", "type": "object", "ID": 1917, "title": "Title 1917"},
{"url": "/images/lockups/square_8.jpg", "type": "object", "ID": 1918, "title": "Title 1918"},
{"url": "/images/lockups/square_9.jpg", "type": "object", "ID": 1919, "title": "Title 1919"},
{"url": "/images/lockups/square_10.jpg", "type": "object", "ID": 1920, "title": "Title 1920"},
{"url": "/images/lockups/square_1.jpg", "type": "object", "ID": 1921, "title": "Title 1921"},
{"url": "/images/lockups/square_2.jpg", "type": "object", "ID": 1922, "title": "Title 1922"},
{"url": "/images/lockups/square_3.jpg", "type": "object", "ID": 1923, "title": "Title 1923"},
{"url": "/images/lockups/square_4.jpg", "type": "object", "ID": 1924, "title": "Title 1924"},
{"url": "/images/lockups/square_5.jpg", "type": "object", "ID": 1925, "title": "Title 1925"},
{"url": "/images/lockups/square_6.jpg", "type": "object", "ID": 1926, "title": "Title 1926"},
{"url": "/images/lockups/square_7.jpg", "type": "object", "ID": 1927, "title": "Title 1927"},
{"url": "/images/lockups/square_8.jpg", "type": "object", "ID": 1928, "title": "Title 1928"},
{"url": "/images/lockups/square_9.jpg", "type": "object", "ID": 1929, "title": "Title 1929"},
{"url": "/images/lockups/square_10.jpg", "type": "object", "ID": 1930, "title": "Title 1930"},
{"url": "/images/lockups/square_1.jpg", "type": "object", "ID": 1931, "title": "Title 1931"},
{"url": "/images/lockups/square_2.jpg", "type": "object", "ID": 1932, "title": "Title 1932"},
{"url": "/images/lockups/square_3.jpg", "type": "object", "ID": 1933, "title": "Title 1933"},
{"url": "/images/lockups/square_4.jpg", "type": "object", "ID": 1934, "title": "Title 1934"},
{"url": "/images/lockups/square_5.jpg", "type": "object", "ID": 1935, "title": "Title 1935"},
{"url": "/images/lockups/square_6.jpg", "type": "object", "ID": 1936, "title": "Title 1936"},
{"url": "/images/lockups/square_7.jpg", "type": "object", "ID": 1937, "title": "Title 1937"},
{"url": "/images/lockups/square_8.jpg", "type": "object", "ID": 1938, "title": "Title 1938"},
{"url": "/images/lockups/square_9.jpg", "type": "object", "ID": 1939, "title": "Title 1939"},
{"url": "/images/lockups/square_10.jpg", "type": "object", "ID": 1940, "title": "Title 1940"},
{"url": "/images/lockups/square_1.jpg", "type": "object", "ID": 1941, "title": "Title 1941"},
{"url": "/images/lockups/square_2.jpg", "type": "object", "ID": 1942, "title": "Title 1942"},
{"url": "/images/lockups/square_3.jpg", "type": "object", "ID": 1943, "title": "Title 1943"},
{"url": "/images/lockups/square_4.jpg", "type": "object", "ID": 1944, "title": "Title 1944"},
{"url": "/images/lockups/square_5.jpg", "type": "object", "ID": 1945, "title": "Title 1945"},
{"url": "/images/lockups/square_6.jpg", "type": "object", "ID": 1946, "title": "Title 1946"},
{"url": "/images/lockups/square_7.jpg", "type": "object", "ID": 1947, "title": "Title 1947"},
{"url": "/images/lockups/square_8.jpg", "type": "object", "ID": 1948, "title": "Title 1948"},
{"url": "/images/lockups/square_9.jpg", "type": "object", "ID": 1949, "title": "Title 1949"},
{"url": "/images/lockups/square_10.jpg", "type": "object", "ID": 1950, "title": "Title 1950"},
{"url": "/images/lockups/square_1.jpg", "type": "object", "ID": 1951, "title": "Title 1951"},
{"url": "/images/lockups/square_2.jpg", "type": "object", "ID": 1952, "title": "Title 1952"},
{"url": "/images/lockups/square_3.jpg", "type": "object", "ID": 1953, "title": "Title 1953"},
{"url": "/images/lockups/square_4.jpg", "type": "object", "ID": 1954, "title": "Title 1954"},
{"url": "/images/lockups/square_5.jpg", "type": "object", "ID": 1955, "title": "Title 1955"},
{"url": "/images/lockups/square_6.jpg", "type": "object", "ID": 1956, "title": "Title 1956"},
{"url": "/images/lockups/square_7.jpg", "type": "object", "ID": 1957, "title": "Title 1957"},
{"url": "/images/lockups/square_8.jpg", "type": "object", "ID": 1958, "title": "Title 1958"},
{"url": "/images/lockups/square_9.jpg", "type": "object", "ID": 1959, "title": "Title 1959"},
{"url": "/images/lockups/square_10.jpg", "type": "object", "ID": 1960, "title": "Title 1960"},
{"url": "/images/lockups/square_1.jpg", "type": "object", "ID": 1961, "title": "Title 1961"},
{"url": "/images/lockups/square_2.jpg", "type": "object", "ID": 1962, "title": "Title 1962"},
{"url": "/images/lockups/square_3.jpg", "type": "object", "ID": 1963, "title": "Title 1963"},
{"url": "/images/lockups/square_4.jpg", "type": "object", "ID": 1964, "title": "Title 1964"},
{"url": "/images/lockups/square_5.jpg", "type": "object", "ID": 1965, "title": "Title 1965"},
{"url": "/images/lockups/square_6.jpg", "type": "object", "ID": 1966, "title": "Title 1966"},
{"url": "/images/lockups/square_7.jpg", "type": "object", "ID": 1967, "title": "Title 1967"},
{"url": "/images/lockups/square_8.jpg", "type": "object", "ID": 1968, "title": "Title 1968"},
{"url": "/images/lockups/square_9.jpg", "type": "object", "ID": 1969, "title": "Title 1969"},
{"url": "/images/lockups/square_10.jpg", "type": "object", "ID": 1970, "title": "Title 1970"},
{"url": "/images/lockups/square_1.jpg", "type": "object", "ID": 1971, "title": "Title 1971"},
{"url": "/images/lockups/square_2.jpg", "type": "object", "ID": 1972, "title": "Title 1972"},
{"url": "/images/lockups/square_3.jpg", "type": "object", "ID": 1973, "title": "Title 1973"},
{"url": "/images/lockups/square_4.jpg", "type": "object", "ID": 1974, "title": "Title 1974"},
{"url": "/images/lockups/square_5.jpg", "type": "object", "ID": 1975, "title": "Title 1975"},
{"url": "/images/lockups/square_6.jpg", "type": "object", "ID": 1976, "title": "Title 1976"},
{"url": "/images/lockups/square_7.jpg", "type": "object", "ID": 1977, "title": "Title 1977"},
{"url": "/images/lockups/square_8.jpg", "type": "object", "ID": 1978, "title": "Title 1978"},
{"url": "/images/lockups/square_9.jpg", "type": "object", "ID": 1979, "title": "Title 1979"},
{"url": "/images/lockups/square_10.jpg", "type": "object", "ID": 1980, "title": "Title 1980"},
{"url": "/images/lockups/square_1.jpg", "type": "object", "ID": 1981, "title": "Title 1981"},
{"url": "/images/lockups/square_2.jpg", "type": "object", "ID": 1982, "title": "Title 1982"},
{"url": "/images/lockups/square_3.jpg", "type": "object", "ID": 1983, "title": "Title 1983"},
{"url": "/images/lockups/square_4.jpg", "type": "object", "ID": 1984, "title": "Title 1984"},
{"url": "/images/lockups/square_5.jpg", "type": "object", "ID": 1985, "title": "Title 1985"},
{"url": "/images/lockups/square_6.jpg", "type": "object", "ID": 1986, "title": "Title 1986"},
{"url": "/images/lockups/square_7.jpg", "type": "object", "ID": 1987, "title": "Title 1987"},
{"url": "/images/lockups/square_8.jpg", "type": "object", "ID": 1988, "title": "Title 1988"},
{"url": "/images/lockups/square_9.jpg", "type": "object", "ID": 1989, "title": "Title 1989"},
{"url": "/images/lockups/square_10.jpg", "type": "object", "ID": 1990, "title": "Title 1990"},
{"url": "/images/lockups/square_1.jpg", "type": "object", "ID": 1991, "title": "Title 1991"},
{"url": "/images/lockups/square_2.jpg", "type": "object", "ID": 1992, "title": "Title 1992"},
{"url": "/images/lockups/square_3.jpg", "type": "object", "ID": 1993, "title": "Title 1993"},
{"url": "/images/lockups/square_4.jpg", "type": "object", "ID": 1994, "title": "Title 1994"},
{"url": "/images/lockups/square_5.jpg", "type": "object", "ID": 1995, "title": "Title 1995"},
{"url": "/images/lockups/square_6.jpg", "type": "object", "ID": 1996, "title": "Title 1996"},
{"url": "/images/lockups/square_7.jpg", "type": "object", "ID": 1997, "title": "Title 1997"},
{"url": "/images/lockups/square_8.jpg", "type": "object", "ID": 1998, "title": "Title 1998"},
{"url": "/images/lockups/square_9.jpg", "type": "object", "ID": 1999, "title": "Title 1999"},
{"url": "/images/lockups/square_10.jpg", "type": "object", "ID": 2000, "title": "Title 2000"}]}
