{ "items": [
{"url": "/images/lockups/square_1.jpg", "type": "object", "ID": 501, "title": "Title 501"},
{"url": "/images/lockups/square_2.jpg", "type": "object", "ID": 502, "title": "Title 502"},
{"url": "/images/lockups/square_3.jpg", "type": "object", "ID": 503, "title": "Title 503"},
{"url": "/images/lockups/square_4.jpg", "type": "object", "ID": 504, "title": "Title 504"},
{"url": "/images/lockups/square_5.jpg", "type": "object", "ID": 505, "title": "Title 505"},
{"url": "/images/lockups/square_6.jpg", "type": "object", "ID": 506, "title": "Title 506"},
{"url": "/images/lockups/square_7.jpg", "type": "object", "ID": 507, "title": "Title 507"},
{"url": "/images/lockups/square_8.jpg", "type": "object", "ID": 508, "title": "Title 508"},
{"url": "/images/lockups/square_9.jpg", "type": "object", "ID": 509, "title": "Title 509"},
{"url": "/images/lockups/square_10.jpg", "type": "object", "ID": 510, "title": "Title 510"},
{"url": "/images/lockups/square_1.jpg", "type": "object", "ID": 511, "title": "Title 511"},
{"url": "/images/lockups/square_2.jpg", "type": "object", "ID": 512, "title": "Title 512"},
{"url": "/images/lockups/square_3.jpg", "type": "object", "ID": 513, "title": "Title 513"},
{"url": "/images/lockups/square_4.jpg", "type": "object", "ID": 514, "title": "Title 514"},
{"url": "/images/lockups/square_5.jpg", "type": "object", "ID": 515, "title": "Title 515"},
{"url": "/images/lockups/square_6.jpg", "type": "object", "ID": 516, "title": "Title 516"},
{"url": "/images/lockups/square_7.jpg", "type": "object", "ID": 517, "title": "Title 517"},
{"url": "/images/lockups/square_8.jpg", "type": "object", "ID": 518, "title": "Title 518"},
{"url": "/images/lockups/square_9.jpg", "type": "object", "ID": 519, "title": "Title 519"},
{"url": "/images/lockups/square_10.jpg", "type": "object", "ID": 520, "title": "Title 520"},
{"url": "/images/lockups/square_1.jpg", "type": "object", "ID": 521, "title": "Title 521"},
{"url": "/images/lockups/square_2.jpg", "type": "object", "ID": 522, "title": "Title 522"},
{"url": "/images/lockups/square_3.jpg", "type": "object", "ID": 523, "title": "Title 523"},
{"url": "/images/lockups/square_4.jpg", "type": "object", "ID": 524, "title": "Title 524"},
{"url": "/images/lockups/square_5.jpg", "type": "object", "ID": 525, "title": "Title 525"},
{"url": "/images/lockups/square_6.jpg", "type": "object", "ID": 526, "title": "Title 526"},
{"url": "/images/lockups/square_7.jpg", "type": "object", "ID": 527, "title": "Title 527"},
{"url": "/images/lockups/square_8.jpg", "type": "object", "ID": 528, "title": "Title 528"},
{"url": "/images/lockups/square_9.jpg", "type": "object", "ID": 529, "title": "Title 529"},
{"url": "/images/lockups/square_10.jpg", "type": "object", "ID": 530, "title": "Title 530"},
{"url": "/images/lockups/square_1.jpg", "type": "object", "ID": 531, "title": "Title 531"},
{"url": "/images/lockups/square_2.jpg", "type": "object", "ID": 532, "title": "Title 532"},
{"url": "/images/lockups/square_3.jpg", "type": "object", "ID": 533, "title": "Title 533"},
{"url": "/images/lockups/square_4.jpg", "type": "object", "ID": 534, "title": "Title 534"},
{"url": "/images/lockups/square_5.jpg", "type": "object", "ID": 535, "title": "Title 535"},
{"url": "/images/lockups/square_6.jpg", "type": "object", "ID": 536, "title": "Title 536"},
{"url": "/images/lockups/square_7.jpg", "type": "object", "ID": 537, "title": "Title 537"},
{"url": "/images/lockups/square_8.jpg", "type": "object", "ID": 538, "title": "Title 538"},
{"url": "/images/lockups/square_9.jpg", "type": "object", "ID": 539, "title": "Title 539"},
{"url": "/images/lockups/square_10.jpg", "type": "object", "ID": 540, "title": "Title 540"},
{"url": "/images/lockups/square_1.jpg", "type": "object", "ID": 541, "title": "Title 541"},
{"url": "/images/lockups/square_2.jpg", "type": "object", "ID": 542, "title": "Title 542"},
{"url": "/images/lockups/square_3.jpg", "type": "object", "ID": 543, "title": "Title 543"},
{"url": "/images/lockups/square_4.jpg", "type": "object", "ID": 544, "title": "Title 544"},
{"url": "/images/lockups/square_5.jpg", "type": "object", "ID": 545, "title": "Title 545"},
{"url": "/images/lockups/square_6.jpg", "type": "object", "ID": 546, "title": "Title 546"},
{"url": "/images/lockups/square_7.jpg", "type": "object", "ID": 547, "title": "Title 547"},
{"url": "/images/lockups/square_8.jpg", "type": "object", "ID": 548, "title": "Title 548"},
{"url": "/images/lockups/square_9.jpg", "type": "object", "ID": 549, "title": "Title 549"},
{"url": "/images/lockups/square_10.jpg", "type": "object", "ID": 550, "title": "Title 550"},
{"url": "/images/lockups/square_1.jpg", "type": "object", "ID": 551, "title": "Title 551"},
{"url": "/images/lockups/square_2.jpg", "type": "object", "ID": 552, "title": "Title 552"},
{"url": "/images/lockups/square_3.jpg", "type": "object", "ID": 553, "title": "Title 553"},
{"url": "/images/lockups/square_4.jpg", "type": "object", "ID": 554, "title": "Title 554"},
{"url": "/images/lockups/square_5.jpg", "type": "object", "ID": 555, "title": "Title 555"},
{"url": "/images/lockups/square_6.jpg", "type": "object", "ID": 556, "title": "Title 556"},
{"url": "/images/lockups/square_7.jpg", "type": "object", "ID": 557, "title": "Title 557"},
{"url": "/images/lockups/square_8.jpg", "type": "object", "ID": 558, "title": "Title 558"},
{"url": "/images/lockups/square_9.jpg", "type": "object", "ID": 559, "title": "Title 559"},
{"url": "/images/lockups/square_10.jpg", "type": "object", "ID": 560, "title": "Title 560"},
{"url": "/images/lockups/square_1.jpg", "type": "object", "ID": 561, "title": "Title 561"},
{"url": "/images/lockups/square_2.jpg", "type": "object", "ID": 562, "title": "Title 562"},
{"url": "/images/lockups/square_3.jpg", "type": "object", "ID": 563, "title": "Title 563"},
{"url": "/images/lockups/square_4.jpg", "type": "object", "ID": 564, "title": "Title 564"},
{"url": "/images/lockups/square_5.jpg", "type": "object", "ID": 565, "title": "Title 565"},
{"url": "/images/lockups/square_6.jpg", "type": "object", "ID": 566, "title": "Title 566"},
{"url": "/images/lockups/square_7.jpg", "type": "object", "ID": 567, "title": "Title 567"},
{"url": "/images/lockups/square_8.jpg", "type": "object", "ID": 568, "title": "Title 568"},
{"url": "/images/lockups/square_9.jpg", "type": "object", "ID": 569, "title": "Title 569"},
{"url": "/images/lockups/square_10.jpg", "type": "object", "ID": 570, "title": "Title 570"},
{"url": "/images/lockups/square_1.jpg", "type": "object", "ID": 571, "title": "Title 571"},
{"url": "/images/lockups/square_2.jpg", "type": "object", "ID": 572, "title": "Title 572"},
{"url": "/images/lockups/square_3.jpg", "type": "object", "ID": 573, "title": "Title 573"},
{"url": "/images/lockups/square_4.jpg", "type": "object", "ID": 574, "title": "Title 574"},
{"url": "/images/lockups/square_5.jpg", "type": "object", "ID": 575, "title": "Title 575"},
{"url": "/images/lockups/square_6.jpg", "type": "object", "ID": 576, "title": "Title 576"},
{"url": "/images/lockups/square_7.jpg", "type": "object", "ID": 577, "title": "Title 577"},
{"url": "/images/lockups/square_8.jpg", "type": "object", "ID": 578, "title": "Title 578"},
{"url": "/images/lockups/square_9.jpg", "type": "object", "ID": 579, "title": "Title 579"},
{"url": "/images/lockups/square_10.jpg", "type": "object", "ID": 580, "title": "Title 580"},
{"url": "/images/lockups/square_1.jpg", "type": "object", "ID": 581, "title": "Title 581"},
{"url": "/images/lockups/square_2.jpg", "type": "object", "ID": 582, "title": "Title 582"},
{"url": "/images/lockups/square_3.jpg", "type": "object", "ID": 583, "title": "Title 583"},
{"url": "/images/lockups/square_4.jpg", "type": "object", "ID": 584, "title": "Title 584"},
{"url": "/images/lockups/square_5.jpg", "type": "object", "ID": 585, "title": "Title 585"},
{"url": "/images/lockups/square_6.jpg", "type": "object", "ID": 586, "title": "Title 586"},
{"url": "/images/lockups/square_7.jpg", "type": "object", "ID": 587, "title": "Title 587"},
{"url": "/images/lockups/square_8.jpg", "type": "object", "ID": 588, "title": "Title 588"},
{"url": "/images/lockups/square_9.jpg", "type": "object", "ID": 589, "title": "Title 589"},
{"url": "/images/lockups/square_10.jpg", "type": "object", "ID": 590, "title": "Title 590"},
{"url": "/images/lockups/square_1.jpg", "type": "object", "ID": 591, "title": "Title 591"},
{"url": "/images/lockups/square_2.jpg", "type": "object", "ID": 592, "title": "Title 592"},
{"url": "/images/lockups/square_3.jpg", "type": "object", "ID": 593, "title": "Title 593"},
{"url": "/images/lockups/square_4.jpg", "type": "object", "ID": 594, "title": "Title 594"},
{"url": "/images/lockups/square_5.jpg", "type": "object", "ID": 595, "title": "Title 595"},
{"url": "/images/lockups/square_6.jpg", "type": "object", "ID": 596, "title": "Title 596"},
{"url": "/images/lockups/square_7.jpg", "type": "object", "ID": 597, "title": "Title 597"},
{"url": "/images/lockups/square_8.jpg", "type": "object", "ID": 598, "title": "Title 598"},
{"url": "/images/lockups/square_9.jpg", "type": "object", "ID": 599, "title": "Title 599"},
{"url": "/images/lockups/square_10.jpg", "type": "object", "ID": 600, "title": "Title 600"},
{"url": "/images/lockups/square_1.jpg", "type": "object", "ID": 601, "title": "Title 601"},
{"url": "/images/lockups/square_2.jpg", "type": "object", "ID": 602, "title": "Title 602"},
{"url": "/images/lockups/square_3.jpg", "type": "object", "ID": 603, "title": "Title 603"},
{"url": "/images/lockups/square_4.jpg", "type": "object", "ID": 604, "title": "Title 604"},
{"url": "/images/lockups/square_5.jpg", "type": "object", "ID": 605, "title": "Title 605"},
{"url": "/images/lockups/square_6.jpg", "type": "object", "ID": 606, "title": "Title 606"},
{"url": "/images/lockups/square_7.jpg", "type": "object", "ID": 607, "title": "Title 607"},
{"url": "/images/lockups/square_8.jpg", "type": "object", "ID": 608, "title": "Title 608"},
{"url": "/images/lockups/square_9.jpg", "type": "object", "ID": 609, "title": "Title 609"},
{"url": "/images/lockups/square_10.jpg", "type": "object", "ID": 610, "title": "Title 610"},
{"url": "/images/lockups/square_1.jpg", "type": "object", "ID": 611, "title": "Title 611"},
{"url": "/images/lockups/square_2.jpg", "type": "object", "ID": 612, "title": "Title 612"},
{"url": "/images/lockups/square_3.jpg", "type": "object", "ID": 613, "title": "Title 613"},
{"url": "/images/lockups/square_4.jpg", "type": "object", "ID": 614, "title": "Title 614"},
{"url": "/images/lockups/square_5.jpg", "type": "object", "ID": 615, "title": "Title 615"},
{"url": "/images/lockups/square_6.jpg", "type": "object", "ID": 616, "title": "Title 616"},
{"url": "/images/lockups/square_7.jpg", "type": "object", "ID": 617, "title": "Title 617"},
{"url": "/images/lockups/square_8.jpg", "type": "object", "ID": 618, "title": "Title 618"},
{"url": "/images/lockups/square_9.jpg", "type": "object", "ID": 619, "title": "Title 619"},
{"url": "/images/lockups/square_10.jpg", "type": "object", "ID": 620, "title": "Title 620"},
{"url": "/images/lockups/square_1.jpg", "type": "object", "ID": 621, "title": "Title 621"},
{"url": "/images/lockups/square_2.jpg", "type": "object", "ID": 622, "title": "Title 622"},
{"url": "/images/lockups/square_3.jpg", "type": "object", "ID": 623, "title": "Title 623"},
{"url": "/images/lockups/square_4.jpg", "type": "object", "ID": 624, "title": "Title 624"},
{"url": "/images/lockups/square_5.jpg", "type": "object", "ID": 625, "title": "Title 625"},
{"url": "/images/lockups/square_6.jpg", "type": "object", "ID": 626, "title": "Title 626"},
{"url": "/images/lockups/square_7.jpg", "type": "object", "ID": 627, "title": "Title 627"},
{"url": "/images/lockups/square_8.jpg", "type": "object", "ID": 628, "title": "Title 628"},
{"url": "/images/lockups/square_9.jpg", "type": "object", "ID": 629, "title": "Title 629"},
{"url": "/images/lockups/square_10.jpg", "type": "object", "ID": 630, "title": "Title 630"},
{"url": "/images/lockups/square_1.jpg", "type": "object", "ID": 631, "title": "Title 631"},
{"url": "/images/lockups/square_2.jpg", "type": "object", "ID": 632, "title": "Title 632"},
{"url": "/images/lockups/square_3.jpg", "type": "object", "ID": 633, "title": "Title 633"},
{"url": "/images/lockups/square_4.jpg", "type": "object", "ID": 634, "title": "Title 634"},
{"url": "/images/lockups/square_5.jpg", "type": "object", "ID": 635, "title": "Title 635"},
{"url": "/images/lockups/square_6.jpg", "type": "object", "ID": 636, "title": "Title 636"},
{"url": "/images/lockups/square_7.jpg", "type": "object", "ID": 637, "title": "Title 637"},
{"url": "/images/lockups/square_8.jpg", "type": "object", "ID": 638, "title": "Title 638"},
{"url": "/images/lockups/square_9.jpg", "type": "object", "ID": 639, "title": "Title 639"},
{"url": "/images/lockups/square_10.jpg", "type": "object", "ID": 640, "title": "Title 640"},
{"url": "/images/lockups/square_1.jpg", "type": "object", "ID": 641, "title": "Title 641"},
{"url": "/images/lockups/square_2.jpg", "type": "object", "ID": 642, "title": "Title 642"},
{"url": "/images/lockups/square_3.jpg", "type": "object", "ID": 643, "title": "Title 643"},
{"url": "/images/lockups/square_4.jpg", "type": "object", "ID": 644, "title": "Title 644"},
{"url": "/images/lockups/square_5.jpg", "type": "object", "ID": 645, "title": "Title 645"},
{"url": "/images/lockups/square_6.jpg", "type": "object", "ID": 646, "title": "Title 646"},
{"url": "/images/lockups/square_7.jpg", "type": "object", "ID": 647, "title": "Title 647"},
{"url": "/images/lockups/square_8.jpg", "type": "object", "ID": 648, "title": "Title 648"},
{"url": "/images/lockups/square_9.jpg", "type": "object", "ID": 649, "title": "Title 649"},
{"url": "/images/lockups/square_10.jpg", "type": "object", "ID": 650, "title": "Title 650"},
{"url": "/images/lockups/square_1.jpg", "type": "object", "ID": 651, "title": "Title 651"},
{"url": "/images/lockups/square_2.jpg", "type": "object", "ID": 652, "title": "Title 652"},
{"url": "/images/lockups/square_3.jpg", "type": "object", "ID": 653, "title": "Title 653"},
{"url": "/images/lockups/square_4.jpg", "type": "object", "ID": 654, "title": "Title 654"},
{"url": "/images/lockups/square_5.jpg", "type": "object", "ID": 655, "title": "Title 655"},
{"url": "/images/lockups/square_6.jpg", "type": "object", "ID": 656, "title": "Title 656"},
{"url": "/images/lockups/square_7.jpg", "type": "object", "ID": 657, "title": "Title 657"},
{"url": "/images/lockups/square_8.jpg", "type": "object", "ID": 658, "title": "Title 658"},
{"url": "/images/lockups/square_9.jpg", "type": "object", "ID": 659, "title": "Title 659"},
{"url": "/images/lockups/square_10.jpg", "type": "object", "ID": 660, "title": "Title 660"},
{"url": "/images/lockups/square_1.jpg", "type": "object", "ID": 661, "title": "Title 661"},
{"url": "/images/lockups/square_2.jpg", "type": "object", "ID": 662, "title": "Title 662"},
{"url": "/images/lockups/square_3.jpg", "type": "object", "ID": 663, "title": "Title 663"},
{"url": "/images/lockups/square_4.jpg", "type": "object", "ID": 664, "title": "Title 664"},
{"url": "/images/lockups/square_5.jpg", "type": "object", "ID": 665, "title": "Title 665"},
{"url": "/images/lockups/square_6.jpg", "type": "object", "ID": 666, "title": "Title 666"},
{"url": "/images/lockups/square_7.jpg", "type": "object", "ID": 667, "title": "Title 667"},
{"url": "/images/lockups/square_8.jpg", "type": "object", "ID": 668, "title": "Title 668"},
{"url": "/images/lockups/square_9.jpg", "type": "object", "ID": 669, "title": "Title 669"},
{"url": "/images/lockups/square_10.jpg", "type": "object", "ID": 670, "title": "Title 670"},
{"url": "/images/lockups/square_1.jpg", "type": "object", "ID": 671, "title": "Title 671"},
{"url": "/images/lockups/square_2.jpg", "type": "object", "ID": 672, "title": "Title 672"},
{"url": "/images/lockups/square_3.jpg", "type": "object", "ID": 673, "title": "Title 673"},
{"url": "/images/lockups/square_4.jpg", "type": "object", "ID": 674, "title": "Title 674"},
{"url": "/images/lockups/square_5.jpg", "type": "object", "ID": 675, "title": "Title 675"},
{"url": "/images/lockups/square_6.jpg", "type": "object", "ID": 676, "title": "Title 676"},
{"url": "/images/lockups/square_7.jpg", "type": "object", "ID": 677, "title": "Title 677"},
{"url": "/images/lockups/square_8.jpg", "type": "object", "ID": 678, "title": "Title 678"},
{"url": "/images/lockups/square_9.jpg", "type": "object", "ID": 679, "title": "Title 679"},
{"url": "/images/lockups/square_10.jpg", "type": "object", "ID": 680, "title": "Title 680"},
{"url": "/images/lockups/square_1.jpg", "type": "object", "ID": 681, "title": "Title 681"},
{"url": "/images/lockups/square_2.jpg", "type": "object", "ID": 682, "title": "Title 682"},
{"url": "/images/lockups/square_3.jpg", "type": "object", "ID": 683, "title": "Title 683"},
{"url": "/images/lockups/square_4.jpg", "type": "object", "ID": 684, "title": "Title 684"},
{"url": "/images/lockups/square_5.jpg", "type": "object", "ID": 685, "title": "Title 685"},
{"url": "/images/lockups/square_6.jpg", "type": "object", "ID": 686, "title": "Title 686"},
{"url": "/images/lockups/square_7.jpg", "type": "object", "ID": 687, "title": "Title 687"},
{"url": "/images/lockups/square_8.jpg", "type": "object", "ID": 688, "title": "Title 688"},
{"url": "/images/lockups/square_9.jpg", "type": "object", "ID": 689, "title": "Title 689"},
{"url": "/images/lockups/square_10.jpg", "type": "object", "ID": 690, "title": "Title 690"},
{"url": "/images/lockups/square_1.jpg", "type": "object", "ID": 691, "title": "Title 691"},
{"url": "/images/lockups/square_2.jpg", "type": "object", "ID": 692, "title": "Title 692"},
{"url": "/images/lockups/square_3.jpg", "type": "object", "ID": 693, "title": "Title 693"},
{"url": "/images/lockups/square_4.jpg", "type": "object", "ID": 694, "title": "Title 694"},
{"url": "/images/lockups/square_5.jpg", "type": "object", "ID": 695, "title": "Title 695"},
{"url": "/images/lockups/square_6.jpg", "type": "object", "ID": 696, "title": "Title 696"},
{"url": "/images/lockups/square_7.jpg", "type": "object", "ID": 697, "title": "Title 697"},
{"url": "/images/lockups/square_8.jpg", "type": "object", "ID": 698, "title": "Title 698"},
{"url": "/images/lockups/square_9.jpg", "type": "object", "ID": 699, "title": "Title 699"},
{"url": "/images/lockups/square_10.jpg", "type": "object", "ID": 700, "title": "Title 700"},
{"url": "/images/lockups/square_1.jpg", "type": "object", "ID": 701, "title": "Title 701"},
{"url": "/images/lockups/square_2.jpg", "type": "object", "ID": 702, "title": "Title 702"},
{"url": "/images/lockups/square_3.jpg", "type": "object", "ID": 703, "title": "Title 703"},
{"url": "/images/lockups/square_4.jpg", "type": "object", "ID": 704, "title": "Title 704"},
{"url": "/images/lockups/square_5.jpg", "type": "object", "ID": 705, "title": "Title 705"},
{"url": "/images/lockups/square_6.jpg", "type": "object", "ID": 706, "title": "Title 706"},
{"url": "/images/lockups/square_7.jpg", "type": "object", "ID": 707, "title": "Title 707"},
{"url": "/images/lockups/square_8.jpg", "type": "object", "ID": 708, "title": "Title 708"},
{"url": "/images/lockups/square_9.jpg", "type": "object", "ID": 709, "title": "Title 709"},
{"url": "/images/lockups/square_10.jpg", "type": "object", "ID": 710, "title": "Title 710"},
{"url": "/images/lockups/square_1.jpg", "type": "object", "ID": 711, "title": "Title 711"},
{"url": "/images/lockups/square_2.jpg", "type": "object", "ID": 712, "title": "Title 712"},
{"url": "/images/lockups/square_3.jpg", "type": "object", "ID": 713, "title": "Title 713"},
{"url": "/images/lockups/square_4.jpg", "type": "object", "ID": 714, "title": "Title 714"},
{"url": "/images/lockups/square_5.jpg", "type": "object", "ID": 715, "title": "Title 715"},
{"url": "/images/lockups/square_6.jpg", "type": "object", "ID": 716, "title": "Title 716"},
{"url": "/images/lockups/square_7.jpg", "type": "object", "ID": 717, "title": "Title 717"},
{"url": "/images/lockups/square_8.jpg", "type": "object", "ID": 718, "title": "Title 718"},
{"url": "/images/lockups/square_9.jpg", "type": "object", "ID": 719, "title": "Title 719"},
{"url": "/images/lockups/square_10.jpg", "type": "object", "ID": 720, "title": "Title 720"},
{"url": "/images/lockups/square_1.jpg", "type": "object", "ID": 721, "title": "Title 721"},
{"url": "/images/lockups/square_2.jpg", "type": "object", "ID": 722, "title": "Title 722"},
{"url": "/images/lockups/square_3.jpg", "type": "object", "ID": 723, "title": "Title 723"},
{"url": "/images/lockups/square_4.jpg", "type": "object", "ID": 724, "title": "Title 724"},
{"url": "/images/lockups/square_5.jpg", "type": "object", "ID": 725, "title": "Title 725"},
{"url": "/images/lockups/square_6.jpg", "type": "object", "ID": 726, "title": "Title 726"},
{"url": "/images/lockups/square_7.jpg", "type": "object", "ID": 727, "title": "Title 727"},
{"url": "/images/lockups/square_8.jpg", "type": "object", "ID": 728, "title": "Title 728"},
{"url": "/images/lockups/square_9.jpg", "type": "object", "ID": 729, "title": "Title 729"},
{"url": "/images/lockups/square_10.jpg", "type": "object", "ID": 730, "title": "Title 730"},
{"url": "/images/lockups/square_1.jpg", "type": "object", "ID": 731, "title": "Title 731"},
{"url": "/images/lockups/square_2.jpg", "type": "object", "ID": 732, "title": "Title 732"},
{"url": "/images/lockups/square_3.jpg", "type": "object", "ID": 733, "title": "Title 733"},
{"url": "/images/lockups/square_4.jpg", "type": "object", "ID": 734, "title": "Title 734"},
{"url": "/images/lockups/square_5.jpg", "type": "object", "ID": 735, "title": "Title 735"},
{"url": "/images/lockups/square_6.jpg", "type": "object", "ID": 736, "title": "Title 736"},
{"url": "/images/lockups/square_7.jpg", "type": "object", "ID": 737, "title": "Title 737"},
{"url": "/images/lockups/square_8.jpg", "type": "object", "ID": 738, "title": "Title 738"},
{"url": "/images/lockups/square_9.jpg", "type": "object", "ID": 739, "title": "Title 739"},
{"url": "/images/lockups/square_10.jpg", "type": "object", "ID": 740, "title": "Title 740"},
{"url": "/images/lockups/square_1.jpg", "type": "object", "ID": 741, "title": "Title 741"},
{"url": "/images/lockups/square_2.jpg", "type": "object", "ID": 742, "title": "Title 742"},
{"url": "/images/lockups/square_3.jpg", "type": "object", "ID": 743, "title": "Title 743"},
{"url": "/images/lockups/square_4.jpg", "type": "object", "ID": 744, "title": "Title 744"},
{"url": "/images/lockups/square_5.jpg", "type": "object", "ID": 745, "title": "Title 745"},
{"url": "/images/lockups/square_6.jpg", "type": "object", "ID": 746, "title": "Title 746"},
{"url": "/images/lockups/square_7.jpg", "type": "object", "ID": 747, "title": "Title 747"},
{"url": "/images/lockups/square_8.jpg", "type": "object", "ID": 748, "title": "Title 748"},
{"url": "/images/lockups/square_9.jpg", "type": "object", "ID": 749, "title": "Title 749"},
{"url": "/images/lockups/square_10.jpg", "type": "object", "ID": 750, "title": "Title 750"},
{"url": "/images/lockups/square_1.jpg", "type": "object", "ID": 751, "title": "Title 751"},
{"url": "/images/lockups/square_2.jpg", "type": "object", "ID": 752, "title": "Title 752"},
{"url": "/images/lockups/square_3.jpg", "type": "object", "ID": 753, "title": "Title 753"},
{"url": "/images/lockups/square_4.jpg", "type": "object", "ID": 754, "title": "Title 754"},
{"url": "/images/lockups/square_5.jpg", "type": "object", "ID": 755, "title": "Title 755"},
{"url": "/images/lockups/square_6.jpg", "type": "object", "ID": 756, "title": "Title 756"},
{"url": "/images/lockups/square_7.jpg", "type": "object", "ID": 757, "title": "Title 757"},
{"url": "/images/lockups/square_8.jpg", "type": "object", "ID": 758, "title": "Title 758"},
{"url": "/images/lockups/square_9.jpg", "type": "object", "ID": 759, "title": "Title 759"},
{"url": "/images/lockups/square_10.jpg", "type": "object", "ID": 760, "title": "Title 760"},
{"url": "/images/lockups/square_1.jpg", "type": "object", "ID": 761, "title": "Title 761"},
{"url": "/images/lockups/square_2.jpg", "type": "object", "ID": 762, "title": "Title 762"},
{"url": "/images/lockups/square_3.jpg", "type": "object", "ID": 763, "title": "Title 763"},
{"url": "/images/lockups/square_4.jpg", "type": "object", "ID": 764, "title": "Title 764"},
{"url": "/images/lockups/square_5.jpg", "type": "object", "ID": 765, "title": "Title 765"},
{"url": "/images/lockups/square_6.jpg", "type": "object", "ID": 766, "title": "Title 766"},
{"url": "/images/lockups/square_7.jpg", "type": "object", "ID": 767, "title": "Title 767"},
{"url": "/images/lockups/square_8.jpg", "type": "object", "ID": 768, "title": "Title 768"},
{"url": "/images/lockups/square_9.jpg", "type": "object", "ID": 769, "title": "Title 769"},
{"url": "/images/lockups/square_10.jpg", "type": "object", "ID": 770, "title": "Title 770"},
{"url": "/images/lockups/square_1.jpg", "type": "object", "ID": 771, "title": "Title 771"},
{"url": "/images/lockups/square_2.jpg", "type": "object", "ID": 772, "title": "Title 772"},
{"url": "/images/lockups/square_3.jpg", "type": "object", "ID": 773, "title": "Title 773"},
{"url": "/images/lockups/square_4.jpg", "type": "object", "ID": 774, "title": "Title 774"},
{"url": "/images/lockups/square_5.jpg", "type": "object", "ID": 775, "title": "Title 775"},
{"url": "/images/lockups/square_6.jpg", "type": "object", "ID": 776, "title": "Title 776"},
{"url": "/images/lockups/square_7.jpg", "type": "object", "ID": 777, "title": "Title 777"},
{"url": "/images/lockups/square_8.jpg", "type": "object", "ID": 778, "title": "Title 778"},
{"url": "/images/lockups/square_9.jpg", "type": "object", "ID": 779, "title": "Title 779"},
{"url": "/images/lockups/square_10.jpg", "type": "object", "ID": 780, "title": "Title 780"},
{"url": "/images/lockups/square_1.jpg", "type": "object", "ID": 781, "title": "Title 781"},
{"url": "/images/lockups/square_2.jpg", "type": "object", "ID": 782, "title": "Title 782"},
{"url": "/images/lockups/square_3.jpg", "type": "object", "ID": 783, "title": "Title 783"},
{"url": "/images/lockups/square_4.jpg", "type": "object", "ID": 784, "title": "Title 784"},
{"url": "/images/lockups/square_5.jpg", "type": "object", "ID": 785, "title": "Title 785"},
{"url": "/images/lockups/square_6.jpg", "type": "object", "ID": 786, "title": "Title 786"},
{"url": "/images/lockups/square_7.jpg", "type": "object", "ID": 787, "title": "Title 787"},
{"url": "/images/lockups/square_8.jpg", "type": "object", "ID": 788, "title": "Title 788"},
{"url": "/images/lockups/square_9.jpg", "type": "object", "ID": 789, "title": "Title 789"},
{"url": "/images/lockups/square_10.jpg", "type": "object", "ID": 790, "title": "Title 790"},
{"url": "/images/lockups/square_1.jpg", "type": "object", "ID": 791, "title": "Title 791"},
{"url": "/images/lockups/square_2.jpg", "type": "object", "ID": 792, "title": "Title 792"},
{"url": "/images/lockups/square_3.jpg", "type": "object", "ID": 793, "title": "Title 793"},
{"url": "/images/lockups/square_4.jpg", "type": "object", "ID": 794, "title": "Title 794"},
{"url": "/images/lockups/square_5.jpg", "type": "object", "ID": 795, "title": "Title 795"},
{"url": "/images/lockups/square_6.jpg", "type": "object", "ID": 796, "title": "Title 796"},
{"url": "/images/lockups/square_7.jpg", "type": "object", "ID": 797, "title": "Title 797"},
{"url": "/images/lockups/square_8.jpg", "type": "object", "ID": 798, "title": "Title 798"},
{"url": "/images/lockups/square_9.jpg", "type": "object", "ID": 799, "title": "Title 799"},
{"url": "/images/lockups/square_10.jpg", "type": "object", "ID": 800, "title": "Title 800"},
{"url": "/images/lockups/square_1.jpg", "type": "object", "ID": 801, "title": "Title 801"},
{"url": "/images/lockups/square_2.jpg", "type": "object", "ID": 802, "title": "Title 802"},
{"url": "/images/lockups/square_3.jpg", "type": "object", "ID": 803, "title": "Title 803"},
{"url": "/images/lockups/square_4.jpg", "type": "object", "ID": 804, "title": "Title 804"},
{"url": "/images/lockups/square_5.jpg", "type": "object", "ID": 805, "title": "Title 805"},
{"url": "/images/lockups/square_6.jpg", "type": "object", "ID": 806, "title": "Title 806"},
{"url": "/images/lockups/square_7.jpg", "type": "object", "ID": 807, "title": "Title 807"},
{"url": "/images/lockups/square_8.jpg", "type": "object", "ID": 808, "title": "Title 808"},
{"url": "/images/lockups/square_9.jpg", "type": "object", "ID": 809, "title": "Title 809"},
{"url": "/images/lockups/square_10.jpg", "type": "object", "ID": 810, "title": "Title 810"},
{"url": "/images/lockups/square_1.jpg", "type": "object", "ID": 811, "title": "Title 811"},
{"url": "/images/lockups/square_2.jpg", "type": "object", "ID": 812, "title": "Title 812"},
{"url": "/images/lockups/square_3.jpg", "type": "object", "ID": 813, "title": "Title 813"},
{"url": "/images/lockups/square_4.jpg", "type": "object", "ID": 814, "title": "Title 814"},
{"url": "/images/lockups/square_5.jpg", "type": "object", "ID": 815, "title": "Title 815"},
{"url": "/images/lockups/square_6.jpg", "type": "object", "ID": 816, "title": "Title 816"},
{"url": "/images/lockups/square_7.jpg", "type": "object", "ID": 817, "title": "Title 817"},
{"url": "/images/lockups/square_8.jpg", "type": "object", "ID": 818, "title": "Title 818"},
{"url": "/images/lockups/square_9.jpg", "type": "object", "ID": 819, "title": "Title 819"},
{"url": "/images/lockups/square_10.jpg", "type": "object", "ID": 820, "title": "Title 820"},
{"url": "/images/lockups/square_1.jpg", "type": "object", "ID": 821, "title": "Title 821"},
{"url": "/images/lockups/square_2.jpg", "type": "object", "ID": 822, "title": "Title 822"},
{"url": "/images/lockups/square_3.jpg", "type": "object", "ID": 823, "title": "Title 823"},
{"url": "/images/lockups/square_4.jpg", "type": "object", "ID": 824, "title": "Title 824"},
{"url": "/images/lockups/square_5.jpg", "type": "object", "ID": 825, "title": "Title 825"},
{"url": "/images/lockups/square_6.jpg", "type": "object", "ID": 826, "title": "Title 826"},
{"url": "/images/lockups/square_7.jpg", "type": "object", "ID": 827, "title": "Title 827"},
{"url": "/images/lockups/square_8.jpg", "type": "object", "ID": 828, "title": "Title 828"},
{"url": "/images/lockups/square_9.jpg", "type": "object", "ID": 829, "title": "Title 829"},
{"url": "/images/lockups/square_10.jpg", "type": "object", "ID": 830, "title": "Title 830"},
{"url": "/images/lockups/square_1.jpg", "type": "object", "ID": 831, "title": "Title 831"},
{"url": "/images/lockups/square_2.jpg", "type": "object", "ID": 832, "title": "Title 832"},
{"url": "/images/lockups/square_3.jpg", "type": "object", "ID": 833, "title": "Title 833"},
{"url": "/images/lockups/square_4.jpg", "type": "object", "ID": 834, "title": "Title 834"},
{"url": "/images/lockups/square_5.jpg", "type": "object", "ID": 835, "title": "Title 835"},
{"url": "/images/lockups/square_6.jpg", "type": "object", "ID": 836, "title": "Title 836"},
{"url": "/images/lockups/square_7.jpg", "type": "object", "ID": 837, "title": "Title 837"},
{"url": "/images/lockups/square_8.jpg", "type": "object", "ID": 838, "title": "Title 838"},
{"url": "/images/lockups/square_9.jpg", "type": "object", "ID": 839, "title": "Title 839"},
{"url": "/images/lockups/square_10.jpg", "type": "object", "ID": 840, "title": "Title 840"},
{"url": "/images/lockups/square_1.jpg", "type": "object", "ID": 841, "title": "Title 841"},
{"url": "/images/lockups/square_2.jpg", "type": "object", "ID": 842, "title": "Title 842"},
{"url": "/images/lockups/square_3.jpg", "type": "object", "ID": 843, "title": "Title 843"},
{"url": "/images/lockups/square_4.jpg", "type": "object", "ID": 844, "title": "Title 844"},
{"url": "/images/lockups/square_5.jpg", "type": "object", "ID": 845, "title": "Title 845"},
{"url": "/images/lockups/square_6.jpg", "type": "object", "ID": 846, "title": "Title 846"},
{"url": "/images/lockups/square_7.jpg", "type": "object", "ID": 847, "title": "Title 847"},
{"url": "/images/lockups/square_8.jpg", "type": "object", "ID": 848, "title": "Title 848"},
{"url": "/images/lockups/square_9.jpg", "type": "object", "ID": 849, "title": "Title 849"},
{"url": "/images/lockups/square_10.jpg", "type": "object", "ID": 850, "title": "Title 850"},
{"url": "/images/lockups/square_1.jpg", "type": "object", "ID": 851, "title": "Title 851"},
{"url": "/images/lockups/square_2.jpg", "type": "object", "ID": 852, "title": "Title 852"},
{"url": "/images/lockups/square_3.jpg", "type": "object", "ID": 853, "title": "Title 853"},
{"url": "/images/lockups/square_4.jpg", "type": "object", "ID": 854, "title": "Title 854"},
{"url": "/images/lockups/square_5.jpg", "type": "object", "ID": 855, "title": "Title 855"},
{"url": "/images/lockups/square_6.jpg", "type": "object", "ID": 856, "title": "Title 856"},
{"url": "/images/lockups/square_7.jpg", "type": "object", "ID": 857, "title": "Title 857"},
{"url": "/images/lockups/square_8.jpg", "type": "object", "ID": 858, "title": "Title 858"},
{"url": "/images/lockups/square_9.jpg", "type": "object", "ID": 859, "title": "Title 859"},
{"url": "/images/lockups/square_10.jpg", "type": "object", "ID": 860, "title": "Title 860"},
{"url": "/images/lockups/square_1.jpg", "type": "object", "ID": 861, "title": "Title 861"},
{"url": "/images/lockups/square_2.jpg", "type": "object", "ID": 862, "title": "Title 862"},
{"url": "/images/lockups/square_3.jpg", "type": "object", "ID": 863, "title": "Title 863"},
{"url": "/images/lockups/square_4.jpg", "type": "object", "ID": 864, "title": "Title 864"},
{"url": "/images/lockups/square_5.jpg", "type": "object", "ID": 865, "title": "Title 865"},
{"url": "/images/lockups/square_6.jpg", "type": "object", "ID": 866, "title": "Title 866"},
{"url": "/images/lockups/square_7.jpg", "type": "object", "ID": 867, "title": "Title 867"},
{"url": "/images/lockups/square_8.jpg", "type": "object", "ID": 868, "title": "Title 868"},
{"url": "/images/lockups/square_9.jpg", "type": "object", "ID": 869, "title": "Title 869"},
{"url": "/images/lockups/square_10.jpg", "type": "object", "ID": 870, "title": "Title 870"},
{"url": "/images/lockups/square_1.jpg", "type": "object", "ID": 871, "title": "Title 871"},
{"url": "/images/lockups/square_2.jpg", "type": "object", "ID": 872, "title": "Title 872"},
{"url": "/images/lockups/square_3.jpg", "type": "object", "ID": 873, "title": "Title 873"},
{"url": "/images/lockups/square_4.jpg", "type": "object", "ID": 874, "title": "Title 874"},
{"url": "/images/lockups/square_5.jpg", "type": "object", "ID": 875, "title": "Title 875"},
{"url": "/images/lockups/square_6.jpg", "type": "object", "ID": 876, "title": "Title 876"},
{"url": "/images/lockups/square_7.jpg", "type": "object", "ID": 877, "title": "Title 877"},
{"url": "/images/lockups/square_8.jpg", "type": "object", "ID": 878, "title": "Title 878"},
{"url": "/images/lockups/square_9.jpg", "type": "object", "ID": 879, "title": "Title 879"},
{"url": "/images/lockups/square_10.jpg", "type": "object", "ID": 880, "title": "Title 880"},
{"url": "/images/lockups/square_1.jpg", "type": "object", "ID": 881, "title": "Title 881"},
{"url": "/images/lockups/square_2.jpg", "type": "object", "ID": 882, "title": "Title 882"},
{"url": "/images/lockups/square_3.jpg", "type": "object", "ID": 883, "title": "Title 883"},
{"url": "/images/lockups/square_4.jpg", "type": "object", "ID": 884, "title": "Title 884"},
{"url": "/images/lockups/square_5.jpg", "type": "object", "ID": 885, "title": "Title 885"},
{"url": "/images/lockups/square_6.jpg", "type": "object", "ID": 886, "title": "Title 886"},
{"url": "/images/lockups/square_7.jpg", "type": "object", "ID": 887, "title": "Title 887"},
{"url": "/images/lockups/square_8.jpg", "type": "object", "ID": 888, "title": "Title 888"},
{"url": "/images/lockups/square_9.jpg", "type": "object", "ID": 889, "title": "Title 889"},
{"url": "/images/lockups/square_10.jpg", "type": "object", "ID": 890, "title": "Title 890"},
{"url": "/images/lockups/square_1.jpg", "type": "object", "ID": 891, "title": "Title 891"},
{"url": "/images/lockups/square_2.jpg", "type": "object", "ID": 892, "title": "Title 892"},
{"url": "/images/lockups/square_3.jpg", "type": "object", "ID": 893, "title": "Title 893"},
{"url": "/images/lockups/square_4.jpg", "type": "object", "ID": 894, "title": "Title 894"},
{"url": "/images/lockups/square_5.jpg", "type": "object", "ID": 895, "title": "Title 895"},
{"url": "/images/lockups/square_6.jpg", "type": "object", "ID": 896, "title": "Title 896"},
{"url": "/images/lockups/square_7.jpg", "type": "object", "ID": 897, "title": "Title 897"},
{"url": "/images/lockups/square_8.jpg", "type": "object", "ID": 898, "title": "Title 898"},
{"url": "/images/lockups/square_9.jpg", "type": "object", "ID": 899, "title": "Title 899"},
{"url": "/images/lockups/square_10.jpg", "type": "object", "ID": 900, "title": "Title 900"},
{"url": "/images/lockups/square_1.jpg", "type": "object", "ID": 901, "title": "Title 901"},
{"url": "/images/lockups/square_2.jpg", "type": "object", "ID": 902, "title": "Title 902"},
{"url": "/images/lockups/square_3.jpg", "type": "object", "ID": 903, "title": "Title 903"},
{"url": "/images/lockups/square_4.jpg", "type": "object", "ID": 904, "title": "Title 904"},
{"url": "/images/lockups/square_5.jpg", "type": "object", "ID": 905, "title": "Title 905"},
{"url": "/images/lockups/square_6.jpg", "type": "object", "ID": 906, "title": "Title 906"},
{"url": "/images/lockups/square_7.jpg", "type": "object", "ID": 907, "title": "Title 907"},
{"url": "/images/lockups/square_8.jpg", "type": "object", "ID": 908, "title": "Title 908"},
{"url": "/images/lockups/square_9.jpg", "type": "object", "ID": 909, "title": "Title 909"},
{"url": "/images/lockups/square_10.jpg", "type": "object", "ID": 910, "title": "Title 910"},
{"url": "/images/lockups/square_1.jpg", "type": "object", "ID": 911, "title": "Title 911"},
{"url": "/images/lockups/square_2.jpg", "type": "object", "ID": 912, "title": "Title 912"},
{"url": "/images/lockups/square_3.jpg", "type": "object", "ID": 913, "title": "Title 913"},
{"url": "/images/lockups/square_4.jpg", "type": "object", "ID": 914, "title": "Title 914"},
{"url": "/images/lockups/square_5.jpg", "type": "object", "ID": 915, "title": "Title 915"},
{"url": "/images/lockups/square_6.jpg", "type": "object", "ID": 916, "title": "Title 916"},
{"url": "/images/lockups/square_7.jpg", "type": "object", "ID": 917, "title": "Title 917"},
{"url": "/images/lockups/square_8.jpg", "type": "object", "ID": 918, "title": "Title 918"},
{"url": "/images/lockups/square_9.jpg", "type": "object", "ID": 919, "title": "Title 919"},
{"url": "/images/lockups/square_10.jpg", "type": "object", "ID": 920, "title": "Title 920"},
{"url": "/images/lockups/square_1.jpg", "type": "object", "ID": 921, "title": "Title 921"},
{"url": "/images/lockups/square_2.jpg", "type": "object", "ID": 922, "title": "Title 922"},
{"url": "/images/lockups/square_3.jpg", "type": "object", "ID": 923, "title": "Title 923"},
{"url": "/images/lockups/square_4.jpg", "type": "object", "ID": 924, "title": "Title 924"},
{"url": "/images/lockups/square_5.jpg", "type": "object", "ID": 925, "title": "Title 925"},
{"url": "/images/lockups/square_6.jpg", "type": "object", "ID": 926, "title": "Title 926"},
{"url": "/images/lockups/square_7.jpg", "type": "object", "ID": 927, "title": "Title 927"},
{"url": "/images/lockups/square_8.jpg", "type": "object", "ID": 928, "title": "Title 928"},
{"url": "/images/lockups/square_9.jpg", "type": "object", "ID": 929, "title": "Title 929"},
{"url": "/images/lockups/square_10.jpg", "type": "object", "ID": 930, "title": "Title 930"},
{"url": "/images/lockups/square_1.jpg", "type": "object", "ID": 931, "title": "Title 931"},
{"url": "/images/lockups/square_2.jpg", "type": "object", "ID": 932, "title": "Title 932"},
{"url": "/images/lockups/square_3.jpg", "type": "object", "ID": 933, "title": "Title 933"},
{"url": "/images/lockups/square_4.jpg", "type": "object", "ID": 934, "title": "Title 934"},
{"url": "/images/lockups/square_5.jpg", "type": "object", "ID": 935, "title": "Title 935"},
{"url": "/images/lockups/square_6.jpg", "type": "object", "ID": 936, "title": "Title 936"},
{"url": "/images/lockups/square_7.jpg", "type": "object", "ID": 937, "title": "Title 937"},
{"url": "/images/lockups/square_8.jpg", "type": "object", "ID": 938, "title": "Title 938"},
{"url": "/images/lockups/square_9.jpg", "type": "object", "ID": 939, "title": "Title 939"},
{"url": "/images/lockups/square_10.jpg", "type": "object", "ID": 940, "title": "Title 940"},
{"url": "/images/lockups/square_1.jpg", "type": "object", "ID": 941, "title": "Title 941"},
{"url": "/images/lockups/square_2.jpg", "type": "object", "ID": 942, "title": "Title 942"},
{"url": "/images/lockups/square_3.jpg", "type": "object", "ID": 943, "title": "Title 943"},
{"url": "/images/lockups/square_4.jpg", "type": "object", "ID": 944, "title": "Title 944"},
{"url": "/images/lockups/square_5.jpg", "type": "object", "ID": 945, "title": "Title 945"},
{"url": "/images/lockups/square_6.jpg", "type": "object", "ID": 946, "title": "Title 946"},
{"url": "/images/lockups/square_7.jpg", "type": "object", "ID": 947, "title": "Title 947"},
{"url": "/images/lockups/square_8.jpg", "type": "object", "ID": 948, "title": "Title 948"},
{"url": "/images/lockups/square_9.jpg", "type": "object", "ID": 949, "title": "Title 949"},
{"url": "/images/lockups/square_10.jpg", "type": "object", "ID": 950, "title": "Title 950"},
{"url": "/images/lockups/square_1.jpg", "type": "object", "ID": 951, "title": "Title 951"},
{"url": "/images/lockups/square_2.jpg", "type": "object", "ID": 952, "title": "Title 952"},
{"url": "/images/lockups/square_3.jpg", "type": "object", "ID": 953, "title": "Title 953"},
{"url": "/images/lockups/square_4.jpg", "type": "object", "ID": 954, "title": "Title 954"},
{"url": "/images/lockups/square_5.jpg", "type": "object", "ID": 955, "title": "Title 955"},
{"url": "/images/lockups/square_6.jpg", "type": "object", "ID": 956, "title": "Title 956"},
{"url": "/images/lockups/square_7.jpg", "type": "object", "ID": 957, "title": "Title 957"},
{"url": "/images/lockups/square_8.jpg", "type": "object", "ID": 958, "title": "Title 958"},
{"url": "/images/lockups/square_9.jpg", "type": "object", "ID": 959, "title": "Title 959"},
{"url": "/images/lockups/square_10.jpg", "type": "object", "ID": 960, "title": "Title 960"},
{"url": "/images/lockups/square_1.jpg", "type": "object", "ID": 961, "title": "Title 961"},
{"url": "/images/lockups/square_2.jpg", "type": "object", "ID": 962, "title": "Title 962"},
{"url": "/images/lockups/square_3.jpg", "type": "object", "ID": 963, "title": "Title 963"},
{"url": "/images/lockups/square_4.jpg", "type": "object", "ID": 964, "title": "Title 964"},
{"url": "/images/lockups/square_5.jpg", "type": "object", "ID": 965, "title": "Title 965"},
{"url": "/images/lockups/square_6.jpg", "type": "object", "ID": 966, "title": "Title 966"},
{"url": "/images/lockups/square_7.jpg", "type": "object", "ID": 967, "title": "Title 967"},
{"url": "/images/lockups/square_8.jpg", "type": "object", "ID": 968, "title": "Title 968"},
{"url": "/images/lockups/square_9.jpg", "type": "object", "ID": 969, "title": "Title 969"},
{"url": "/images/lockups/square_10.jpg", "type": "object", "ID": 970, "title": "Title 970"},
{"url": "/images/lockups/square_1.jpg", "type": "object", "ID": 971, "title": "Title 971"},
{"url": "/images/lockups/square_2.jpg", "type": "object", "ID": 972, "title": "Title 972"},
{"url": "/images/lockups/square_3.jpg", "type": "object", "ID": 973, "title": "Title 973"},
{"url": "/images/lockups/square_4.jpg", "type": "object", "ID": 974, "title": "Title 974"},
{"url": "/images/lockups/square_5.jpg", "type": "object", "ID": 975, "title": "Title 975"},
{"url": "/images/lockups/square_6.jpg", "type": "object", "ID": 976, "title": "Title 976"},
{"url": "/images/lockups/square_7.jpg", "type": "object", "ID": 977, "title": "Title 977"},
{"url": "/images/lockups/square_8.jpg", "type": "object", "ID": 978, "title": "Title 978"},
{"url": "/images/lockups/square_9.jpg", "type": "object", "ID": 979, "title": "Title 979"},
{"url": "/images/lockups/square_10.jpg", "type": "object", "ID": 980, "title": "Title 980"},
{"url": "/images/lockups/square_1.jpg", "type": "object", "ID": 981, "title": "Title 981"},
{"url": "/images/lockups/square_2.jpg", "type": "object", "ID": 982, "title": "Title 982"},
{"url": "/images/lockups/square_3.jpg", "type": "object", "ID": 983, "title": "Title 983"},
{"url": "/images/lockups/square_4.jpg", "type": "object", "ID": 984, "title": "Title 984"},
{"url": "/images/lockups/square_5.jpg", "type": "object", "ID": 985, "title": "Title 985"},
{"url": "/images/lockups/square_6.jpg", "type": "object", "ID": 986, "title": "Title 986"},
{"url": "/images/lockups/square_7.jpg", "type": "object", "ID": 987, "title": "Title 987"},
{"url": "/images/lockups/square_8.jpg", "type": "object", "ID": 988, "title": "Title 988"},
{"url": "/images/lockups/square_9.jpg", "type": "object", "ID": 989, "title": "Title 989"},
{"url": "/images/lockups/square_10.jpg", "type": "object", "ID": 990, "title": "Title 990"},
{"url": "/images/lockups/square_1.jpg", "type": "object", "ID": 991, "title": "Title 991"},
{"url": "/images/lockups/square_2.jpg", "type": "object", "ID": 992, "title": "Title 992"},
{"url": "/images/lockups/square_3.jpg", "type": "object", "ID": 993, "title": "Title 993"},
{"url": "/images/lockups/square_4.jpg", "type": "object", "ID": 994, "title": "Title 994"},
{"url": "/images/lockups/square_5.jpg", "type": "object", "ID": 995, "title": "Title 995"},
{"url": "/images/lockups/square_6.jpg", "type": "object", "ID": 996, "title": "Title 996"},
{"url": "/images/lockups/square_7.jpg", "type": "object", "ID": 997, "title": "Title 997"},
{"url": "/images/lockups/square_8.jpg", "type": "object", "ID": 998, "title": "Title 998"},
{"url": "/images/lockups/square_9.jpg", "type": "object", "ID": 999, "title": "Title 999"},
{"url": "/images/lockups/square_10.jpg", "type": "object", "ID": 1000, "title": "Title 1000"}]}
