{ "items": [
{"url": "/images/lockups/square_1.jpg", "type": "object", "ID": 3001, "title": "Title 3001"},
{"url": "/images/lockups/square_2.jpg", "type": "object", "ID": 3002, "title": "Title 3002"},
{"url": "/images/lockups/square_3.jpg", "type": "object", "ID": 3003, "title": "Title 3003"},
{"url": "/images/lockups/square_4.jpg", "type": "object", "ID": 3004, "title": "Title 3004"},
{"url": "/images/lockups/square_5.jpg", "type": "object", "ID": 3005, "title": "Title 3005"},
{"url": "/images/lockups/square_6.jpg", "type": "object", "ID": 3006, "title": "Title 3006"},
{"url": "/images/lockups/square_7.jpg", "type": "object", "ID": 3007, "title": "Title 3007"},
{"url": "/images/lockups/square_8.jpg", "type": "object", "ID": 3008, "title": "Title 3008"},
{"url": "/images/lockups/square_9.jpg", "type": "object", "ID": 3009, "title": "Title 3009"},
{"url": "/images/lockups/square_10.jpg", "type": "object", "ID": 3010, "title": "Title 3010"},
{"url": "/images/lockups/square_1.jpg", "type": "object", "ID": 3011, "title": "Title 3011"},
{"url": "/images/lockups/square_2.jpg", "type": "object", "ID": 3012, "title": "Title 3012"},
{"url": "/images/lockups/square_3.jpg", "type": "object", "ID": 3013, "title": "Title 3013"},
{"url": "/images/lockups/square_4.jpg", "type": "object", "ID": 3014, "title": "Title 3014"},
{"url": "/images/lockups/square_5.jpg", "type": "object", "ID": 3015, "title": "Title 3015"},
{"url": "/images/lockups/square_6.jpg", "type": "object", "ID": 3016, "title": "Title 3016"},
{"url": "/images/lockups/square_7.jpg", "type": "object", "ID": 3017, "title": "Title 3017"},
{"url": "/images/lockups/square_8.jpg", "type": "object", "ID": 3018, "title": "Title 3018"},
{"url": "/images/lockups/square_9.jpg", "type": "object", "ID": 3019, "title": "Title 3019"},
{"url": "/images/lockups/square_10.jpg", "type": "object", "ID": 3020, "title": "Title 3020"},
{"url": "/images/lockups/square_1.jpg", "type": "object", "ID": 3021, "title": "Title 3021"},
{"url": "/images/lockups/square_2.jpg", "type": "object", "ID": 3022, "title": "Title 3022"},
{"url": "/images/lockups/square_3.jpg", "type": "object", "ID": 3023, "title": "Title 3023"},
{"url": "/images/lockups/square_4.jpg", "type": "object", "ID": 3024, "title": "Title 3024"},
{"url": "/images/lockups/square_5.jpg", "type": "object", "ID": 3025, "title": "Title 3025"},
{"url": "/images/lockups/square_6.jpg", "type": "object", "ID": 3026, "title": "Title 3026"},
{"url": "/images/lockups/square_7.jpg", "type": "object", "ID": 3027, "title": "Title 3027"},
{"url": "/images/lockups/square_8.jpg", "type": "object", "ID": 3028, "title": "Title 3028"},
{"url": "/images/lockups/square_9.jpg", "type": "object", "ID": 3029, "title": "Title 3029"},
{"url": "/images/lockups/square_10.jpg", "type": "object", "ID": 3030, "title": "Title 3030"},
{"url": "/images/lockups/square_1.jpg", "type": "object", "ID": 3031, "title": "Title 3031"},
{"url": "/images/lockups/square_2.jpg", "type": "object", "ID": 3032, "title": "Title 3032"},
{"url": "/images/lockups/square_3.jpg", "type": "object", "ID": 3033, "title": "Title 3033"},
{"url": "/images/lockups/square_4.jpg", "type": "object", "ID": 3034, "title": "Title 3034"},
{"url": "/images/lockups/square_5.jpg", "type": "object", "ID": 3035, "title": "Title 3035"},
{"url": "/images/lockups/square_6.jpg", "type": "object", "ID": 3036, "title": "Title 3036"},
{"url": "/images/lockups/square_7.jpg", "type": "object", "ID": 3037, "title": "Title 3037"},
{"url": "/images/lockups/square_8.jpg", "type": "object", "ID": 3038, "title": "Title 3038"},
{"url": "/images/lockups/square_9.jpg", "type": "object", "ID": 3039, "title": "Title 3039"},
{"url": "/images/lockups/square_10.jpg", "type": "object", "ID": 3040, "title": "Title 3040"},
{"url": "/images/lockups/square_1.jpg", "type": "object", "ID": 3041, "title": "Title 3041"},
{"url": "/images/lockups/square_2.jpg", "type": "object", "ID": 3042, "title": "Title 3042"},
{"url": "/images/lockups/square_3.jpg", "type": "object", "ID": 3043, "title": "Title 3043"},
{"url": "/images/lockups/square_4.jpg", "type": "object", "ID": 3044, "title": "Title 3044"},
{"url": "/images/lockups/square_5.jpg", "type": "object", "ID": 3045, "title": "Title 3045"},
{"url": "/images/lockups/square_6.jpg", "type": "object", "ID": 3046, "title": "Title 3046"},
{"url": "/images/lockups/square_7.jpg", "type": "object", "ID": 3047, "title": "Title 3047"},
{"url": "/images/lockups/square_8.jpg", "type": "object", "ID": 3048, "title": "Title 3048"},
{"url": "/images/lockups/square_9.jpg", "type": "object", "ID": 3049, "title": "Title 3049"},
{"url": "/images/lockups/square_10.jpg", "type": "object", "ID": 3050, "title": "Title 3050"},
{"url": "/images/lockups/square_1.jpg", "type": "object", "ID": 3051, "title": "Title 3051"},
{"url": "/images/lockups/square_2.jpg", "type": "object", "ID": 3052, "title": "Title 3052"},
{"url": "/images/lockups/square_3.jpg", "type": "object", "ID": 3053, "title": "Title 3053"},
{"url": "/images/lockups/square_4.jpg", "type": "object", "ID": 3054, "title": "Title 3054"},
{"url": "/images/lockups/square_5.jpg", "type": "object", "ID": 3055, "title": "Title 3055"},
{"url": "/images/lockups/square_6.jpg", "type": "object", "ID": 3056, "title": "Title 3056"},
{"url": "/images/lockups/square_7.jpg", "type": "object", "ID": 3057, "title": "Title 3057"},
{"url": "/images/lockups/square_8.jpg", "type": "object", "ID": 3058, "title": "Title 3058"},
{"url": "/images/lockups/square_9.jpg", "type": "object", "ID": 3059, "title": "Title 3059"},
{"url": "/images/lockups/square_10.jpg", "type": "object", "ID": 3060, "title": "Title 3060"},
{"url": "/images/lockups/square_1.jpg", "type": "object", "ID": 3061, "title": "Title 3061"},
{"url": "/images/lockups/square_2.jpg", "type": "object", "ID": 3062, "title": "Title 3062"},
{"url": "/images/lockups/square_3.jpg", "type": "object", "ID": 3063, "title": "Title 3063"},
{"url": "/images/lockups/square_4.jpg", "type": "object", "ID": 3064, "title": "Title 3064"},
{"url": "/images/lockups/square_5.jpg", "type": "object", "ID": 3065, "title": "Title 3065"},
{"url": "/images/lockups/square_6.jpg", "type": "object", "ID": 3066, "title": "Title 3066"},
{"url": "/images/lockups/square_7.jpg", "type": "object", "ID": 3067, "title": "Title 3067"},
{"url": "/images/lockups/square_8.jpg", "type": "object", "ID": 3068, "title": "Title 3068"},
{"url": "/images/lockups/square_9.jpg", "type": "object", "ID": 3069, "title": "Title 3069"},
{"url": "/images/lockups/square_10.jpg", "type": "object", "ID": 3070, "title": "Title 3070"},
{"url": "/images/lockups/square_1.jpg", "type": "object", "ID": 3071, "title": "Title 3071"},
{"url": "/images/lockups/square_2.jpg", "type": "object", "ID": 3072, "title": "Title 3072"},
{"url": "/images/lockups/square_3.jpg", "type": "object", "ID": 3073, "title": "Title 3073"},
{"url": "/images/lockups/square_4.jpg", "type": "object", "ID": 3074, "title": "Title 3074"},
{"url": "/images/lockups/square_5.jpg", "type": "object", "ID": 3075, "title": "Title 3075"},
{"url": "/images/lockups/square_6.jpg", "type": "object", "ID": 3076, "title": "Title 3076"},
{"url": "/images/lockups/square_7.jpg", "type": "object", "ID": 3077, "title": "Title 3077"},
{"url": "/images/lockups/square_8.jpg", "type": "object", "ID": 3078, "title": "Title 3078"},
{"url": "/images/lockups/square_9.jpg", "type": "object", "ID": 3079, "title": "Title 3079"},
{"url": "/images/lockups/square_10.jpg", "type": "object", "ID": 3080, "title": "Title 3080"},
{"url": "/images/lockups/square_1.jpg", "type": "object", "ID": 3081, "title": "Title 3081"},
{"url": "/images/lockups/square_2.jpg", "type": "object", "ID": 3082, "title": "Title 3082"},
{"url": "/images/lockups/square_3.jpg", "type": "object", "ID": 3083, "title": "Title 3083"},
{"url": "/images/lockups/square_4.jpg", "type": "object", "ID": 3084, "title": "Title 3084"},
{"url": "/images/lockups/square_5.jpg", "type": "object", "ID": 3085, "title": "Title 3085"},
{"url": "/images/lockups/square_6.jpg", "type": "object", "ID": 3086, "title": "Title 3086"},
{"url": "/images/lockups/square_7.jpg", "type": "object", "ID": 3087, "title": "Title 3087"},
{"url": "/images/lockups/square_8.jpg", "type": "object", "ID": 3088, "title": "Title 3088"},
{"url": "/images/lockups/square_9.jpg", "type": "object", "ID": 3089, "title": "Title 3089"},
{"url": "/images/lockups/square_10.jpg", "type": "object", "ID": 3090, "title": "Title 3090"},
{"url": "/images/lockups/square_1.jpg", "type": "object", "ID": 3091, "title": "Title 3091"},
{"url": "/images/lockups/square_2.jpg", "type": "object", "ID": 3092, "title": "Title 3092"},
{"url": "/images/lockups/square_3.jpg", "type": "object", "ID": 3093, "title": "Title 3093"},
{"url": "/images/lockups/square_4.jpg", "type": "object", "ID": 3094, "title": "Title 3094"},
{"url": "/images/lockups/square_5.jpg", "type": "object", "ID": 3095, "title": "Title 3095"},
{"url": "/images/lockups/square_6.jpg", "type": "object", "ID": 3096, "title": "Title 3096"},
{"url": "/images/lockups/square_7.jpg", "type": "object", "ID": 3097, "title": "Title 3097"},
{"url": "/images/lockups/square_8.jpg", "type": "object", "ID": 3098, "title": "Title 3098"},
{"url": "/images/lockups/square_9.jpg", "type": "object", "ID": 3099, "title": "Title 3099"},
{"url": "/images/lockups/square_10.jpg", "type": "object", "ID": 3100, "title": "Title 3100"},
{"url": "/images/lockups/square_1.jpg", "type": "object", "ID": 3101, "title": "Title 3101"},
{"url": "/images/lockups/square_2.jpg", "type": "object", "ID": 3102, "title": "Title 3102"},
{"url": "/images/lockups/square_3.jpg", "type": "object", "ID": 3103, "title": "Title 3103"},
{"url": "/images/lockups/square_4.jpg", "type": "object", "ID": 3104, "title": "Title 3104"},
{"url": "/images/lockups/square_5.jpg", "type": "object", "ID": 3105, "title": "Title 3105"},
{"url": "/images/lockups/square_6.jpg", "type": "object", "ID": 3106, "title": "Title 3106"},
{"url": "/images/lockups/square_7.jpg", "type": "object", "ID": 3107, "title": "Title 3107"},
{"url": "/images/lockups/square_8.jpg", "type": "object", "ID": 3108, "title": "Title 3108"},
{"url": "/images/lockups/square_9.jpg", "type": "object", "ID": 3109, "title": "Title 3109"},
{"url": "/images/lockups/square_10.jpg", "type": "object", "ID": 3110, "title": "Title 3110"},
{"url": "/images/lockups/square_1.jpg", "type": "object", "ID": 3111, "title": "Title 3111"},
{"url": "/images/lockups/square_2.jpg", "type": "object", "ID": 3112, "title": "Title 3112"},
{"url": "/images/lockups/square_3.jpg", "type": "object", "ID": 3113, "title": "Title 3113"},
{"url": "/images/lockups/square_4.jpg", "type": "object", "ID": 3114, "title": "Title 3114"},
{"url": "/images/lockups/square_5.jpg", "type": "object", "ID": 3115, "title": "Title 3115"},
{"url": "/images/lockups/square_6.jpg", "type": "object", "ID": 3116, "title": "Title 3116"},
{"url": "/images/lockups/square_7.jpg", "type": "object", "ID": 3117, "title": "Title 3117"},
{"url": "/images/lockups/square_8.jpg", "type": "object", "ID": 3118, "title": "Title 3118"},
{"url": "/images/lockups/square_9.jpg", "type": "object", "ID": 3119, "title": "Title 3119"},
{"url": "/images/lockups/square_10.jpg", "type": "object", "ID": 3120, "title": "Title 3120"},
{"url": "/images/lockups/square_1.jpg", "type": "object", "ID": 3121, "title": "Title 3121"},
{"url": "/images/lockups/square_2.jpg", "type": "object", "ID": 3122, "title": "Title 3122"},
{"url": "/images/lockups/square_3.jpg", "type": "object", "ID": 3123, "title": "Title 3123"},
{"url": "/images/lockups/square_4.jpg", "type": "object", "ID": 3124, "title": "Title 3124"},
{"url": "/images/lockups/square_5.jpg", "type": "object", "ID": 3125, "title": "Title 3125"},
{"url": "/images/lockups/square_6.jpg", "type": "object", "ID": 3126, "title": "Title 3126"},
{"url": "/images/lockups/square_7.jpg", "type": "object", "ID": 3127, "title": "Title 3127"},
{"url": "/images/lockups/square_8.jpg", "type": "object", "ID": 3128, "title": "Title 3128"},
{"url": "/images/lockups/square_9.jpg", "type": "object", "ID": 3129, "title": "Title 3129"},
{"url": "/images/lockups/square_10.jpg", "type": "object", "ID": 3130, "title": "Title 3130"},
{"url": "/images/lockups/square_1.jpg", "type": "object", "ID": 3131, "title": "Title 3131"},
{"url": "/images/lockups/square_2.jpg", "type": "object", "ID": 3132, "title": "Title 3132"},
{"url": "/images/lockups/square_3.jpg", "type": "object", "ID": 3133, "title": "Title 3133"},
{"url": "/images/lockups/square_4.jpg", "type": "object", "ID": 3134, "title": "Title 3134"},
{"url": "/images/lockups/square_5.jpg", "type": "object", "ID": 3135, "title": "Title 3135"},
{"url": "/images/lockups/square_6.jpg", "type": "object", "ID": 3136, "title": "Title 3136"},
{"url": "/images/lockups/square_7.jpg", "type": "object", "ID": 3137, "title": "Title 3137"},
{"url": "/images/lockups/square_8.jpg", "type": "object", "ID": 3138, "title": "Title 3138"},
{"url": "/images/lockups/square_9.jpg", "type": "object", "ID": 3139, "title": "Title 3139"},
{"url": "/images/lockups/square_10.jpg", "type": "object", "ID": 3140, "title": "Title 3140"},
{"url": "/images/lockups/square_1.jpg", "type": "object", "ID": 3141, "title": "Title 3141"},
{"url": "/images/lockups/square_2.jpg", "type": "object", "ID": 3142, "title": "Title 3142"},
{"url": "/images/lockups/square_3.jpg", "type": "object", "ID": 3143, "title": "Title 3143"},
{"url": "/images/lockups/square_4.jpg", "type": "object", "ID": 3144, "title": "Title 3144"},
{"url": "/images/lockups/square_5.jpg", "type": "object", "ID": 3145, "title": "Title 3145"},
{"url": "/images/lockups/square_6.jpg", "type": "object", "ID": 3146, "title": "Title 3146"},
{"url": "/images/lockups/square_7.jpg", "type": "object", "ID": 3147, "title": "Title 3147"},
{"url": "/images/lockups/square_8.jpg", "type": "object", "ID": 3148, "title": "Title 3148"},
{"url": "/images/lockups/square_9.jpg", "type": "object", "ID": 3149, "title": "Title 3149"},
{"url": "/images/lockups/square_10.jpg", "type": "object", "ID": 3150, "title": "Title 3150"},
{"url": "/images/lockups/square_1.jpg", "type": "object", "ID": 3151, "title": "Title 3151"},
{"url": "/images/lockups/square_2.jpg", "type": "object", "ID": 3152, "title": "Title 3152"},
{"url": "/images/lockups/square_3.jpg", "type": "object", "ID": 3153, "title": "Title 3153"},
{"url": "/images/lockups/square_4.jpg", "type": "object", "ID": 3154, "title": "Title 3154"},
{"url": "/images/lockups/square_5.jpg", "type": "object", "ID": 3155, "title": "Title 3155"},
{"url": "/images/lockups/square_6.jpg", "type": "object", "ID": 3156, "title": "Title 3156"},
{"url": "/images/lockups/square_7.jpg", "type": "object", "ID": 3157, "title": "Title 3157"},
{"url": "/images/lockups/square_8.jpg", "type": "object", "ID": 3158, "title": "Title 3158"},
{"url": "/images/lockups/square_9.jpg", "type": "object", "ID": 3159, "title": "Title 3159"},
{"url": "/images/lockups/square_10.jpg", "type": "object", "ID": 3160, "title": "Title 3160"},
{"url": "/images/lockups/square_1.jpg", "type": "object", "ID": 3161, "title": "Title 3161"},
{"url": "/images/lockups/square_2.jpg", "type": "object", "ID": 3162, "title": "Title 3162"},
{"url": "/images/lockups/square_3.jpg", "type": "object", "ID": 3163, "title": "Title 3163"},
{"url": "/images/lockups/square_4.jpg", "type": "object", "ID": 3164, "title": "Title 3164"},
{"url": "/images/lockups/square_5.jpg", "type": "object", "ID": 3165, "title": "Title 3165"},
{"url": "/images/lockups/square_6.jpg", "type": "object", "ID": 3166, "title": "Title 3166"},
{"url": "/images/lockups/square_7.jpg", "type": "object", "ID": 3167, "title": "Title 3167"},
{"url": "/images/lockups/square_8.jpg", "type": "object", "ID": 3168, "title": "Title 3168"},
{"url": "/images/lockups/square_9.jpg", "type": "object", "ID": 3169, "title": "Title 3169"},
{"url": "/images/lockups/square_10.jpg", "type": "object", "ID": 3170, "title": "Title 3170"},
{"url": "/images/lockups/square_1.jpg", "type": "object", "ID": 3171, "title": "Title 3171"},
{"url": "/images/lockups/square_2.jpg", "type": "object", "ID": 3172, "title": "Title 3172"},
{"url": "/images/lockups/square_3.jpg", "type": "object", "ID": 3173, "title": "Title 3173"},
{"url": "/images/lockups/square_4.jpg", "type": "object", "ID": 3174, "title": "Title 3174"},
{"url": "/images/lockups/square_5.jpg", "type": "object", "ID": 3175, "title": "Title 3175"},
{"url": "/images/lockups/square_6.jpg", "type": "object", "ID": 3176, "title": "Title 3176"},
{"url": "/images/lockups/square_7.jpg", "type": "object", "ID": 3177, "title": "Title 3177"},
{"url": "/images/lockups/square_8.jpg", "type": "object", "ID": 3178, "title": "Title 3178"},
{"url": "/images/lockups/square_9.jpg", "type": "object", "ID": 3179, "title": "Title 3179"},
{"url": "/images/lockups/square_10.jpg", "type": "object", "ID": 3180, "title": "Title 3180"},
{"url": "/images/lockups/square_1.jpg", "type": "object", "ID": 3181, "title": "Title 3181"},
{"url": "/images/lockups/square_2.jpg", "type": "object", "ID": 3182, "title": "Title 3182"},
{"url": "/images/lockups/square_3.jpg", "type": "object", "ID": 3183, "title": "Title 3183"},
{"url": "/images/lockups/square_4.jpg", "type": "object", "ID": 3184, "title": "Title 3184"},
{"url": "/images/lockups/square_5.jpg", "type": "object", "ID": 3185, "title": "Title 3185"},
{"url": "/images/lockups/square_6.jpg", "type": "object", "ID": 3186, "title": "Title 3186"},
{"url": "/images/lockups/square_7.jpg", "type": "object", "ID": 3187, "title": "Title 3187"},
{"url": "/images/lockups/square_8.jpg", "type": "object", "ID": 3188, "title": "Title 3188"},
{"url": "/images/lockups/square_9.jpg", "type": "object", "ID": 3189, "title": "Title 3189"},
{"url": "/images/lockups/square_10.jpg", "type": "object", "ID": 3190, "title": "Title 3190"},
{"url": "/images/lockups/square_1.jpg", "type": "object", "ID": 3191, "title": "Title 3191"},
{"url": "/images/lockups/square_2.jpg", "type": "object", "ID": 3192, "title": "Title 3192"},
{"url": "/images/lockups/square_3.jpg", "type": "object", "ID": 3193, "title": "Title 3193"},
{"url": "/images/lockups/square_4.jpg", "type": "object", "ID": 3194, "title": "Title 3194"},
{"url": "/images/lockups/square_5.jpg", "type": "object", "ID": 3195, "title": "Title 3195"},
{"url": "/images/lockups/square_6.jpg", "type": "object", "ID": 3196, "title": "Title 3196"},
{"url": "/images/lockups/square_7.jpg", "type": "object", "ID": 3197, "title": "Title 3197"},
{"url": "/images/lockups/square_8.jpg", "type": "object", "ID": 3198, "title": "Title 3198"},
{"url": "/images/lockups/square_9.jpg", "type": "object", "ID": 3199, "title": "Title 3199"},
{"url": "/images/lockups/square_10.jpg", "type": "object", "ID": 3200, "title": "Title 3200"},
{"url": "/images/lockups/square_1.jpg", "type": "object", "ID": 3201, "title": "Title 3201"},
{"url": "/images/lockups/square_2.jpg", "type": "object", "ID": 3202, "title": "Title 3202"},
{"url": "/images/lockups/square_3.jpg", "type": "object", "ID": 3203, "title": "Title 3203"},
{"url": "/images/lockups/square_4.jpg", "type": "object", "ID": 3204, "title": "Title 3204"},
{"url": "/images/lockups/square_5.jpg", "type": "object", "ID": 3205, "title": "Title 3205"},
{"url": "/images/lockups/square_6.jpg", "type": "object", "ID": 3206, "title": "Title 3206"},
{"url": "/images/lockups/square_7.jpg", "type": "object", "ID": 3207, "title": "Title 3207"},
{"url": "/images/lockups/square_8.jpg", "type": "object", "ID": 3208, "title": "Title 3208"},
{"url": "/images/lockups/square_9.jpg", "type": "object", "ID": 3209, "title": "Title 3209"},
{"url": "/images/lockups/square_10.jpg", "type": "object", "ID": 3210, "title": "Title 3210"},
{"url": "/images/lockups/square_1.jpg", "type": "object", "ID": 3211, "title": "Title 3211"},
{"url": "/images/lockups/square_2.jpg", "type": "object", "ID": 3212, "title": "Title 3212"},
{"url": "/images/lockups/square_3.jpg", "type": "object", "ID": 3213, "title": "Title 3213"},
{"url": "/images/lockups/square_4.jpg", "type": "object", "ID": 3214, "title": "Title 3214"},
{"url": "/images/lockups/square_5.jpg", "type": "object", "ID": 3215, "title": "Title 3215"},
{"url": "/images/lockups/square_6.jpg", "type": "object", "ID": 3216, "title": "Title 3216"},
{"url": "/images/lockups/square_7.jpg", "type": "object", "ID": 3217, "title": "Title 3217"},
{"url": "/images/lockups/square_8.jpg", "type": "object", "ID": 3218, "title": "Title 3218"},
{"url": "/images/lockups/square_9.jpg", "type": "object", "ID": 3219, "title": "Title 3219"},
{"url": "/images/lockups/square_10.jpg", "type": "object", "ID": 3220, "title": "Title 3220"},
{"url": "/images/lockups/square_1.jpg", "type": "object", "ID": 3221, "title": "Title 3221"},
{"url": "/images/lockups/square_2.jpg", "type": "object", "ID": 3222, "title": "Title 3222"},
{"url": "/images/lockups/square_3.jpg", "type": "object", "ID": 3223, "title": "Title 3223"},
{"url": "/images/lockups/square_4.jpg", "type": "object", "ID": 3224, "title": "Title 3224"},
{"url": "/images/lockups/square_5.jpg", "type": "object", "ID": 3225, "title": "Title 3225"},
{"url": "/images/lockups/square_6.jpg", "type": "object", "ID": 3226, "title": "Title 3226"},
{"url": "/images/lockups/square_7.jpg", "type": "object", "ID": 3227, "title": "Title 3227"},
{"url": "/images/lockups/square_8.jpg", "type": "object", "ID": 3228, "title": "Title 3228"},
{"url": "/images/lockups/square_9.jpg", "type": "object", "ID": 3229, "title": "Title 3229"},
{"url": "/images/lockups/square_10.jpg", "type": "object", "ID": 3230, "title": "Title 3230"},
{"url": "/images/lockups/square_1.jpg", "type": "object", "ID": 3231, "title": "Title 3231"},
{"url": "/images/lockups/square_2.jpg", "type": "object", "ID": 3232, "title": "Title 3232"},
{"url": "/images/lockups/square_3.jpg", "type": "object", "ID": 3233, "title": "Title 3233"},
{"url": "/images/lockups/square_4.jpg", "type": "object", "ID": 3234, "title": "Title 3234"},
{"url": "/images/lockups/square_5.jpg", "type": "object", "ID": 3235, "title": "Title 3235"},
{"url": "/images/lockups/square_6.jpg", "type": "object", "ID": 3236, "title": "Title 3236"},
{"url": "/images/lockups/square_7.jpg", "type": "object", "ID": 3237, "title": "Title 3237"},
{"url": "/images/lockups/square_8.jpg", "type": "object", "ID": 3238, "title": "Title 3238"},
{"url": "/images/lockups/square_9.jpg", "type": "object", "ID": 3239, "title": "Title 3239"},
{"url": "/images/lockups/square_10.jpg", "type": "object", "ID": 3240, "title": "Title 3240"},
{"url": "/images/lockups/square_1.jpg", "type": "object", "ID": 3241, "title": "Title 3241"},
{"url": "/images/lockups/square_2.jpg", "type": "object", "ID": 3242, "title": "Title 3242"},
{"url": "/images/lockups/square_3.jpg", "type": "object", "ID": 3243, "title": "Title 3243"},
{"url": "/images/lockups/square_4.jpg", "type": "object", "ID": 3244, "title": "Title 3244"},
{"url": "/images/lockups/square_5.jpg", "type": "object", "ID": 3245, "title": "Title 3245"},
{"url": "/images/lockups/square_6.jpg", "type": "object", "ID": 3246, "title": "Title 3246"},
{"url": "/images/lockups/square_7.jpg", "type": "object", "ID": 3247, "title": "Title 3247"},
{"url": "/images/lockups/square_8.jpg", "type": "object", "ID": 3248, "title": "Title 3248"},
{"url": "/images/lockups/square_9.jpg", "type": "object", "ID": 3249, "title": "Title 3249"},
{"url": "/images/lockups/square_10.jpg", "type": "object", "ID": 3250, "title": "Title 3250"},
{"url": "/images/lockups/square_1.jpg", "type": "object", "ID": 3251, "title": "Title 3251"},
{"url": "/images/lockups/square_2.jpg", "type": "object", "ID": 3252, "title": "Title 3252"},
{"url": "/images/lockups/square_3.jpg", "type": "object", "ID": 3253, "title": "Title 3253"},
{"url": "/images/lockups/square_4.jpg", "type": "object", "ID": 3254, "title": "Title 3254"},
{"url": "/images/lockups/square_5.jpg", "type": "object", "ID": 3255, "title": "Title 3255"},
{"url": "/images/lockups/square_6.jpg", "type": "object", "ID": 3256, "title": "Title 3256"},
{"url": "/images/lockups/square_7.jpg", "type": "object", "ID": 3257, "title": "Title 3257"},
{"url": "/images/lockups/square_8.jpg", "type": "object", "ID": 3258, "title": "Title 3258"},
{"url": "/images/lockups/square_9.jpg", "type": "object", "ID": 3259, "title": "Title 3259"},
{"url": "/images/lockups/square_10.jpg", "type": "object", "ID": 3260, "title": "Title 3260"},
{"url": "/images/lockups/square_1.jpg", "type": "object", "ID": 3261, "title": "Title 3261"},
{"url": "/images/lockups/square_2.jpg", "type": "object", "ID": 3262, "title": "Title 3262"},
{"url": "/images/lockups/square_3.jpg", "type": "object", "ID": 3263, "title": "Title 3263"},
{"url": "/images/lockups/square_4.jpg", "type": "object", "ID": 3264, "title": "Title 3264"},
{"url": "/images/lockups/square_5.jpg", "type": "object", "ID": 3265, "title": "Title 3265"},
{"url": "/images/lockups/square_6.jpg", "type": "object", "ID": 3266, "title": "Title 3266"},
{"url": "/images/lockups/square_7.jpg", "type": "object", "ID": 3267, "title": "Title 3267"},
{"url": "/images/lockups/square_8.jpg", "type": "object", "ID": 3268, "title": "Title 3268"},
{"url": "/images/lockups/square_9.jpg", "type": "object", "ID": 3269, "title": "Title 3269"},
{"url": "/images/lockups/square_10.jpg", "type": "object", "ID": 3270, "title": "Title 3270"},
{"url": "/images/lockups/square_1.jpg", "type": "object", "ID": 3271, "title": "Title 3271"},
{"url": "/images/lockups/square_2.jpg", "type": "object", "ID": 3272, "title": "Title 3272"},
{"url": "/images/lockups/square_3.jpg", "type": "object", "ID": 3273, "title": "Title 3273"},
{"url": "/images/lockups/square_4.jpg", "type": "object", "ID": 3274, "title": "Title 3274"},
{"url": "/images/lockups/square_5.jpg", "type": "object", "ID": 3275, "title": "Title 3275"},
{"url": "/images/lockups/square_6.jpg", "type": "object", "ID": 3276, "title": "Title 3276"},
{"url": "/images/lockups/square_7.jpg", "type": "object", "ID": 3277, "title": "Title 3277"},
{"url": "/images/lockups/square_8.jpg", "type": "object", "ID": 3278, "title": "Title 3278"},
{"url": "/images/lockups/square_9.jpg", "type": "object", "ID": 3279, "title": "Title 3279"},
{"url": "/images/lockups/square_10.jpg", "type": "object", "ID": 3280, "title": "Title 3280"},
{"url": "/images/lockups/square_1.jpg", "type": "object", "ID": 3281, "title": "Title 3281"},
{"url": "/images/lockups/square_2.jpg", "type": "object", "ID": 3282, "title": "Title 3282"},
{"url": "/images/lockups/square_3.jpg", "type": "object", "ID": 3283, "title": "Title 3283"},
{"url": "/images/lockups/square_4.jpg", "type": "object", "ID": 3284, "title": "Title 3284"},
{"url": "/images/lockups/square_5.jpg", "type": "object", "ID": 3285, "title": "Title 3285"},
{"url": "/images/lockups/square_6.jpg", "type": "object", "ID": 3286, "title": "Title 3286"},
{"url": "/images/lockups/square_7.jpg", "type": "object", "ID": 3287, "title": "Title 3287"},
{"url": "/images/lockups/square_8.jpg", "type": "object", "ID": 3288, "title": "Title 3288"},
{"url": "/images/lockups/square_9.jpg", "type": "object", "ID": 3289, "title": "Title 3289"},
{"url": "/images/lockups/square_10.jpg", "type": "object", "ID": 3290, "title": "Title 3290"},
{"url": "/images/lockups/square_1.jpg", "type": "object", "ID": 3291, "title": "Title 3291"},
{"url": "/images/lockups/square_2.jpg", "type": "object", "ID": 3292, "title": "Title 3292"},
{"url": "/images/lockups/square_3.jpg", "type": "object", "ID": 3293, "title": "Title 3293"},
{"url": "/images/lockups/square_4.jpg", "type": "object", "ID": 3294, "title": "Title 3294"},
{"url": "/images/lockups/square_5.jpg", "type": "object", "ID": 3295, "title": "Title 3295"},
{"url": "/images/lockups/square_6.jpg", "type": "object", "ID": 3296, "title": "Title 3296"},
{"url": "/images/lockups/square_7.jpg", "type": "object", "ID": 3297, "title": "Title 3297"},
{"url": "/images/lockups/square_8.jpg", "type": "object", "ID": 3298, "title": "Title 3298"},
{"url": "/images/lockups/square_9.jpg", "type": "object", "ID": 3299, "title": "Title 3299"},
{"url": "/images/lockups/square_10.jpg", "type": "object", "ID": 3300, "title": "Title 3300"},
{"url": "/images/lockups/square_1.jpg", "type": "object", "ID": 3301, "title": "Title 3301"},
{"url": "/images/lockups/square_2.jpg", "type": "object", "ID": 3302, "title": "Title 3302"},
{"url": "/images/lockups/square_3.jpg", "type": "object", "ID": 3303, "title": "Title 3303"},
{"url": "/images/lockups/square_4.jpg", "type": "object", "ID": 3304, "title": "Title 3304"},
{"url": "/images/lockups/square_5.jpg", "type": "object", "ID": 3305, "title": "Title 3305"},
{"url": "/images/lockups/square_6.jpg", "type": "object", "ID": 3306, "title": "Title 3306"},
{"url": "/images/lockups/square_7.jpg", "type": "object", "ID": 3307, "title": "Title 3307"},
{"url": "/images/lockups/square_8.jpg", "type": "object", "ID": 3308, "title": "Title 3308"},
{"url": "/images/lockups/square_9.jpg", "type": "object", "ID": 3309, "title": "Title 3309"},
{"url": "/images/lockups/square_10.jpg", "type": "object", "ID": 3310, "title": "Title 3310"},
{"url": "/images/lockups/square_1.jpg", "type": "object", "ID": 3311, "title": "Title 3311"},
{"url": "/images/lockups/square_2.jpg", "type": "object", "ID": 3312, "title": "Title 3312"},
{"url": "/images/lockups/square_3.jpg", "type": "object", "ID": 3313, "title": "Title 3313"},
{"url": "/images/lockups/square_4.jpg", "type": "object", "ID": 3314, "title": "Title 3314"},
{"url": "/images/lockups/square_5.jpg", "type": "object", "ID": 3315, "title": "Title 3315"},
{"url": "/images/lockups/square_6.jpg", "type": "object", "ID": 3316, "title": "Title 3316"},
{"url": "/images/lockups/square_7.jpg", "type": "object", "ID": 3317, "title": "Title 3317"},
{"url": "/images/lockups/square_8.jpg", "type": "object", "ID": 3318, "title": "Title 3318"},
{"url": "/images/lockups/square_9.jpg", "type": "object", "ID": 3319, "title": "Title 3319"},
{"url": "/images/lockups/square_10.jpg", "type": "object", "ID": 3320, "title": "Title 3320"},
{"url": "/images/lockups/square_1.jpg", "type": "object", "ID": 3321, "title": "Title 3321"},
{"url": "/images/lockups/square_2.jpg", "type": "object", "ID": 3322, "title": "Title 3322"},
{"url": "/images/lockups/square_3.jpg", "type": "object", "ID": 3323, "title": "Title 3323"},
{"url": "/images/lockups/square_4.jpg", "type": "object", "ID": 3324, "title": "Title 3324"},
{"url": "/images/lockups/square_5.jpg", "type": "object", "ID": 3325, "title": "Title 3325"},
{"url": "/images/lockups/square_6.jpg", "type": "object", "ID": 3326, "title": "Title 3326"},
{"url": "/images/lockups/square_7.jpg", "type": "object", "ID": 3327, "title": "Title 3327"},
{"url": "/images/lockups/square_8.jpg", "type": "object", "ID": 3328, "title": "Title 3328"},
{"url": "/images/lockups/square_9.jpg", "type": "object", "ID": 3329, "title": "Title 3329"},
{"url": "/images/lockups/square_10.jpg", "type": "object", "ID": 3330, "title": "Title 3330"},
{"url": "/images/lockups/square_1.jpg", "type": "object", "ID": 3331, "title": "Title 3331"},
{"url": "/images/lockups/square_2.jpg", "type": "object", "ID": 3332, "title": "Title 3332"},
{"url": "/images/lockups/square_3.jpg", "type": "object", "ID": 3333, "title": "Title 3333"},
{"url": "/images/lockups/square_4.jpg", "type": "object", "ID": 3334, "title": "Title 3334"},
{"url": "/images/lockups/square_5.jpg", "type": "object", "ID": 3335, "title": "Title 3335"},
{"url": "/images/lockups/square_6.jpg", "type": "object", "ID": 3336, "title": "Title 3336"},
{"url": "/images/lockups/square_7.jpg", "type": "object", "ID": 3337, "title": "Title 3337"},
{"url": "/images/lockups/square_8.jpg", "type": "object", "ID": 3338, "title": "Title 3338"},
{"url": "/images/lockups/square_9.jpg", "type": "object", "ID": 3339, "title": "Title 3339"},
{"url": "/images/lockups/square_10.jpg", "type": "object", "ID": 3340, "title": "Title 3340"},
{"url": "/images/lockups/square_1.jpg", "type": "object", "ID": 3341, "title": "Title 3341"},
{"url": "/images/lockups/square_2.jpg", "type": "object", "ID": 3342, "title": "Title 3342"},
{"url": "/images/lockups/square_3.jpg", "type": "object", "ID": 3343, "title": "Title 3343"},
{"url": "/images/lockups/square_4.jpg", "type": "object", "ID": 3344, "title": "Title 3344"},
{"url": "/images/lockups/square_5.jpg", "type": "object", "ID": 3345, "title": "Title 3345"},
{"url": "/images/lockups/square_6.jpg", "type": "object", "ID": 3346, "title": "Title 3346"},
{"url": "/images/lockups/square_7.jpg", "type": "object", "ID": 3347, "title": "Title 3347"},
{"url": "/images/lockups/square_8.jpg", "type": "object", "ID": 3348, "title": "Title 3348"},
{"url": "/images/lockups/square_9.jpg", "type": "object", "ID": 3349, "title": "Title 3349"},
{"url": "/images/lockups/square_10.jpg", "type": "object", "ID": 3350, "title": "Title 3350"},
{"url": "/images/lockups/square_1.jpg", "type": "object", "ID": 3351, "title": "Title 3351"},
{"url": "/images/lockups/square_2.jpg", "type": "object", "ID": 3352, "title": "Title 3352"},
{"url": "/images/lockups/square_3.jpg", "type": "object", "ID": 3353, "title": "Title 3353"},
{"url": "/images/lockups/square_4.jpg", "type": "object", "ID": 3354, "title": "Title 3354"},
{"url": "/images/lockups/square_5.jpg", "type": "object", "ID": 3355, "title": "Title 3355"},
{"url": "/images/lockups/square_6.jpg", "type": "object", "ID": 3356, "title": "Title 3356"},
{"url": "/images/lockups/square_7.jpg", "type": "object", "ID": 3357, "title": "Title 3357"},
{"url": "/images/lockups/square_8.jpg", "type": "object", "ID": 3358, "title": "Title 3358"},
{"url": "/images/lockups/square_9.jpg", "type": "object", "ID": 3359, "title": "Title 3359"},
{"url": "/images/lockups/square_10.jpg", "type": "object", "ID": 3360, "title": "Title 3360"},
{"url": "/images/lockups/square_1.jpg", "type": "object", "ID": 3361, "title": "Title 3361"},
{"url": "/images/lockups/square_2.jpg", "type": "object", "ID": 3362, "title": "Title 3362"},
{"url": "/images/lockups/square_3.jpg", "type": "object", "ID": 3363, "title": "Title 3363"},
{"url": "/images/lockups/square_4.jpg", "type": "object", "ID": 3364, "title": "Title 3364"},
{"url": "/images/lockups/square_5.jpg", "type": "object", "ID": 3365, "title": "Title 3365"},
{"url": "/images/lockups/square_6.jpg", "type": "object", "ID": 3366, "title": "Title 3366"},
{"url": "/images/lockups/square_7.jpg", "type": "object", "ID": 3367, "title": "Title 3367"},
{"url": "/images/lockups/square_8.jpg", "type": "object", "ID": 3368, "title": "Title 3368"},
{"url": "/images/lockups/square_9.jpg", "type": "object", "ID": 3369, "title": "Title 3369"},
{"url": "/images/lockups/square_10.jpg", "type": "object", "ID": 3370, "title": "Title 3370"},
{"url": "/images/lockups/square_1.jpg", "type": "object", "ID": 3371, "title": "Title 3371"},
{"url": "/images/lockups/square_2.jpg", "type": "object", "ID": 3372, "title": "Title 3372"},
{"url": "/images/lockups/square_3.jpg", "type": "object", "ID": 3373, "title": "Title 3373"},
{"url": "/images/lockups/square_4.jpg", "type": "object", "ID": 3374, "title": "Title 3374"},
{"url": "/images/lockups/square_5.jpg", "type": "object", "ID": 3375, "title": "Title 3375"},
{"url": "/images/lockups/square_6.jpg", "type": "object", "ID": 3376, "title": "Title 3376"},
{"url": "/images/lockups/square_7.jpg", "type": "object", "ID": 3377, "title": "Title 3377"},
{"url": "/images/lockups/square_8.jpg", "type": "object", "ID": 3378, "title": "Title 3378"},
{"url": "/images/lockups/square_9.jpg", "type": "object", "ID": 3379, "title": "Title 3379"},
{"url": "/images/lockups/square_10.jpg", "type": "object", "ID": 3380, "title": "Title 3380"},
{"url": "/images/lockups/square_1.jpg", "type": "object", "ID": 3381, "title": "Title 3381"},
{"url": "/images/lockups/square_2.jpg", "type": "object", "ID": 3382, "title": "Title 3382"},
{"url": "/images/lockups/square_3.jpg", "type": "object", "ID": 3383, "title": "Title 3383"},
{"url": "/images/lockups/square_4.jpg", "type": "object", "ID": 3384, "title": "Title 3384"},
{"url": "/images/lockups/square_5.jpg", "type": "object", "ID": 3385, "title": "Title 3385"},
{"url": "/images/lockups/square_6.jpg", "type": "object", "ID": 3386, "title": "Title 3386"},
{"url": "/images/lockups/square_7.jpg", "type": "object", "ID": 3387, "title": "Title 3387"},
{"url": "/images/lockups/square_8.jpg", "type": "object", "ID": 3388, "title": "Title 3388"},
{"url": "/images/lockups/square_9.jpg", "type": "object", "ID": 3389, "title": "Title 3389"},
{"url": "/images/lockups/square_10.jpg", "type": "object", "ID": 3390, "title": "Title 3390"},
{"url": "/images/lockups/square_1.jpg", "type": "object", "ID": 3391, "title": "Title 3391"},
{"url": "/images/lockups/square_2.jpg", "type": "object", "ID": 3392, "title": "Title 3392"},
{"url": "/images/lockups/square_3.jpg", "type": "object", "ID": 3393, "title": "Title 3393"},
{"url": "/images/lockups/square_4.jpg", "type": "object", "ID": 3394, "title": "Title 3394"},
{"url": "/images/lockups/square_5.jpg", "type": "object", "ID": 3395, "title": "Title 3395"},
{"url": "/images/lockups/square_6.jpg", "type": "object", "ID": 3396, "title": "Title 3396"},
{"url": "/images/lockups/square_7.jpg", "type": "object", "ID": 3397, "title": "Title 3397"},
{"url": "/images/lockups/square_8.jpg", "type": "object", "ID": 3398, "title": "Title 3398"},
{"url": "/images/lockups/square_9.jpg", "type": "object", "ID": 3399, "title": "Title 3399"},
{"url": "/images/lockups/square_10.jpg", "type": "object", "ID": 3400, "title": "Title 3400"},
{"url": "/images/lockups/square_1.jpg", "type": "object", "ID": 3401, "title": "Title 3401"},
{"url": "/images/lockups/square_2.jpg", "type": "object", "ID": 3402, "title": "Title 3402"},
{"url": "/images/lockups/square_3.jpg", "type": "object", "ID": 3403, "title": "Title 3403"},
{"url": "/images/lockups/square_4.jpg", "type": "object", "ID": 3404, "title": "Title 3404"},
{"url": "/images/lockups/square_5.jpg", "type": "object", "ID": 3405, "title": "Title 3405"},
{"url": "/images/lockups/square_6.jpg", "type": "object", "ID": 3406, "title": "Title 3406"},
{"url": "/images/lockups/square_7.jpg", "type": "object", "ID": 3407, "title": "Title 3407"},
{"url": "/images/lockups/square_8.jpg", "type": "object", "ID": 3408, "title": "Title 3408"},
{"url": "/images/lockups/square_9.jpg", "type": "object", "ID": 3409, "title": "Title 3409"},
{"url": "/images/lockups/square_10.jpg", "type": "object", "ID": 3410, "title": "Title 3410"},
{"url": "/images/lockups/square_1.jpg", "type": "object", "ID": 3411, "title": "Title 3411"},
{"url": "/images/lockups/square_2.jpg", "type": "object", "ID": 3412, "title": "Title 3412"},
{"url": "/images/lockups/square_3.jpg", "type": "object", "ID": 3413, "title": "Title 3413"},
{"url": "/images/lockups/square_4.jpg", "type": "object", "ID": 3414, "title": "Title 3414"},
{"url": "/images/lockups/square_5.jpg", "type": "object", "ID": 3415, "title": "Title 3415"},
{"url": "/images/lockups/square_6.jpg", "type": "object", "ID": 3416, "title": "Title 3416"},
{"url": "/images/lockups/square_7.jpg", "type": "object", "ID": 3417, "title": "Title 3417"},
{"url": "/images/lockups/square_8.jpg", "type": "object", "ID": 3418, "title": "Title 3418"},
{"url": "/images/lockups/square_9.jpg", "type": "object", "ID": 3419, "title": "Title 3419"},
{"url": "/images/lockups/square_10.jpg", "type": "object", "ID": 3420, "title": "Title 3420"},
{"url": "/images/lockups/square_1.jpg", "type": "object", "ID": 3421, "title": "Title 3421"},
{"url": "/images/lockups/square_2.jpg", "type": "object", "ID": 3422, "title": "Title 3422"},
{"url": "/images/lockups/square_3.jpg", "type": "object", "ID": 3423, "title": "Title 3423"},
{"url": "/images/lockups/square_4.jpg", "type": "object", "ID": 3424, "title": "Title 3424"},
{"url": "/images/lockups/square_5.jpg", "type": "object", "ID": 3425, "title": "Title 3425"},
{"url": "/images/lockups/square_6.jpg", "type": "object", "ID": 3426, "title": "Title 3426"},
{"url": "/images/lockups/square_7.jpg", "type": "object", "ID": 3427, "title": "Title 3427"},
{"url": "/images/lockups/square_8.jpg", "type": "object", "ID": 3428, "title": "Title 3428"},
{"url": "/images/lockups/square_9.jpg", "type": "object", "ID": 3429, "title": "Title 3429"},
{"url": "/images/lockups/square_10.jpg", "type": "object", "ID": 3430, "title": "Title 3430"},
{"url": "/images/lockups/square_1.jpg", "type": "object", "ID": 3431, "title": "Title 3431"},
{"url": "/images/lockups/square_2.jpg", "type": "object", "ID": 3432, "title": "Title 3432"},
{"url": "/images/lockups/square_3.jpg", "type": "object", "ID": 3433, "title": "Title 3433"},
{"url": "/images/lockups/square_4.jpg", "type": "object", "ID": 3434, "title": "Title 3434"},
{"url": "/images/lockups/square_5.jpg", "type": "object", "ID": 3435, "title": "Title 3435"},
{"url": "/images/lockups/square_6.jpg", "type": "object", "ID": 3436, "title": "Title 3436"},
{"url": "/images/lockups/square_7.jpg", "type": "object", "ID": 3437, "title": "Title 3437"},
{"url": "/images/lockups/square_8.jpg", "type": "object", "ID": 3438, "title": "Title 3438"},
{"url": "/images/lockups/square_9.jpg", "type": "object", "ID": 3439, "title": "Title 3439"},
{"url": "/images/lockups/square_10.jpg", "type": "object", "ID": 3440, "title": "Title 3440"},
{"url": "/images/lockups/square_1.jpg", "type": "object", "ID": 3441, "title": "Title 3441"},
{"url": "/images/lockups/square_2.jpg", "type": "object", "ID": 3442, "title": "Title 3442"},
{"url": "/images/lockups/square_3.jpg", "type": "object", "ID": 3443, "title": "Title 3443"},
{"url": "/images/lockups/square_4.jpg", "type": "object", "ID": 3444, "title": "Title 3444"},
{"url": "/images/lockups/square_5.jpg", "type": "object", "ID": 3445, "title": "Title 3445"},
{"url": "/images/lockups/square_6.jpg", "type": "object", "ID": 3446, "title": "Title 3446"},
{"url": "/images/lockups/square_7.jpg", "type": "object", "ID": 3447, "title": "Title 3447"},
{"url": "/images/lockups/square_8.jpg", "type": "object", "ID": 3448, "title": "Title 3448"},
{"url": "/images/lockups/square_9.jpg", "type": "object", "ID": 3449, "title": "Title 3449"},
{"url": "/images/lockups/square_10.jpg", "type": "object", "ID": 3450, "title": "Title 3450"},
{"url": "/images/lockups/square_1.jpg", "type": "object", "ID": 3451, "title": "Title 3451"},
{"url": "/images/lockups/square_2.jpg", "type": "object", "ID": 3452, "title": "Title 3452"},
{"url": "/images/lockups/square_3.jpg", "type": "object", "ID": 3453, "title": "Title 3453"},
{"url": "/images/lockups/square_4.jpg", "type": "object", "ID": 3454, "title": "Title 3454"},
{"url": "/images/lockups/square_5.jpg", "type": "object", "ID": 3455, "title": "Title 3455"},
{"url": "/images/lockups/square_6.jpg", "type": "object", "ID": 3456, "title": "Title 3456"},
{"url": "/images/lockups/square_7.jpg", "type": "object", "ID": 3457, "title": "Title 3457"},
{"url": "/images/lockups/square_8.jpg", "type": "object", "ID": 3458, "title": "Title 3458"},
{"url": "/images/lockups/square_9.jpg", "type": "object", "ID": 3459, "title": "Title 3459"},
{"url": "/images/lockups/square_10.jpg", "type": "object", "ID": 3460, "title": "Title 3460"},
{"url": "/images/lockups/square_1.jpg", "type": "object", "ID": 3461, "title": "Title 3461"},
{"url": "/images/lockups/square_2.jpg", "type": "object", "ID": 3462, "title": "Title 3462"},
{"url": "/images/lockups/square_3.jpg", "type": "object", "ID": 3463, "title": "Title 3463"},
{"url": "/images/lockups/square_4.jpg", "type": "object", "ID": 3464, "title": "Title 3464"},
{"url": "/images/lockups/square_5.jpg", "type": "object", "ID": 3465, "title": "Title 3465"},
{"url": "/images/lockups/square_6.jpg", "type": "object", "ID": 3466, "title": "Title 3466"},
{"url": "/images/lockups/square_7.jpg", "type": "object", "ID": 3467, "title": "Title 3467"},
{"url": "/images/lockups/square_8.jpg", "type": "object", "ID": 3468, "title": "Title 3468"},
{"url": "/images/lockups/square_9.jpg", "type": "object", "ID": 3469, "title": "Title 3469"},
{"url": "/images/lockups/square_10.jpg", "type": "object", "ID": 3470, "title": "Title 3470"},
{"url": "/images/lockups/square_1.jpg", "type": "object", "ID": 3471, "title": "Title 3471"},
{"url": "/images/lockups/square_2.jpg", "type": "object", "ID": 3472, "title": "Title 3472"},
{"url": "/images/lockups/square_3.jpg", "type": "object", "ID": 3473, "title": "Title 3473"},
{"url": "/images/lockups/square_4.jpg", "type": "object", "ID": 3474, "title": "Title 3474"},
{"url": "/images/lockups/square_5.jpg", "type": "object", "ID": 3475, "title": "Title 3475"},
{"url": "/images/lockups/square_6.jpg", "type": "object", "ID": 3476, "title": "Title 3476"},
{"url": "/images/lockups/square_7.jpg", "type": "object", "ID": 3477, "title": "Title 3477"},
{"url": "/images/lockups/square_8.jpg", "type": "object", "ID": 3478, "title": "Title 3478"},
{"url": "/images/lockups/square_9.jpg", "type": "object", "ID": 3479, "title": "Title 3479"},
{"url": "/images/lockups/square_10.jpg", "type": "object", "ID": 3480, "title": "Title 3480"},
{"url": "/images/lockups/square_1.jpg", "type": "object", "ID": 3481, "title": "Title 3481"},
{"url": "/images/lockups/square_2.jpg", "type": "object", "ID": 3482, "title": "Title 3482"},
{"url": "/images/lockups/square_3.jpg", "type": "object", "ID": 3483, "title": "Title 3483"},
{"url": "/images/lockups/square_4.jpg", "type": "object", "ID": 3484, "title": "Title 3484"},
{"url": "/images/lockups/square_5.jpg", "type": "object", "ID": 3485, "title": "Title 3485"},
{"url": "/images/lockups/square_6.jpg", "type": "object", "ID": 3486, "title": "Title 3486"},
{"url": "/images/lockups/square_7.jpg", "type": "object", "ID": 3487, "title": "Title 3487"},
{"url": "/images/lockups/square_8.jpg", "type": "object", "ID": 3488, "title": "Title 3488"},
{"url": "/images/lockups/square_9.jpg", "type": "object", "ID": 3489, "title": "Title 3489"},
{"url": "/images/lockups/square_10.jpg", "type": "object", "ID": 3490, "title": "Title 3490"},
{"url": "/images/lockups/square_1.jpg", "type": "object", "ID": 3491, "title": "Title 3491"},
{"url": "/images/lockups/square_2.jpg", "type": "object", "ID": 3492, "title": "Title 3492"},
{"url": "/images/lockups/square_3.jpg", "type": "object", "ID": 3493, "title": "Title 3493"},
{"url": "/images/lockups/square_4.jpg", "type": "object", "ID": 3494, "title": "Title 3494"},
{"url": "/images/lockups/square_5.jpg", "type": "object", "ID": 3495, "title": "Title 3495"},
{"url": "/images/lockups/square_6.jpg", "type": "object", "ID": 3496, "title": "Title 3496"},
{"url": "/images/lockups/square_7.jpg", "type": "object", "ID": 3497, "title": "Title 3497"},
{"url": "/images/lockups/square_8.jpg", "type": "object", "ID": 3498, "title": "Title 3498"},
{"url": "/images/lockups/square_9.jpg", "type": "object", "ID": 3499, "title": "Title 3499"},
{"url": "/images/lockups/square_10.jpg", "type": "object", "ID": 3500, "title": "Title 3500"}]}
