{ "items": [
{"url": "/images/lockups/square_1.jpg", "type": "object", "ID": 1001, "title": "Title 1001"},
{"url": "/images/lockups/square_2.jpg", "type": "object", "ID": 1002, "title": "Title 1002"},
{"url": "/images/lockups/square_3.jpg", "type": "object", "ID": 1003, "title": "Title 1003"},
{"url": "/images/lockups/square_4.jpg", "type": "object", "ID": 1004, "title": "Title 1004"},
{"url": "/images/lockups/square_5.jpg", "type": "object", "ID": 1005, "title": "Title 1005"},
{"url": "/images/lockups/square_6.jpg", "type": "object", "ID": 1006, "title": "Title 1006"},
{"url": "/images/lockups/square_7.jpg", "type": "object", "ID": 1007, "title": "Title 1007"},
{"url": "/images/lockups/square_8.jpg", "type": "object", "ID": 1008, "title": "Title 1008"},
{"url": "/images/lockups/square_9.jpg", "type": "object", "ID": 1009, "title": "Title 1009"},
{"url": "/images/lockups/square_10.jpg", "type": "object", "ID": 1010, "title": "Title 1010"},
{"url": "/images/lockups/square_1.jpg", "type": "object", "ID": 1011, "title": "Title 1011"},
{"url": "/images/lockups/square_2.jpg", "type": "object", "ID": 1012, "title": "Title 1012"},
{"url": "/images/lockups/square_3.jpg", "type": "object", "ID": 1013, "title": "Title 1013"},
{"url": "/images/lockups/square_4.jpg", "type": "object", "ID": 1014, "title": "Title 1014"},
{"url": "/images/lockups/square_5.jpg", "type": "object", "ID": 1015, "title": "Title 1015"},
{"url": "/images/lockups/square_6.jpg", "type": "object", "ID": 1016, "title": "Title 1016"},
{"url": "/images/lockups/square_7.jpg", "type": "object", "ID": 1017, "title": "Title 1017"},
{"url": "/images/lockups/square_8.jpg", "type": "object", "ID": 1018, "title": "Title 1018"},
{"url": "/images/lockups/square_9.jpg", "type": "object", "ID": 1019, "title": "Title 1019"},
{"url": "/images/lockups/square_10.jpg", "type": "object", "ID": 1020, "title": "Title 1020"},
{"url": "/images/lockups/square_1.jpg", "type": "object", "ID": 1021, "title": "Title 1021"},
{"url": "/images/lockups/square_2.jpg", "type": "object", "ID": 1022, "title": "Title 1022"},
{"url": "/images/lockups/square_3.jpg", "type": "object", "ID": 1023, "title": "Title 1023"},
{"url": "/images/lockups/square_4.jpg", "type": "object", "ID": 1024, "title": "Title 1024"},
{"url": "/images/lockups/square_5.jpg", "type": "object", "ID": 1025, "title": "Title 1025"},
{"url": "/images/lockups/square_6.jpg", "type": "object", "ID": 1026, "title": "Title 1026"},
{"url": "/images/lockups/square_7.jpg", "type": "object", "ID": 1027, "title": "Title 1027"},
{"url": "/images/lockups/square_8.jpg", "type": "object", "ID": 1028, "title": "Title 1028"},
{"url": "/images/lockups/square_9.jpg", "type": "object", "ID": 1029, "title": "Title 1029"},
{"url": "/images/lockups/square_10.jpg", "type": "object", "ID": 1030, "title": "Title 1030"},
{"url": "/images/lockups/square_1.jpg", "type": "object", "ID": 1031, "title": "Title 1031"},
{"url": "/images/lockups/square_2.jpg", "type": "object", "ID": 1032, "title": "Title 1032"},
{"url": "/images/lockups/square_3.jpg", "type": "object", "ID": 1033, "title": "Title 1033"},
{"url": "/images/lockups/square_4.jpg", "type": "object", "ID": 1034, "title": "Title 1034"},
{"url": "/images/lockups/square_5.jpg", "type": "object", "ID": 1035, "title": "Title 1035"},
{"url": "/images/lockups/square_6.jpg", "type": "object", "ID": 1036, "title": "Title 1036"},
{"url": "/images/lockups/square_7.jpg", "type": "object", "ID": 1037, "title": "Title 1037"},
{"url": "/images/lockups/square_8.jpg", "type": "object", "ID": 1038, "title": "Title 1038"},
{"url": "/images/lockups/square_9.jpg", "type": "object", "ID": 1039, "title": "Title 1039"},
{"url": "/images/lockups/square_10.jpg", "type": "object", "ID": 1040, "title": "Title 1040"},
{"url": "/images/lockups/square_1.jpg", "type": "object", "ID": 1041, "title": "Title 1041"},
{"url": "/images/lockups/square_2.jpg", "type": "object", "ID": 1042, "title": "Title 1042"},
{"url": "/images/lockups/square_3.jpg", "type": "object", "ID": 1043, "title": "Title 1043"},
{"url": "/images/lockups/square_4.jpg", "type": "object", "ID": 1044, "title": "Title 1044"},
{"url": "/images/lockups/square_5.jpg", "type": "object", "ID": 1045, "title": "Title 1045"},
{"url": "/images/lockups/square_6.jpg", "type": "object", "ID": 1046, "title": "Title 1046"},
{"url": "/images/lockups/square_7.jpg", "type": "object", "ID": 1047, "title": "Title 1047"},
{"url": "/images/lockups/square_8.jpg", "type": "object", "ID": 1048, "title": "Title 1048"},
{"url": "/images/lockups/square_9.jpg", "type": "object", "ID": 1049, "title": "Title 1049"},
{"url": "/images/lockups/square_10.jpg", "type": "object", "ID": 1050, "title": "Title 1050"},
{"url": "/images/lockups/square_1.jpg", "type": "object", "ID": 1051, "title": "Title 1051"},
{"url": "/images/lockups/square_2.jpg", "type": "object", "ID": 1052, "title": "Title 1052"},
{"url": "/images/lockups/square_3.jpg", "type": "object", "ID": 1053, "title": "Title 1053"},
{"url": "/images/lockups/square_4.jpg", "type": "object", "ID": 1054, "title": "Title 1054"},
{"url": "/images/lockups/square_5.jpg", "type": "object", "ID": 1055, "title": "Title 1055"},
{"url": "/images/lockups/square_6.jpg", "type": "object", "ID": 1056, "title": "Title 1056"},
{"url": "/images/lockups/square_7.jpg", "type": "object", "ID": 1057, "title": "Title 1057"},
{"url": "/images/lockups/square_8.jpg", "type": "object", "ID": 1058, "title": "Title 1058"},
{"url": "/images/lockups/square_9.jpg", "type": "object", "ID": 1059, "title": "Title 1059"},
{"url": "/images/lockups/square_10.jpg", "type": "object", "ID": 1060, "title": "Title 1060"},
{"url": "/images/lockups/square_1.jpg", "type": "object", "ID": 1061, "title": "Title 1061"},
{"url": "/images/lockups/square_2.jpg", "type": "object", "ID": 1062, "title": "Title 1062"},
{"url": "/images/lockups/square_3.jpg", "type": "object", "ID": 1063, "title": "Title 1063"},
{"url": "/images/lockups/square_4.jpg", "type": "object", "ID": 1064, "title": "Title 1064"},
{"url": "/images/lockups/square_5.jpg", "type": "object", "ID": 1065, "title": "Title 1065"},
{"url": "/images/lockups/square_6.jpg", "type": "object", "ID": 1066, "title": "Title 1066"},
{"url": "/images/lockups/square_7.jpg", "type": "object", "ID": 1067, "title": "Title 1067"},
{"url": "/images/lockups/square_8.jpg", "type": "object", "ID": 1068, "title": "Title 1068"},
{"url": "/images/lockups/square_9.jpg", "type": "object", "ID": 1069, "title": "Title 1069"},
{"url": "/images/lockups/square_10.jpg", "type": "object", "ID": 1070, "title": "Title 1070"},
{"url": "/images/lockups/square_1.jpg", "type": "object", "ID": 1071, "title": "Title 1071"},
{"url": "/images/lockups/square_2.jpg", "type": "object", "ID": 1072, "title": "Title 1072"},
{"url": "/images/lockups/square_3.jpg", "type": "object", "ID": 1073, "title": "Title 1073"},
{"url": "/images/lockups/square_4.jpg", "type": "object", "ID": 1074, "title": "Title 1074"},
{"url": "/images/lockups/square_5.jpg", "type": "object", "ID": 1075, "title": "Title 1075"},
{"url": "/images/lockups/square_6.jpg", "type": "object", "ID": 1076, "title": "Title 1076"},
{"url": "/images/lockups/square_7.jpg", "type": "object", "ID": 1077, "title": "Title 1077"},
{"url": "/images/lockups/square_8.jpg", "type": "object", "ID": 1078, "title": "Title 1078"},
{"url": "/images/lockups/square_9.jpg", "type": "object", "ID": 1079, "title": "Title 1079"},
{"url": "/images/lockups/square_10.jpg", "type": "object", "ID": 1080, "title": "Title 1080"},
{"url": "/images/lockups/square_1.jpg", "type": "object", "ID": 1081, "title": "Title 1081"},
{"url": "/images/lockups/square_2.jpg", "type": "object", "ID": 1082, "title": "Title 1082"},
{"url": "/images/lockups/square_3.jpg", "type": "object", "ID": 1083, "title": "Title 1083"},
{"url": "/images/lockups/square_4.jpg", "type": "object", "ID": 1084, "title": "Title 1084"},
{"url": "/images/lockups/square_5.jpg", "type": "object", "ID": 1085, "title": "Title 1085"},
{"url": "/images/lockups/square_6.jpg", "type": "object", "ID": 1086, "title": "Title 1086"},
{"url": "/images/lockups/square_7.jpg", "type": "object", "ID": 1087, "title": "Title 1087"},
{"url": "/images/lockups/square_8.jpg", "type": "object", "ID": 1088, "title": "Title 1088"},
{"url": "/images/lockups/square_9.jpg", "type": "object", "ID": 1089, "title": "Title 1089"},
{"url": "/images/lockups/square_10.jpg", "type": "object", "ID": 1090, "title": "Title 1090"},
{"url": "/images/lockups/square_1.jpg", "type": "object", "ID": 1091, "title": "Title 1091"},
{"url": "/images/lockups/square_2.jpg", "type": "object", "ID": 1092, "title": "Title 1092"},
{"url": "/images/lockups/square_3.jpg", "type": "object", "ID": 1093, "title": "Title 1093"},
{"url": "/images/lockups/square_4.jpg", "type": "object", "ID": 1094, "title": "Title 1094"},
{"url": "/images/lockups/square_5.jpg", "type": "object", "ID": 1095, "title": "Title 1095"},
{"url": "/images/lockups/square_6.jpg", "type": "object", "ID": 1096, "title": "Title 1096"},
{"url": "/images/lockups/square_7.jpg", "type": "object", "ID": 1097, "title": "Title 1097"},
{"url": "/images/lockups/square_8.jpg", "type": "object", "ID": 1098, "title": "Title 1098"},
{"url": "/images/lockups/square_9.jpg", "type": "object", "ID": 1099, "title": "Title 1099"},
{"url": "/images/lockups/square_10.jpg", "type": "object", "ID": 1100, "title": "Title 1100"},
{"url": "/images/lockups/square_1.jpg", "type": "object", "ID": 1101, "title": "Title 1101"},
{"url": "/images/lockups/square_2.jpg", "type": "object", "ID": 1102, "title": "Title 1102"},
{"url": "/images/lockups/square_3.jpg", "type": "object", "ID": 1103, "title": "Title 1103"},
{"url": "/images/lockups/square_4.jpg", "type": "object", "ID": 1104, "title": "Title 1104"},
{"url": "/images/lockups/square_5.jpg", "type": "object", "ID": 1105, "title": "Title 1105"},
{"url": "/images/lockups/square_6.jpg", "type": "object", "ID": 1106, "title": "Title 1106"},
{"url": "/images/lockups/square_7.jpg", "type": "object", "ID": 1107, "title": "Title 1107"},
{"url": "/images/lockups/square_8.jpg", "type": "object", "ID": 1108, "title": "Title 1108"},
{"url": "/images/lockups/square_9.jpg", "type": "object", "ID": 1109, "title": "Title 1109"},
{"url": "/images/lockups/square_10.jpg", "type": "object", "ID": 1110, "title": "Title 1110"},
{"url": "/images/lockups/square_1.jpg", "type": "object", "ID": 1111, "title": "Title 1111"},
{"url": "/images/lockups/square_2.jpg", "type": "object", "ID": 1112, "title": "Title 1112"},
{"url": "/images/lockups/square_3.jpg", "type": "object", "ID": 1113, "title": "Title 1113"},
{"url": "/images/lockups/square_4.jpg", "type": "object", "ID": 1114, "title": "Title 1114"},
{"url": "/images/lockups/square_5.jpg", "type": "object", "ID": 1115, "title": "Title 1115"},
{"url": "/images/lockups/square_6.jpg", "type": "object", "ID": 1116, "title": "Title 1116"},
{"url": "/images/lockups/square_7.jpg", "type": "object", "ID": 1117, "title": "Title 1117"},
{"url": "/images/lockups/square_8.jpg", "type": "object", "ID": 1118, "title": "Title 1118"},
{"url": "/images/lockups/square_9.jpg", "type": "object", "ID": 1119, "title": "Title 1119"},
{"url": "/images/lockups/square_10.jpg", "type": "object", "ID": 1120, "title": "Title 1120"},
{"url": "/images/lockups/square_1.jpg", "type": "object", "ID": 1121, "title": "Title 1121"},
{"url": "/images/lockups/square_2.jpg", "type": "object", "ID": 1122, "title": "Title 1122"},
{"url": "/images/lockups/square_3.jpg", "type": "object", "ID": 1123, "title": "Title 1123"},
{"url": "/images/lockups/square_4.jpg", "type": "object", "ID": 1124, "title": "Title 1124"},
{"url": "/images/lockups/square_5.jpg", "type": "object", "ID": 1125, "title": "Title 1125"},
{"url": "/images/lockups/square_6.jpg", "type": "object", "ID": 1126, "title": "Title 1126"},
{"url": "/images/lockups/square_7.jpg", "type": "object", "ID": 1127, "title": "Title 1127"},
{"url": "/images/lockups/square_8.jpg", "type": "object", "ID": 1128, "title": "Title 1128"},
{"url": "/images/lockups/square_9.jpg", "type": "object", "ID": 1129, "title": "Title 1129"},
{"url": "/images/lockups/square_10.jpg", "type": "object", "ID": 1130, "title": "Title 1130"},
{"url": "/images/lockups/square_1.jpg", "type": "object", "ID": 1131, "title": "Title 1131"},
{"url": "/images/lockups/square_2.jpg", "type": "object", "ID": 1132, "title": "Title 1132"},
{"url": "/images/lockups/square_3.jpg", "type": "object", "ID": 1133, "title": "Title 1133"},
{"url": "/images/lockups/square_4.jpg", "type": "object", "ID": 1134, "title": "Title 1134"},
{"url": "/images/lockups/square_5.jpg", "type": "object", "ID": 1135, "title": "Title 1135"},
{"url": "/images/lockups/square_6.jpg", "type": "object", "ID": 1136, "title": "Title 1136"},
{"url": "/images/lockups/square_7.jpg", "type": "object", "ID": 1137, "title": "Title 1137"},
{"url": "/images/lockups/square_8.jpg", "type": "object", "ID": 1138, "title": "Title 1138"},
{"url": "/images/lockups/square_9.jpg", "type": "object", "ID": 1139, "title": "Title 1139"},
{"url": "/images/lockups/square_10.jpg", "type": "object", "ID": 1140, "title": "Title 1140"},
{"url": "/images/lockups/square_1.jpg", "type": "object", "ID": 1141, "title": "Title 1141"},
{"url": "/images/lockups/square_2.jpg", "type": "object", "ID": 1142, "title": "Title 1142"},
{"url": "/images/lockups/square_3.jpg", "type": "object", "ID": 1143, "title": "Title 1143"},
{"url": "/images/lockups/square_4.jpg", "type": "object", "ID": 1144, "title": "Title 1144"},
{"url": "/images/lockups/square_5.jpg", "type": "object", "ID": 1145, "title": "Title 1145"},
{"url": "/images/lockups/square_6.jpg", "type": "object", "ID": 1146, "title": "Title 1146"},
{"url": "/images/lockups/square_7.jpg", "type": "object", "ID": 1147, "title": "Title 1147"},
{"url": "/images/lockups/square_8.jpg", "type": "object", "ID": 1148, "title": "Title 1148"},
{"url": "/images/lockups/square_9.jpg", "type": "object", "ID": 1149, "title": "Title 1149"},
{"url": "/images/lockups/square_10.jpg", "type": "object", "ID": 1150, "title": "Title 1150"},
{"url": "/images/lockups/square_1.jpg", "type": "object", "ID": 1151, "title": "Title 1151"},
{"url": "/images/lockups/square_2.jpg", "type": "object", "ID": 1152, "title": "Title 1152"},
{"url": "/images/lockups/square_3.jpg", "type": "object", "ID": 1153, "title": "Title 1153"},
{"url": "/images/lockups/square_4.jpg", "type": "object", "ID": 1154, "title": "Title 1154"},
{"url": "/images/lockups/square_5.jpg", "type": "object", "ID": 1155, "title": "Title 1155"},
{"url": "/images/lockups/square_6.jpg", "type": "object", "ID": 1156, "title": "Title 1156"},
{"url": "/images/lockups/square_7.jpg", "type": "object", "ID": 1157, "title": "Title 1157"},
{"url": "/images/lockups/square_8.jpg", "type": "object", "ID": 1158, "title": "Title 1158"},
{"url": "/images/lockups/square_9.jpg", "type": "object", "ID": 1159, "title": "Title 1159"},
{"url": "/images/lockups/square_10.jpg", "type": "object", "ID": 1160, "title": "Title 1160"},
{"url": "/images/lockups/square_1.jpg", "type": "object", "ID": 1161, "title": "Title 1161"},
{"url": "/images/lockups/square_2.jpg", "type": "object", "ID": 1162, "title": "Title 1162"},
{"url": "/images/lockups/square_3.jpg", "type": "object", "ID": 1163, "title": "Title 1163"},
{"url": "/images/lockups/square_4.jpg", "type": "object", "ID": 1164, "title": "Title 1164"},
{"url": "/images/lockups/square_5.jpg", "type": "object", "ID": 1165, "title": "Title 1165"},
{"url": "/images/lockups/square_6.jpg", "type": "object", "ID": 1166, "title": "Title 1166"},
{"url": "/images/lockups/square_7.jpg", "type": "object", "ID": 1167, "title": "Title 1167"},
{"url": "/images/lockups/square_8.jpg", "type": "object", "ID": 1168, "title": "Title 1168"},
{"url": "/images/lockups/square_9.jpg", "type": "object", "ID": 1169, "title": "Title 1169"},
{"url": "/images/lockups/square_10.jpg", "type": "object", "ID": 1170, "title": "Title 1170"},
{"url": "/images/lockups/square_1.jpg", "type": "object", "ID": 1171, "title": "Title 1171"},
{"url": "/images/lockups/square_2.jpg", "type": "object", "ID": 1172, "title": "Title 1172"},
{"url": "/images/lockups/square_3.jpg", "type": "object", "ID": 1173, "title": "Title 1173"},
{"url": "/images/lockups/square_4.jpg", "type": "object", "ID": 1174, "title": "Title 1174"},
{"url": "/images/lockups/square_5.jpg", "type": "object", "ID": 1175, "title": "Title 1175"},
{"url": "/images/lockups/square_6.jpg", "type": "object", "ID": 1176, "title": "Title 1176"},
{"url": "/images/lockups/square_7.jpg", "type": "object", "ID": 1177, "title": "Title 1177"},
{"url": "/images/lockups/square_8.jpg", "type": "object", "ID": 1178, "title": "Title 1178"},
{"url": "/images/lockups/square_9.jpg", "type": "object", "ID": 1179, "title": "Title 1179"},
{"url": "/images/lockups/square_10.jpg", "type": "object", "ID": 1180, "title": "Title 1180"},
{"url": "/images/lockups/square_1.jpg", "type": "object", "ID": 1181, "title": "Title 1181"},
{"url": "/images/lockups/square_2.jpg", "type": "object", "ID": 1182, "title": "Title 1182"},
{"url": "/images/lockups/square_3.jpg", "type": "object", "ID": 1183, "title": "Title 1183"},
{"url": "/images/lockups/square_4.jpg", "type": "object", "ID": 1184, "title": "Title 1184"},
{"url": "/images/lockups/square_5.jpg", "type": "object", "ID": 1185, "title": "Title 1185"},
{"url": "/images/lockups/square_6.jpg", "type": "object", "ID": 1186, "title": "Title 1186"},
{"url": "/images/lockups/square_7.jpg", "type": "object", "ID": 1187, "title": "Title 1187"},
{"url": "/images/lockups/square_8.jpg", "type": "object", "ID": 1188, "title": "Title 1188"},
{"url": "/images/lockups/square_9.jpg", "type": "object", "ID": 1189, "title": "Title 1189"},
{"url": "/images/lockups/square_10.jpg", "type": "object", "ID": 1190, "title": "Title 1190"},
{"url": "/images/lockups/square_1.jpg", "type": "object", "ID": 1191, "title": "Title 1191"},
{"url": "/images/lockups/square_2.jpg", "type": "object", "ID": 1192, "title": "Title 1192"},
{"url": "/images/lockups/square_3.jpg", "type": "object", "ID": 1193, "title": "Title 1193"},
{"url": "/images/lockups/square_4.jpg", "type": "object", "ID": 1194, "title": "Title 1194"},
{"url": "/images/lockups/square_5.jpg", "type": "object", "ID": 1195, "title": "Title 1195"},
{"url": "/images/lockups/square_6.jpg", "type": "object", "ID": 1196, "title": "Title 1196"},
{"url": "/images/lockups/square_7.jpg", "type": "object", "ID": 1197, "title": "Title 1197"},
{"url": "/images/lockups/square_8.jpg", "type": "object", "ID": 1198, "title": "Title 1198"},
{"url": "/images/lockups/square_9.jpg", "type": "object", "ID": 1199, "title": "Title 1199"},
{"url": "/images/lockups/square_10.jpg", "type": "object", "ID": 1200, "title": "Title 1200"},
{"url": "/images/lockups/square_1.jpg", "type": "object", "ID": 1201, "title": "Title 1201"},
{"url": "/images/lockups/square_2.jpg", "type": "object", "ID": 1202, "title": "Title 1202"},
{"url": "/images/lockups/square_3.jpg", "type": "object", "ID": 1203, "title": "Title 1203"},
{"url": "/images/lockups/square_4.jpg", "type": "object", "ID": 1204, "title": "Title 1204"},
{"url": "/images/lockups/square_5.jpg", "type": "object", "ID": 1205, "title": "Title 1205"},
{"url": "/images/lockups/square_6.jpg", "type": "object", "ID": 1206, "title": "Title 1206"},
{"url": "/images/lockups/square_7.jpg", "type": "object", "ID": 1207, "title": "Title 1207"},
{"url": "/images/lockups/square_8.jpg", "type": "object", "ID": 1208, "title": "Title 1208"},
{"url": "/images/lockups/square_9.jpg", "type": "object", "ID": 1209, "title": "Title 1209"},
{"url": "/images/lockups/square_10.jpg", "type": "object", "ID": 1210, "title": "Title 1210"},
{"url": "/images/lockups/square_1.jpg", "type": "object", "ID": 1211, "title": "Title 1211"},
{"url": "/images/lockups/square_2.jpg", "type": "object", "ID": 1212, "title": "Title 1212"},
{"url": "/images/lockups/square_3.jpg", "type": "object", "ID": 1213, "title": "Title 1213"},
{"url": "/images/lockups/square_4.jpg", "type": "object", "ID": 1214, "title": "Title 1214"},
{"url": "/images/lockups/square_5.jpg", "type": "object", "ID": 1215, "title": "Title 1215"},
{"url": "/images/lockups/square_6.jpg", "type": "object", "ID": 1216, "title": "Title 1216"},
{"url": "/images/lockups/square_7.jpg", "type": "object", "ID": 1217, "title": "Title 1217"},
{"url": "/images/lockups/square_8.jpg", "type": "object", "ID": 1218, "title": "Title 1218"},
{"url": "/images/lockups/square_9.jpg", "type": "object", "ID": 1219, "title": "Title 1219"},
{"url": "/images/lockups/square_10.jpg", "type": "object", "ID": 1220, "title": "Title 1220"},
{"url": "/images/lockups/square_1.jpg", "type": "object", "ID": 1221, "title": "Title 1221"},
{"url": "/images/lockups/square_2.jpg", "type": "object", "ID": 1222, "title": "Title 1222"},
{"url": "/images/lockups/square_3.jpg", "type": "object", "ID": 1223, "title": "Title 1223"},
{"url": "/images/lockups/square_4.jpg", "type": "object", "ID": 1224, "title": "Title 1224"},
{"url": "/images/lockups/square_5.jpg", "type": "object", "ID": 1225, "title": "Title 1225"},
{"url": "/images/lockups/square_6.jpg", "type": "object", "ID": 1226, "title": "Title 1226"},
{"url": "/images/lockups/square_7.jpg", "type": "object", "ID": 1227, "title": "Title 1227"},
{"url": "/images/lockups/square_8.jpg", "type": "object", "ID": 1228, "title": "Title 1228"},
{"url": "/images/lockups/square_9.jpg", "type": "object", "ID": 1229, "title": "Title 1229"},
{"url": "/images/lockups/square_10.jpg", "type": "object", "ID": 1230, "title": "Title 1230"},
{"url": "/images/lockups/square_1.jpg", "type": "object", "ID": 1231, "title": "Title 1231"},
{"url": "/images/lockups/square_2.jpg", "type": "object", "ID": 1232, "title": "Title 1232"},
{"url": "/images/lockups/square_3.jpg", "type": "object", "ID": 1233, "title": "Title 1233"},
{"url": "/images/lockups/square_4.jpg", "type": "object", "ID": 1234, "title": "Title 1234"},
{"url": "/images/lockups/square_5.jpg", "type": "object", "ID": 1235, "title": "Title 1235"},
{"url": "/images/lockups/square_6.jpg", "type": "object", "ID": 1236, "title": "Title 1236"},
{"url": "/images/lockups/square_7.jpg", "type": "object", "ID": 1237, "title": "Title 1237"},
{"url": "/images/lockups/square_8.jpg", "type": "object", "ID": 1238, "title": "Title 1238"},
{"url": "/images/lockups/square_9.jpg", "type": "object", "ID": 1239, "title": "Title 1239"},
{"url": "/images/lockups/square_10.jpg", "type": "object", "ID": 1240, "title": "Title 1240"},
{"url": "/images/lockups/square_1.jpg", "type": "object", "ID": 1241, "title": "Title 1241"},
{"url": "/images/lockups/square_2.jpg", "type": "object", "ID": 1242, "title": "Title 1242"},
{"url": "/images/lockups/square_3.jpg", "type": "object", "ID": 1243, "title": "Title 1243"},
{"url": "/images/lockups/square_4.jpg", "type": "object", "ID": 1244, "title": "Title 1244"},
{"url": "/images/lockups/square_5.jpg", "type": "object", "ID": 1245, "title": "Title 1245"},
{"url": "/images/lockups/square_6.jpg", "type": "object", "ID": 1246, "title": "Title 1246"},
{"url": "/images/lockups/square_7.jpg", "type": "object", "ID": 1247, "title": "Title 1247"},
{"url": "/images/lockups/square_8.jpg", "type": "object", "ID": 1248, "title": "Title 1248"},
{"url": "/images/lockups/square_9.jpg", "type": "object", "ID": 1249, "title": "Title 1249"},
{"url": "/images/lockups/square_10.jpg", "type": "object", "ID": 1250, "title": "Title 1250"},
{"url": "/images/lockups/square_1.jpg", "type": "object", "ID": 1251, "title": "Title 1251"},
{"url": "/images/lockups/square_2.jpg", "type": "object", "ID": 1252, "title": "Title 1252"},
{"url": "/images/lockups/square_3.jpg", "type": "object", "ID": 1253, "title": "Title 1253"},
{"url": "/images/lockups/square_4.jpg", "type": "object", "ID": 1254, "title": "Title 1254"},
{"url": "/images/lockups/square_5.jpg", "type": "object", "ID": 1255, "title": "Title 1255"},
{"url": "/images/lockups/square_6.jpg", "type": "object", "ID": 1256, "title": "Title 1256"},
{"url": "/images/lockups/square_7.jpg", "type": "object", "ID": 1257, "title": "Title 1257"},
{"url": "/images/lockups/square_8.jpg", "type": "object", "ID": 1258, "title": "Title 1258"},
{"url": "/images/lockups/square_9.jpg", "type": "object", "ID": 1259, "title": "Title 1259"},
{"url": "/images/lockups/square_10.jpg", "type": "object", "ID": 1260, "title": "Title 1260"},
{"url": "/images/lockups/square_1.jpg", "type": "object", "ID": 1261, "title": "Title 1261"},
{"url": "/images/lockups/square_2.jpg", "type": "object", "ID": 1262, "title": "Title 1262"},
{"url": "/images/lockups/square_3.jpg", "type": "object", "ID": 1263, "title": "Title 1263"},
{"url": "/images/lockups/square_4.jpg", "type": "object", "ID": 1264, "title": "Title 1264"},
{"url": "/images/lockups/square_5.jpg", "type": "object", "ID": 1265, "title": "Title 1265"},
{"url": "/images/lockups/square_6.jpg", "type": "object", "ID": 1266, "title": "Title 1266"},
{"url": "/images/lockups/square_7.jpg", "type": "object", "ID": 1267, "title": "Title 1267"},
{"url": "/images/lockups/square_8.jpg", "type": "object", "ID": 1268, "title": "Title 1268"},
{"url": "/images/lockups/square_9.jpg", "type": "object", "ID": 1269, "title": "Title 1269"},
{"url": "/images/lockups/square_10.jpg", "type": "object", "ID": 1270, "title": "Title 1270"},
{"url": "/images/lockups/square_1.jpg", "type": "object", "ID": 1271, "title": "Title 1271"},
{"url": "/images/lockups/square_2.jpg", "type": "object", "ID": 1272, "title": "Title 1272"},
{"url": "/images/lockups/square_3.jpg", "type": "object", "ID": 1273, "title": "Title 1273"},
{"url": "/images/lockups/square_4.jpg", "type": "object", "ID": 1274, "title": "Title 1274"},
{"url": "/images/lockups/square_5.jpg", "type": "object", "ID": 1275, "title": "Title 1275"},
{"url": "/images/lockups/square_6.jpg", "type": "object", "ID": 1276, "title": "Title 1276"},
{"url": "/images/lockups/square_7.jpg", "type": "object", "ID": 1277, "title": "Title 1277"},
{"url": "/images/lockups/square_8.jpg", "type": "object", "ID": 1278, "title": "Title 1278"},
{"url": "/images/lockups/square_9.jpg", "type": "object", "ID": 1279, "title": "Title 1279"},
{"url": "/images/lockups/square_10.jpg", "type": "object", "ID": 1280, "title": "Title 1280"},
{"url": "/images/lockups/square_1.jpg", "type": "object", "ID": 1281, "title": "Title 1281"},
{"url": "/images/lockups/square_2.jpg", "type": "object", "ID": 1282, "title": "Title 1282"},
{"url": "/images/lockups/square_3.jpg", "type": "object", "ID": 1283, "title": "Title 1283"},
{"url": "/images/lockups/square_4.jpg", "type": "object", "ID": 1284, "title": "Title 1284"},
{"url": "/images/lockups/square_5.jpg", "type": "object", "ID": 1285, "title": "Title 1285"},
{"url": "/images/lockups/square_6.jpg", "type": "object", "ID": 1286, "title": "Title 1286"},
{"url": "/images/lockups/square_7.jpg", "type": "object", "ID": 1287, "title": "Title 1287"},
{"url": "/images/lockups/square_8.jpg", "type": "object", "ID": 1288, "title": "Title 1288"},
{"url": "/images/lockups/square_9.jpg", "type": "object", "ID": 1289, "title": "Title 1289"},
{"url": "/images/lockups/square_10.jpg", "type": "object", "ID": 1290, "title": "Title 1290"},
{"url": "/images/lockups/square_1.jpg", "type": "object", "ID": 1291, "title": "Title 1291"},
{"url": "/images/lockups/square_2.jpg", "type": "object", "ID": 1292, "title": "Title 1292"},
{"url": "/images/lockups/square_3.jpg", "type": "object", "ID": 1293, "title": "Title 1293"},
{"url": "/images/lockups/square_4.jpg", "type": "object", "ID": 1294, "title": "Title 1294"},
{"url": "/images/lockups/square_5.jpg", "type": "object", "ID": 1295, "title": "Title 1295"},
{"url": "/images/lockups/square_6.jpg", "type": "object", "ID": 1296, "title": "Title 1296"},
{"url": "/images/lockups/square_7.jpg", "type": "object", "ID": 1297, "title": "Title 1297"},
{"url": "/images/lockups/square_8.jpg", "type": "object", "ID": 1298, "title": "Title 1298"},
{"url": "/images/lockups/square_9.jpg", "type": "object", "ID": 1299, "title": "Title 1299"},
{"url": "/images/lockups/square_10.jpg", "type": "object", "ID": 1300, "title": "Title 1300"},
{"url": "/images/lockups/square_1.jpg", "type": "object", "ID": 1301, "title": "Title 1301"},
{"url": "/images/lockups/square_2.jpg", "type": "object", "ID": 1302, "title": "Title 1302"},
{"url": "/images/lockups/square_3.jpg", "type": "object", "ID": 1303, "title": "Title 1303"},
{"url": "/images/lockups/square_4.jpg", "type": "object", "ID": 1304, "title": "Title 1304"},
{"url": "/images/lockups/square_5.jpg", "type": "object", "ID": 1305, "title": "Title 1305"},
{"url": "/images/lockups/square_6.jpg", "type": "object", "ID": 1306, "title": "Title 1306"},
{"url": "/images/lockups/square_7.jpg", "type": "object", "ID": 1307, "title": "Title 1307"},
{"url": "/images/lockups/square_8.jpg", "type": "object", "ID": 1308, "title": "Title 1308"},
{"url": "/images/lockups/square_9.jpg", "type": "object", "ID": 1309, "title": "Title 1309"},
{"url": "/images/lockups/square_10.jpg", "type": "object", "ID": 1310, "title": "Title 1310"},
{"url": "/images/lockups/square_1.jpg", "type": "object", "ID": 1311, "title": "Title 1311"},
{"url": "/images/lockups/square_2.jpg", "type": "object", "ID": 1312, "title": "Title 1312"},
{"url": "/images/lockups/square_3.jpg", "type": "object", "ID": 1313, "title": "Title 1313"},
{"url": "/images/lockups/square_4.jpg", "type": "object", "ID": 1314, "title": "Title 1314"},
{"url": "/images/lockups/square_5.jpg", "type": "object", "ID": 1315, "title": "Title 1315"},
{"url": "/images/lockups/square_6.jpg", "type": "object", "ID": 1316, "title": "Title 1316"},
{"url": "/images/lockups/square_7.jpg", "type": "object", "ID": 1317, "title": "Title 1317"},
{"url": "/images/lockups/square_8.jpg", "type": "object", "ID": 1318, "title": "Title 1318"},
{"url": "/images/lockups/square_9.jpg", "type": "object", "ID": 1319, "title": "Title 1319"},
{"url": "/images/lockups/square_10.jpg", "type": "object", "ID": 1320, "title": "Title 1320"},
{"url": "/images/lockups/square_1.jpg", "type": "object", "ID": 1321, "title": "Title 1321"},
{"url": "/images/lockups/square_2.jpg", "type": "object", "ID": 1322, "title": "Title 1322"},
{"url": "/images/lockups/square_3.jpg", "type": "object", "ID": 1323, "title": "Title 1323"},
{"url": "/images/lockups/square_4.jpg", "type": "object", "ID": 1324, "title": "Title 1324"},
{"url": "/images/lockups/square_5.jpg", "type": "object", "ID": 1325, "title": "Title 1325"},
{"url": "/images/lockups/square_6.jpg", "type": "object", "ID": 1326, "title": "Title 1326"},
{"url": "/images/lockups/square_7.jpg", "type": "object", "ID": 1327, "title": "Title 1327"},
{"url": "/images/lockups/square_8.jpg", "type": "object", "ID": 1328, "title": "Title 1328"},
{"url": "/images/lockups/square_9.jpg", "type": "object", "ID": 1329, "title": "Title 1329"},
{"url": "/images/lockups/square_10.jpg", "type": "object", "ID": 1330, "title": "Title 1330"},
{"url": "/images/lockups/square_1.jpg", "type": "object", "ID": 1331, "title": "Title 1331"},
{"url": "/images/lockups/square_2.jpg", "type": "object", "ID": 1332, "title": "Title 1332"},
{"url": "/images/lockups/square_3.jpg", "type": "object", "ID": 1333, "title": "Title 1333"},
{"url": "/images/lockups/square_4.jpg", "type": "object", "ID": 1334, "title": "Title 1334"},
{"url": "/images/lockups/square_5.jpg", "type": "object", "ID": 1335, "title": "Title 1335"},
{"url": "/images/lockups/square_6.jpg", "type": "object", "ID": 1336, "title": "Title 1336"},
{"url": "/images/lockups/square_7.jpg", "type": "object", "ID": 1337, "title": "Title 1337"},
{"url": "/images/lockups/square_8.jpg", "type": "object", "ID": 1338, "title": "Title 1338"},
{"url": "/images/lockups/square_9.jpg", "type": "object", "ID": 1339, "title": "Title 1339"},
{"url": "/images/lockups/square_10.jpg", "type": "object", "ID": 1340, "title": "Title 1340"},
{"url": "/images/lockups/square_1.jpg", "type": "object", "ID": 1341, "title": "Title 1341"},
{"url": "/images/lockups/square_2.jpg", "type": "object", "ID": 1342, "title": "Title 1342"},
{"url": "/images/lockups/square_3.jpg", "type": "object", "ID": 1343, "title": "Title 1343"},
{"url": "/images/lockups/square_4.jpg", "type": "object", "ID": 1344, "title": "Title 1344"},
{"url": "/images/lockups/square_5.jpg", "type": "object", "ID": 1345, "title": "Title 1345"},
{"url": "/images/lockups/square_6.jpg", "type": "object", "ID": 1346, "title": "Title 1346"},
{"url": "/images/lockups/square_7.jpg", "type": "object", "ID": 1347, "title": "Title 1347"},
{"url": "/images/lockups/square_8.jpg", "type": "object", "ID": 1348, "title": "Title 1348"},
{"url": "/images/lockups/square_9.jpg", "type": "object", "ID": 1349, "title": "Title 1349"},
{"url": "/images/lockups/square_10.jpg", "type": "object", "ID": 1350, "title": "Title 1350"},
{"url": "/images/lockups/square_1.jpg", "type": "object", "ID": 1351, "title": "Title 1351"},
{"url": "/images/lockups/square_2.jpg", "type": "object", "ID": 1352, "title": "Title 1352"},
{"url": "/images/lockups/square_3.jpg", "type": "object", "ID": 1353, "title": "Title 1353"},
{"url": "/images/lockups/square_4.jpg", "type": "object", "ID": 1354, "title": "Title 1354"},
{"url": "/images/lockups/square_5.jpg", "type": "object", "ID": 1355, "title": "Title 1355"},
{"url": "/images/lockups/square_6.jpg", "type": "object", "ID": 1356, "title": "Title 1356"},
{"url": "/images/lockups/square_7.jpg", "type": "object", "ID": 1357, "title": "Title 1357"},
{"url": "/images/lockups/square_8.jpg", "type": "object", "ID": 1358, "title": "Title 1358"},
{"url": "/images/lockups/square_9.jpg", "type": "object", "ID": 1359, "title": "Title 1359"},
{"url": "/images/lockups/square_10.jpg", "type": "object", "ID": 1360, "title": "Title 1360"},
{"url": "/images/lockups/square_1.jpg", "type": "object", "ID": 1361, "title": "Title 1361"},
{"url": "/images/lockups/square_2.jpg", "type": "object", "ID": 1362, "title": "Title 1362"},
{"url": "/images/lockups/square_3.jpg", "type": "object", "ID": 1363, "title": "Title 1363"},
{"url": "/images/lockups/square_4.jpg", "type": "object", "ID": 1364, "title": "Title 1364"},
{"url": "/images/lockups/square_5.jpg", "type": "object", "ID": 1365, "title": "Title 1365"},
{"url": "/images/lockups/square_6.jpg", "type": "object", "ID": 1366, "title": "Title 1366"},
{"url": "/images/lockups/square_7.jpg", "type": "object", "ID": 1367, "title": "Title 1367"},
{"url": "/images/lockups/square_8.jpg", "type": "object", "ID": 1368, "title": "Title 1368"},
{"url": "/images/lockups/square_9.jpg", "type": "object", "ID": 1369, "title": "Title 1369"},
{"url": "/images/lockups/square_10.jpg", "type": "object", "ID": 1370, "title": "Title 1370"},
{"url": "/images/lockups/square_1.jpg", "type": "object", "ID": 1371, "title": "Title 1371"},
{"url": "/images/lockups/square_2.jpg", "type": "object", "ID": 1372, "title": "Title 1372"},
{"url": "/images/lockups/square_3.jpg", "type": "object", "ID": 1373, "title": "Title 1373"},
{"url": "/images/lockups/square_4.jpg", "type": "object", "ID": 1374, "title": "Title 1374"},
{"url": "/images/lockups/square_5.jpg", "type": "object", "ID": 1375, "title": "Title 1375"},
{"url": "/images/lockups/square_6.jpg", "type": "object", "ID": 1376, "title": "Title 1376"},
{"url": "/images/lockups/square_7.jpg", "type": "object", "ID": 1377, "title": "Title 1377"},
{"url": "/images/lockups/square_8.jpg", "type": "object", "ID": 1378, "title": "Title 1378"},
{"url": "/images/lockups/square_9.jpg", "type": "object", "ID": 1379, "title": "Title 1379"},
{"url": "/images/lockups/square_10.jpg", "type": "object", "ID": 1380, "title": "Title 1380"},
{"url": "/images/lockups/square_1.jpg", "type": "object", "ID": 1381, "title": "Title 1381"},
{"url": "/images/lockups/square_2.jpg", "type": "object", "ID": 1382, "title": "Title 1382"},
{"url": "/images/lockups/square_3.jpg", "type": "object", "ID": 1383, "title": "Title 1383"},
{"url": "/images/lockups/square_4.jpg", "type": "object", "ID": 1384, "title": "Title 1384"},
{"url": "/images/lockups/square_5.jpg", "type": "object", "ID": 1385, "title": "Title 1385"},
{"url": "/images/lockups/square_6.jpg", "type": "object", "ID": 1386, "title": "Title 1386"},
{"url": "/images/lockups/square_7.jpg", "type": "object", "ID": 1387, "title": "Title 1387"},
{"url": "/images/lockups/square_8.jpg", "type": "object", "ID": 1388, "title": "Title 1388"},
{"url": "/images/lockups/square_9.jpg", "type": "object", "ID": 1389, "title": "Title 1389"},
{"url": "/images/lockups/square_10.jpg", "type": "object", "ID": 1390, "title": "Title 1390"},
{"url": "/images/lockups/square_1.jpg", "type": "object", "ID": 1391, "title": "Title 1391"},
{"url": "/images/lockups/square_2.jpg", "type": "object", "ID": 1392, "title": "Title 1392"},
{"url": "/images/lockups/square_3.jpg", "type": "object", "ID": 1393, "title": "Title 1393"},
{"url": "/images/lockups/square_4.jpg", "type": "object", "ID": 1394, "title": "Title 1394"},
{"url": "/images/lockups/square_5.jpg", "type": "object", "ID": 1395, "title": "Title 1395"},
{"url": "/images/lockups/square_6.jpg", "type": "object", "ID": 1396, "title": "Title 1396"},
{"url": "/images/lockups/square_7.jpg", "type": "object", "ID": 1397, "title": "Title 1397"},
{"url": "/images/lockups/square_8.jpg", "type": "object", "ID": 1398, "title": "Title 1398"},
{"url": "/images/lockups/square_9.jpg", "type": "object", "ID": 1399, "title": "Title 1399"},
{"url": "/images/lockups/square_10.jpg", "type": "object", "ID": 1400, "title": "Title 1400"},
{"url": "/images/lockups/square_1.jpg", "type": "object", "ID": 1401, "title": "Title 1401"},
{"url": "/images/lockups/square_2.jpg", "type": "object", "ID": 1402, "title": "Title 1402"},
{"url": "/images/lockups/square_3.jpg", "type": "object", "ID": 1403, "title": "Title 1403"},
{"url": "/images/lockups/square_4.jpg", "type": "object", "ID": 1404, "title": "Title 1404"},
{"url": "/images/lockups/square_5.jpg", "type": "object", "ID": 1405, "title": "Title 1405"},
{"url": "/images/lockups/square_6.jpg", "type": "object", "ID": 1406, "title": "Title 1406"},
{"url": "/images/lockups/square_7.jpg", "type": "object", "ID": 1407, "title": "Title 1407"},
{"url": "/images/lockups/square_8.jpg", "type": "object", "ID": 1408, "title": "Title 1408"},
{"url": "/images/lockups/square_9.jpg", "type": "object", "ID": 1409, "title": "Title 1409"},
{"url": "/images/lockups/square_10.jpg", "type": "object", "ID": 1410, "title": "Title 1410"},
{"url": "/images/lockups/square_1.jpg", "type": "object", "ID": 1411, "title": "Title 1411"},
{"url": "/images/lockups/square_2.jpg", "type": "object", "ID": 1412, "title": "Title 1412"},
{"url": "/images/lockups/square_3.jpg", "type": "object", "ID": 1413, "title": "Title 1413"},
{"url": "/images/lockups/square_4.jpg", "type": "object", "ID": 1414, "title": "Title 1414"},
{"url": "/images/lockups/square_5.jpg", "type": "object", "ID": 1415, "title": "Title 1415"},
{"url": "/images/lockups/square_6.jpg", "type": "object", "ID": 1416, "title": "Title 1416"},
{"url": "/images/lockups/square_7.jpg", "type": "object", "ID": 1417, "title": "Title 1417"},
{"url": "/images/lockups/square_8.jpg", "type": "object", "ID": 1418, "title": "Title 1418"},
{"url": "/images/lockups/square_9.jpg", "type": "object", "ID": 1419, "title": "Title 1419"},
{"url": "/images/lockups/square_10.jpg", "type": "object", "ID": 1420, "title": "Title 1420"},
{"url": "/images/lockups/square_1.jpg", "type": "object", "ID": 1421, "title": "Title 1421"},
{"url": "/images/lockups/square_2.jpg", "type": "object", "ID": 1422, "title": "Title 1422"},
{"url": "/images/lockups/square_3.jpg", "type": "object", "ID": 1423, "title": "Title 1423"},
{"url": "/images/lockups/square_4.jpg", "type": "object", "ID": 1424, "title": "Title 1424"},
{"url": "/images/lockups/square_5.jpg", "type": "object", "ID": 1425, "title": "Title 1425"},
{"url": "/images/lockups/square_6.jpg", "type": "object", "ID": 1426, "title": "Title 1426"},
{"url": "/images/lockups/square_7.jpg", "type": "object", "ID": 1427, "title": "Title 1427"},
{"url": "/images/lockups/square_8.jpg", "type": "object", "ID": 1428, "title": "Title 1428"},
{"url": "/images/lockups/square_9.jpg", "type": "object", "ID": 1429, "title": "Title 1429"},
{"url": "/images/lockups/square_10.jpg", "type": "object", "ID": 1430, "title": "Title 1430"},
{"url": "/images/lockups/square_1.jpg", "type": "object", "ID": 1431, "title": "Title 1431"},
{"url": "/images/lockups/square_2.jpg", "type": "object", "ID": 1432, "title": "Title 1432"},
{"url": "/images/lockups/square_3.jpg", "type": "object", "ID": 1433, "title": "Title 1433"},
{"url": "/images/lockups/square_4.jpg", "type": "object", "ID": 1434, "title": "Title 1434"},
{"url": "/images/lockups/square_5.jpg", "type": "object", "ID": 1435, "title": "Title 1435"},
{"url": "/images/lockups/square_6.jpg", "type": "object", "ID": 1436, "title": "Title 1436"},
{"url": "/images/lockups/square_7.jpg", "type": "object", "ID": 1437, "title": "Title 1437"},
{"url": "/images/lockups/square_8.jpg", "type": "object", "ID": 1438, "title": "Title 1438"},
{"url": "/images/lockups/square_9.jpg", "type": "object", "ID": 1439, "title": "Title 1439"},
{"url": "/images/lockups/square_10.jpg", "type": "object", "ID": 1440, "title": "Title 1440"},
{"url": "/images/lockups/square_1.jpg", "type": "object", "ID": 1441, "title": "Title 1441"},
{"url": "/images/lockups/square_2.jpg", "type": "object", "ID": 1442, "title": "Title 1442"},
{"url": "/images/lockups/square_3.jpg", "type": "object", "ID": 1443, "title": "Title 1443"},
{"url": "/images/lockups/square_4.jpg", "type": "object", "ID": 1444, "title": "Title 1444"},
{"url": "/images/lockups/square_5.jpg", "type": "object", "ID": 1445, "title": "Title 1445"},
{"url": "/images/lockups/square_6.jpg", "type": "object", "ID": 1446, "title": "Title 1446"},
{"url": "/images/lockups/square_7.jpg", "type": "object", "ID": 1447, "title": "Title 1447"},
{"url": "/images/lockups/square_8.jpg", "type": "object", "ID": 1448, "title": "Title 1448"},
{"url": "/images/lockups/square_9.jpg", "type": "object", "ID": 1449, "title": "Title 1449"},
{"url": "/images/lockups/square_10.jpg", "type": "object", "ID": 1450, "title": "Title 1450"},
{"url": "/images/lockups/square_1.jpg", "type": "object", "ID": 1451, "title": "Title 1451"},
{"url": "/images/lockups/square_2.jpg", "type": "object", "ID": 1452, "title": "Title 1452"},
{"url": "/images/lockups/square_3.jpg", "type": "object", "ID": 1453, "title": "Title 1453"},
{"url": "/images/lockups/square_4.jpg", "type": "object", "ID": 1454, "title": "Title 1454"},
{"url": "/images/lockups/square_5.jpg", "type": "object", "ID": 1455, "title": "Title 1455"},
{"url": "/images/lockups/square_6.jpg", "type": "object", "ID": 1456, "title": "Title 1456"},
{"url": "/images/lockups/square_7.jpg", "type": "object", "ID": 1457, "title": "Title 1457"},
{"url": "/images/lockups/square_8.jpg", "type": "object", "ID": 1458, "title": "Title 1458"},
{"url": "/images/lockups/square_9.jpg", "type": "object", "ID": 1459, "title": "Title 1459"},
{"url": "/images/lockups/square_10.jpg", "type": "object", "ID": 1460, "title": "Title 1460"},
{"url": "/images/lockups/square_1.jpg", "type": "object", "ID": 1461, "title": "Title 1461"},
{"url": "/images/lockups/square_2.jpg", "type": "object", "ID": 1462, "title": "Title 1462"},
{"url": "/images/lockups/square_3.jpg", "type": "object", "ID": 1463, "title": "Title 1463"},
{"url": "/images/lockups/square_4.jpg", "type": "object", "ID": 1464, "title": "Title 1464"},
{"url": "/images/lockups/square_5.jpg", "type": "object", "ID": 1465, "title": "Title 1465"},
{"url": "/images/lockups/square_6.jpg", "type": "object", "ID": 1466, "title": "Title 1466"},
{"url": "/images/lockups/square_7.jpg", "type": "object", "ID": 1467, "title": "Title 1467"},
{"url": "/images/lockups/square_8.jpg", "type": "object", "ID": 1468, "title": "Title 1468"},
{"url": "/images/lockups/square_9.jpg", "type": "object", "ID": 1469, "title": "Title 1469"},
{"url": "/images/lockups/square_10.jpg", "type": "object", "ID": 1470, "title": "Title 1470"},
{"url": "/images/lockups/square_1.jpg", "type": "object", "ID": 1471, "title": "Title 1471"},
{"url": "/images/lockups/square_2.jpg", "type": "object", "ID": 1472, "title": "Title 1472"},
{"url": "/images/lockups/square_3.jpg", "type": "object", "ID": 1473, "title": "Title 1473"},
{"url": "/images/lockups/square_4.jpg", "type": "object", "ID": 1474, "title": "Title 1474"},
{"url": "/images/lockups/square_5.jpg", "type": "object", "ID": 1475, "title": "Title 1475"},
{"url": "/images/lockups/square_6.jpg", "type": "object", "ID": 1476, "title": "Title 1476"},
{"url": "/images/lockups/square_7.jpg", "type": "object", "ID": 1477, "title": "Title 1477"},
{"url": "/images/lockups/square_8.jpg", "type": "object", "ID": 1478, "title": "Title 1478"},
{"url": "/images/lockups/square_9.jpg", "type": "object", "ID": 1479, "title": "Title 1479"},
{"url": "/images/lockups/square_10.jpg", "type": "object", "ID": 1480, "title": "Title 1480"},
{"url": "/images/lockups/square_1.jpg", "type": "object", "ID": 1481, "title": "Title 1481"},
{"url": "/images/lockups/square_2.jpg", "type": "object", "ID": 1482, "title": "Title 1482"},
{"url": "/images/lockups/square_3.jpg", "type": "object", "ID": 1483, "title": "Title 1483"},
{"url": "/images/lockups/square_4.jpg", "type": "object", "ID": 1484, "title": "Title 1484"},
{"url": "/images/lockups/square_5.jpg", "type": "object", "ID": 1485, "title": "Title 1485"},
{"url": "/images/lockups/square_6.jpg", "type": "object", "ID": 1486, "title": "Title 1486"},
{"url": "/images/lockups/square_7.jpg", "type": "object", "ID": 1487, "title": "Title 1487"},
{"url": "/images/lockups/square_8.jpg", "type": "object", "ID": 1488, "title": "Title 1488"},
{"url": "/images/lockups/square_9.jpg", "type": "object", "ID": 1489, "title": "Title 1489"},
{"url": "/images/lockups/square_10.jpg", "type": "object", "ID": 1490, "title": "Title 1490"},
{"url": "/images/lockups/square_1.jpg", "type": "object", "ID": 1491, "title": "Title 1491"},
{"url": "/images/lockups/square_2.jpg", "type": "object", "ID": 1492, "title": "Title 1492"},
{"url": "/images/lockups/square_3.jpg", "type": "object", "ID": 1493, "title": "Title 1493"},
{"url": "/images/lockups/square_4.jpg", "type": "object", "ID": 1494, "title": "Title 1494"},
{"url": "/images/lockups/square_5.jpg", "type": "object", "ID": 1495, "title": "Title 1495"},
{"url": "/images/lockups/square_6.jpg", "type": "object", "ID": 1496, "title": "Title 1496"},
{"url": "/images/lockups/square_7.jpg", "type": "object", "ID": 1497, "title": "Title 1497"},
{"url": "/images/lockups/square_8.jpg", "type": "object", "ID": 1498, "title": "Title 1498"},
{"url": "/images/lockups/square_9.jpg", "type": "object", "ID": 1499, "title": "Title 1499"},
{"url": "/images/lockups/square_10.jpg", "type": "object", "ID": 1500, "title": "Title 1500"}]}
