{ "items": [
{"url": "/images/lockups/square_1.jpg", "type": "object", "ID": 4001, "title": "Title 4001"},
{"url": "/images/lockups/square_2.jpg", "type": "object", "ID": 4002, "title": "Title 4002"},
{"url": "/images/lockups/square_3.jpg", "type": "object", "ID": 4003, "title": "Title 4003"},
{"url": "/images/lockups/square_4.jpg", "type": "object", "ID": 4004, "title": "Title 4004"},
{"url": "/images/lockups/square_5.jpg", "type": "object", "ID": 4005, "title": "Title 4005"},
{"url": "/images/lockups/square_6.jpg", "type": "object", "ID": 4006, "title": "Title 4006"},
{"url": "/images/lockups/square_7.jpg", "type": "object", "ID": 4007, "title": "Title 4007"},
{"url": "/images/lockups/square_8.jpg", "type": "object", "ID": 4008, "title": "Title 4008"},
{"url": "/images/lockups/square_9.jpg", "type": "object", "ID": 4009, "title": "Title 4009"},
{"url": "/images/lockups/square_10.jpg", "type": "object", "ID": 4010, "title": "Title 4010"},
{"url": "/images/lockups/square_1.jpg", "type": "object", "ID": 4011, "title": "Title 4011"},
{"url": "/images/lockups/square_2.jpg", "type": "object", "ID": 4012, "title": "Title 4012"},
{"url": "/images/lockups/square_3.jpg", "type": "object", "ID": 4013, "title": "Title 4013"},
{"url": "/images/lockups/square_4.jpg", "type": "object", "ID": 4014, "title": "Title 4014"},
{"url": "/images/lockups/square_5.jpg", "type": "object", "ID": 4015, "title": "Title 4015"},
{"url": "/images/lockups/square_6.jpg", "type": "object", "ID": 4016, "title": "Title 4016"},
{"url": "/images/lockups/square_7.jpg", "type": "object", "ID": 4017, "title": "Title 4017"},
{"url": "/images/lockups/square_8.jpg", "type": "object", "ID": 4018, "title": "Title 4018"},
{"url": "/images/lockups/square_9.jpg", "type": "object", "ID": 4019, "title": "Title 4019"},
{"url": "/images/lockups/square_10.jpg", "type": "object", "ID": 4020, "title": "Title 4020"},
{"url": "/images/lockups/square_1.jpg", "type": "object", "ID": 4021, "title": "Title 4021"},
{"url": "/images/lockups/square_2.jpg", "type": "object", "ID": 4022, "title": "Title 4022"},
{"url": "/images/lockups/square_3.jpg", "type": "object", "ID": 4023, "title": "Title 4023"},
{"url": "/images/lockups/square_4.jpg", "type": "object", "ID": 4024, "title": "Title 4024"},
{"url": "/images/lockups/square_5.jpg", "type": "object", "ID": 4025, "title": "Title 4025"},
{"url": "/images/lockups/square_6.jpg", "type": "object", "ID": 4026, "title": "Title 4026"},
{"url": "/images/lockups/square_7.jpg", "type": "object", "ID": 4027, "title": "Title 4027"},
{"url": "/images/lockups/square_8.jpg", "type": "object", "ID": 4028, "title": "Title 4028"},
{"url": "/images/lockups/square_9.jpg", "type": "object", "ID": 4029, "title": "Title 4029"},
{"url": "/images/lockups/square_10.jpg", "type": "object", "ID": 4030, "title": "Title 4030"},
{"url": "/images/lockups/square_1.jpg", "type": "object", "ID": 4031, "title": "Title 4031"},
{"url": "/images/lockups/square_2.jpg", "type": "object", "ID": 4032, "title": "Title 4032"},
{"url": "/images/lockups/square_3.jpg", "type": "object", "ID": 4033, "title": "Title 4033"},
{"url": "/images/lockups/square_4.jpg", "type": "object", "ID": 4034, "title": "Title 4034"},
{"url": "/images/lockups/square_5.jpg", "type": "object", "ID": 4035, "title": "Title 4035"},
{"url": "/images/lockups/square_6.jpg", "type": "object", "ID": 4036, "title": "Title 4036"},
{"url": "/images/lockups/square_7.jpg", "type": "object", "ID": 4037, "title": "Title 4037"},
{"url": "/images/lockups/square_8.jpg", "type": "object", "ID": 4038, "title": "Title 4038"},
{"url": "/images/lockups/square_9.jpg", "type": "object", "ID": 4039, "title": "Title 4039"},
{"url": "/images/lockups/square_10.jpg", "type": "object", "ID": 4040, "title": "Title 4040"},
{"url": "/images/lockups/square_1.jpg", "type": "object", "ID": 4041, "title": "Title 4041"},
{"url": "/images/lockups/square_2.jpg", "type": "object", "ID": 4042, "title": "Title 4042"},
{"url": "/images/lockups/square_3.jpg", "type": "object", "ID": 4043, "title": "Title 4043"},
{"url": "/images/lockups/square_4.jpg", "type": "object", "ID": 4044, "title": "Title 4044"},
{"url": "/images/lockups/square_5.jpg", "type": "object", "ID": 4045, "title": "Title 4045"},
{"url": "/images/lockups/square_6.jpg", "type": "object", "ID": 4046, "title": "Title 4046"},
{"url": "/images/lockups/square_7.jpg", "type": "object", "ID": 4047, "title": "Title 4047"},
{"url": "/images/lockups/square_8.jpg", "type": "object", "ID": 4048, "title": "Title 4048"},
{"url": "/images/lockups/square_9.jpg", "type": "object", "ID": 4049, "title": "Title 4049"},
{"url": "/images/lockups/square_10.jpg", "type": "object", "ID": 4050, "title": "Title 4050"},
{"url": "/images/lockups/square_1.jpg", "type": "object", "ID": 4051, "title": "Title 4051"},
{"url": "/images/lockups/square_2.jpg", "type": "object", "ID": 4052, "title": "Title 4052"},
{"url": "/images/lockups/square_3.jpg", "type": "object", "ID": 4053, "title": "Title 4053"},
{"url": "/images/lockups/square_4.jpg", "type": "object", "ID": 4054, "title": "Title 4054"},
{"url": "/images/lockups/square_5.jpg", "type": "object", "ID": 4055, "title": "Title 4055"},
{"url": "/images/lockups/square_6.jpg", "type": "object", "ID": 4056, "title": "Title 4056"},
{"url": "/images/lockups/square_7.jpg", "type": "object", "ID": 4057, "title": "Title 4057"},
{"url": "/images/lockups/square_8.jpg", "type": "object", "ID": 4058, "title": "Title 4058"},
{"url": "/images/lockups/square_9.jpg", "type": "object", "ID": 4059, "title": "Title 4059"},
{"url": "/images/lockups/square_10.jpg", "type": "object", "ID": 4060, "title": "Title 4060"},
{"url": "/images/lockups/square_1.jpg", "type": "object", "ID": 4061, "title": "Title 4061"},
{"url": "/images/lockups/square_2.jpg", "type": "object", "ID": 4062, "title": "Title 4062"},
{"url": "/images/lockups/square_3.jpg", "type": "object", "ID": 4063, "title": "Title 4063"},
{"url": "/images/lockups/square_4.jpg", "type": "object", "ID": 4064, "title": "Title 4064"},
{"url": "/images/lockups/square_5.jpg", "type": "object", "ID": 4065, "title": "Title 4065"},
{"url": "/images/lockups/square_6.jpg", "type": "object", "ID": 4066, "title": "Title 4066"},
{"url": "/images/lockups/square_7.jpg", "type": "object", "ID": 4067, "title": "Title 4067"},
{"url": "/images/lockups/square_8.jpg", "type": "object", "ID": 4068, "title": "Title 4068"},
{"url": "/images/lockups/square_9.jpg", "type": "object", "ID": 4069, "title": "Title 4069"},
{"url": "/images/lockups/square_10.jpg", "type": "object", "ID": 4070, "title": "Title 4070"},
{"url": "/images/lockups/square_1.jpg", "type": "object", "ID": 4071, "title": "Title 4071"},
{"url": "/images/lockups/square_2.jpg", "type": "object", "ID": 4072, "title": "Title 4072"},
{"url": "/images/lockups/square_3.jpg", "type": "object", "ID": 4073, "title": "Title 4073"},
{"url": "/images/lockups/square_4.jpg", "type": "object", "ID": 4074, "title": "Title 4074"},
{"url": "/images/lockups/square_5.jpg", "type": "object", "ID": 4075, "title": "Title 4075"},
{"url": "/images/lockups/square_6.jpg", "type": "object", "ID": 4076, "title": "Title 4076"},
{"url": "/images/lockups/square_7.jpg", "type": "object", "ID": 4077, "title": "Title 4077"},
{"url": "/images/lockups/square_8.jpg", "type": "object", "ID": 4078, "title": "Title 4078"},
{"url": "/images/lockups/square_9.jpg", "type": "object", "ID": 4079, "title": "Title 4079"},
{"url": "/images/lockups/square_10.jpg", "type": "object", "ID": 4080, "title": "Title 4080"},
{"url": "/images/lockups/square_1.jpg", "type": "object", "ID": 4081, "title": "Title 4081"},
{"url": "/images/lockups/square_2.jpg", "type": "object", "ID": 4082, "title": "Title 4082"},
{"url": "/images/lockups/square_3.jpg", "type": "object", "ID": 4083, "title": "Title 4083"},
{"url": "/images/lockups/square_4.jpg", "type": "object", "ID": 4084, "title": "Title 4084"},
{"url": "/images/lockups/square_5.jpg", "type": "object", "ID": 4085, "title": "Title 4085"},
{"url": "/images/lockups/square_6.jpg", "type": "object", "ID": 4086, "title": "Title 4086"},
{"url": "/images/lockups/square_7.jpg", "type": "object", "ID": 4087, "title": "Title 4087"},
{"url": "/images/lockups/square_8.jpg", "type": "object", "ID": 4088, "title": "Title 4088"},
{"url": "/images/lockups/square_9.jpg", "type": "object", "ID": 4089, "title": "Title 4089"},
{"url": "/images/lockups/square_10.jpg", "type": "object", "ID": 4090, "title": "Title 4090"},
{"url": "/images/lockups/square_1.jpg", "type": "object", "ID": 4091, "title": "Title 4091"},
{"url": "/images/lockups/square_2.jpg", "type": "object", "ID": 4092, "title": "Title 4092"},
{"url": "/images/lockups/square_3.jpg", "type": "object", "ID": 4093, "title": "Title 4093"},
{"url": "/images/lockups/square_4.jpg", "type": "object", "ID": 4094, "title": "Title 4094"},
{"url": "/images/lockups/square_5.jpg", "type": "object", "ID": 4095, "title": "Title 4095"},
{"url": "/images/lockups/square_6.jpg", "type": "object", "ID": 4096, "title": "Title 4096"},
{"url": "/images/lockups/square_7.jpg", "type": "object", "ID": 4097, "title": "Title 4097"},
{"url": "/images/lockups/square_8.jpg", "type": "object", "ID": 4098, "title": "Title 4098"},
{"url": "/images/lockups/square_9.jpg", "type": "object", "ID": 4099, "title": "Title 4099"},
{"url": "/images/lockups/square_10.jpg", "type": "object", "ID": 4100, "title": "Title 4100"},
{"url": "/images/lockups/square_1.jpg", "type": "object", "ID": 4101, "title": "Title 4101"},
{"url": "/images/lockups/square_2.jpg", "type": "object", "ID": 4102, "title": "Title 4102"},
{"url": "/images/lockups/square_3.jpg", "type": "object", "ID": 4103, "title": "Title 4103"},
{"url": "/images/lockups/square_4.jpg", "type": "object", "ID": 4104, "title": "Title 4104"},
{"url": "/images/lockups/square_5.jpg", "type": "object", "ID": 4105, "title": "Title 4105"},
{"url": "/images/lockups/square_6.jpg", "type": "object", "ID": 4106, "title": "Title 4106"},
{"url": "/images/lockups/square_7.jpg", "type": "object", "ID": 4107, "title": "Title 4107"},
{"url": "/images/lockups/square_8.jpg", "type": "object", "ID": 4108, "title": "Title 4108"},
{"url": "/images/lockups/square_9.jpg", "type": "object", "ID": 4109, "title": "Title 4109"},
{"url": "/images/lockups/square_10.jpg", "type": "object", "ID": 4110, "title": "Title 4110"},
{"url": "/images/lockups/square_1.jpg", "type": "object", "ID": 4111, "title": "Title 4111"},
{"url": "/images/lockups/square_2.jpg", "type": "object", "ID": 4112, "title": "Title 4112"},
{"url": "/images/lockups/square_3.jpg", "type": "object", "ID": 4113, "title": "Title 4113"},
{"url": "/images/lockups/square_4.jpg", "type": "object", "ID": 4114, "title": "Title 4114"},
{"url": "/images/lockups/square_5.jpg", "type": "object", "ID": 4115, "title": "Title 4115"},
{"url": "/images/lockups/square_6.jpg", "type": "object", "ID": 4116, "title": "Title 4116"},
{"url": "/images/lockups/square_7.jpg", "type": "object", "ID": 4117, "title": "Title 4117"},
{"url": "/images/lockups/square_8.jpg", "type": "object", "ID": 4118, "title": "Title 4118"},
{"url": "/images/lockups/square_9.jpg", "type": "object", "ID": 4119, "title": "Title 4119"},
{"url": "/images/lockups/square_10.jpg", "type": "object", "ID": 4120, "title": "Title 4120"},
{"url": "/images/lockups/square_1.jpg", "type": "object", "ID": 4121, "title": "Title 4121"},
{"url": "/images/lockups/square_2.jpg", "type": "object", "ID": 4122, "title": "Title 4122"},
{"url": "/images/lockups/square_3.jpg", "type": "object", "ID": 4123, "title": "Title 4123"},
{"url": "/images/lockups/square_4.jpg", "type": "object", "ID": 4124, "title": "Title 4124"},
{"url": "/images/lockups/square_5.jpg", "type": "object", "ID": 4125, "title": "Title 4125"},
{"url": "/images/lockups/square_6.jpg", "type": "object", "ID": 4126, "title": "Title 4126"},
{"url": "/images/lockups/square_7.jpg", "type": "object", "ID": 4127, "title": "Title 4127"},
{"url": "/images/lockups/square_8.jpg", "type": "object", "ID": 4128, "title": "Title 4128"},
{"url": "/images/lockups/square_9.jpg", "type": "object", "ID": 4129, "title": "Title 4129"},
{"url": "/images/lockups/square_10.jpg", "type": "object", "ID": 4130, "title": "Title 4130"},
{"url": "/images/lockups/square_1.jpg", "type": "object", "ID": 4131, "title": "Title 4131"},
{"url": "/images/lockups/square_2.jpg", "type": "object", "ID": 4132, "title": "Title 4132"},
{"url": "/images/lockups/square_3.jpg", "type": "object", "ID": 4133, "title": "Title 4133"},
{"url": "/images/lockups/square_4.jpg", "type": "object", "ID": 4134, "title": "Title 4134"},
{"url": "/images/lockups/square_5.jpg", "type": "object", "ID": 4135, "title": "Title 4135"},
{"url": "/images/lockups/square_6.jpg", "type": "object", "ID": 4136, "title": "Title 4136"},
{"url": "/images/lockups/square_7.jpg", "type": "object", "ID": 4137, "title": "Title 4137"},
{"url": "/images/lockups/square_8.jpg", "type": "object", "ID": 4138, "title": "Title 4138"},
{"url": "/images/lockups/square_9.jpg", "type": "object", "ID": 4139, "title": "Title 4139"},
{"url": "/images/lockups/square_10.jpg", "type": "object", "ID": 4140, "title": "Title 4140"},
{"url": "/images/lockups/square_1.jpg", "type": "object", "ID": 4141, "title": "Title 4141"},
{"url": "/images/lockups/square_2.jpg", "type": "object", "ID": 4142, "title": "Title 4142"},
{"url": "/images/lockups/square_3.jpg", "type": "object", "ID": 4143, "title": "Title 4143"},
{"url": "/images/lockups/square_4.jpg", "type": "object", "ID": 4144, "title": "Title 4144"},
{"url": "/images/lockups/square_5.jpg", "type": "object", "ID": 4145, "title": "Title 4145"},
{"url": "/images/lockups/square_6.jpg", "type": "object", "ID": 4146, "title": "Title 4146"},
{"url": "/images/lockups/square_7.jpg", "type": "object", "ID": 4147, "title": "Title 4147"},
{"url": "/images/lockups/square_8.jpg", "type": "object", "ID": 4148, "title": "Title 4148"},
{"url": "/images/lockups/square_9.jpg", "type": "object", "ID": 4149, "title": "Title 4149"},
{"url": "/images/lockups/square_10.jpg", "type": "object", "ID": 4150, "title": "Title 4150"},
{"url": "/images/lockups/square_1.jpg", "type": "object", "ID": 4151, "title": "Title 4151"},
{"url": "/images/lockups/square_2.jpg", "type": "object", "ID": 4152, "title": "Title 4152"},
{"url": "/images/lockups/square_3.jpg", "type": "object", "ID": 4153, "title": "Title 4153"},
{"url": "/images/lockups/square_4.jpg", "type": "object", "ID": 4154, "title": "Title 4154"},
{"url": "/images/lockups/square_5.jpg", "type": "object", "ID": 4155, "title": "Title 4155"},
{"url": "/images/lockups/square_6.jpg", "type": "object", "ID": 4156, "title": "Title 4156"},
{"url": "/images/lockups/square_7.jpg", "type": "object", "ID": 4157, "title": "Title 4157"},
{"url": "/images/lockups/square_8.jpg", "type": "object", "ID": 4158, "title": "Title 4158"},
{"url": "/images/lockups/square_9.jpg", "type": "object", "ID": 4159, "title": "Title 4159"},
{"url": "/images/lockups/square_10.jpg", "type": "object", "ID": 4160, "title": "Title 4160"},
{"url": "/images/lockups/square_1.jpg", "type": "object", "ID": 4161, "title": "Title 4161"},
{"url": "/images/lockups/square_2.jpg", "type": "object", "ID": 4162, "title": "Title 4162"},
{"url": "/images/lockups/square_3.jpg", "type": "object", "ID": 4163, "title": "Title 4163"},
{"url": "/images/lockups/square_4.jpg", "type": "object", "ID": 4164, "title": "Title 4164"},
{"url": "/images/lockups/square_5.jpg", "type": "object", "ID": 4165, "title": "Title 4165"},
{"url": "/images/lockups/square_6.jpg", "type": "object", "ID": 4166, "title": "Title 4166"},
{"url": "/images/lockups/square_7.jpg", "type": "object", "ID": 4167, "title": "Title 4167"},
{"url": "/images/lockups/square_8.jpg", "type": "object", "ID": 4168, "title": "Title 4168"},
{"url": "/images/lockups/square_9.jpg", "type": "object", "ID": 4169, "title": "Title 4169"},
{"url": "/images/lockups/square_10.jpg", "type": "object", "ID": 4170, "title": "Title 4170"},
{"url": "/images/lockups/square_1.jpg", "type": "object", "ID": 4171, "title": "Title 4171"},
{"url": "/images/lockups/square_2.jpg", "type": "object", "ID": 4172, "title": "Title 4172"},
{"url": "/images/lockups/square_3.jpg", "type": "object", "ID": 4173, "title": "Title 4173"},
{"url": "/images/lockups/square_4.jpg", "type": "object", "ID": 4174, "title": "Title 4174"},
{"url": "/images/lockups/square_5.jpg", "type": "object", "ID": 4175, "title": "Title 4175"},
{"url": "/images/lockups/square_6.jpg", "type": "object", "ID": 4176, "title": "Title 4176"},
{"url": "/images/lockups/square_7.jpg", "type": "object", "ID": 4177, "title": "Title 4177"},
{"url": "/images/lockups/square_8.jpg", "type": "object", "ID": 4178, "title": "Title 4178"},
{"url": "/images/lockups/square_9.jpg", "type": "object", "ID": 4179, "title": "Title 4179"},
{"url": "/images/lockups/square_10.jpg", "type": "object", "ID": 4180, "title": "Title 4180"},
{"url": "/images/lockups/square_1.jpg", "type": "object", "ID": 4181, "title": "Title 4181"},
{"url": "/images/lockups/square_2.jpg", "type": "object", "ID": 4182, "title": "Title 4182"},
{"url": "/images/lockups/square_3.jpg", "type": "object", "ID": 4183, "title": "Title 4183"},
{"url": "/images/lockups/square_4.jpg", "type": "object", "ID": 4184, "title": "Title 4184"},
{"url": "/images/lockups/square_5.jpg", "type": "object", "ID": 4185, "title": "Title 4185"},
{"url": "/images/lockups/square_6.jpg", "type": "object", "ID": 4186, "title": "Title 4186"},
{"url": "/images/lockups/square_7.jpg", "type": "object", "ID": 4187, "title": "Title 4187"},
{"url": "/images/lockups/square_8.jpg", "type": "object", "ID": 4188, "title": "Title 4188"},
{"url": "/images/lockups/square_9.jpg", "type": "object", "ID": 4189, "title": "Title 4189"},
{"url": "/images/lockups/square_10.jpg", "type": "object", "ID": 4190, "title": "Title 4190"},
{"url": "/images/lockups/square_1.jpg", "type": "object", "ID": 4191, "title": "Title 4191"},
{"url": "/images/lockups/square_2.jpg", "type": "object", "ID": 4192, "title": "Title 4192"},
{"url": "/images/lockups/square_3.jpg", "type": "object", "ID": 4193, "title": "Title 4193"},
{"url": "/images/lockups/square_4.jpg", "type": "object", "ID": 4194, "title": "Title 4194"},
{"url": "/images/lockups/square_5.jpg", "type": "object", "ID": 4195, "title": "Title 4195"},
{"url": "/images/lockups/square_6.jpg", "type": "object", "ID": 4196, "title": "Title 4196"},
{"url": "/images/lockups/square_7.jpg", "type": "object", "ID": 4197, "title": "Title 4197"},
{"url": "/images/lockups/square_8.jpg", "type": "object", "ID": 4198, "title": "Title 4198"},
{"url": "/images/lockups/square_9.jpg", "type": "object", "ID": 4199, "title": "Title 4199"},
{"url": "/images/lockups/square_10.jpg", "type": "object", "ID": 4200, "title": "Title 4200"},
{"url": "/images/lockups/square_1.jpg", "type": "object", "ID": 4201, "title": "Title 4201"},
{"url": "/images/lockups/square_2.jpg", "type": "object", "ID": 4202, "title": "Title 4202"},
{"url": "/images/lockups/square_3.jpg", "type": "object", "ID": 4203, "title": "Title 4203"},
{"url": "/images/lockups/square_4.jpg", "type": "object", "ID": 4204, "title": "Title 4204"},
{"url": "/images/lockups/square_5.jpg", "type": "object", "ID": 4205, "title": "Title 4205"},
{"url": "/images/lockups/square_6.jpg", "type": "object", "ID": 4206, "title": "Title 4206"},
{"url": "/images/lockups/square_7.jpg", "type": "object", "ID": 4207, "title": "Title 4207"},
{"url": "/images/lockups/square_8.jpg", "type": "object", "ID": 4208, "title": "Title 4208"},
{"url": "/images/lockups/square_9.jpg", "type": "object", "ID": 4209, "title": "Title 4209"},
{"url": "/images/lockups/square_10.jpg", "type": "object", "ID": 4210, "title": "Title 4210"},
{"url": "/images/lockups/square_1.jpg", "type": "object", "ID": 4211, "title": "Title 4211"},
{"url": "/images/lockups/square_2.jpg", "type": "object", "ID": 4212, "title": "Title 4212"},
{"url": "/images/lockups/square_3.jpg", "type": "object", "ID": 4213, "title": "Title 4213"},
{"url": "/images/lockups/square_4.jpg", "type": "object", "ID": 4214, "title": "Title 4214"},
{"url": "/images/lockups/square_5.jpg", "type": "object", "ID": 4215, "title": "Title 4215"},
{"url": "/images/lockups/square_6.jpg", "type": "object", "ID": 4216, "title": "Title 4216"},
{"url": "/images/lockups/square_7.jpg", "type": "object", "ID": 4217, "title": "Title 4217"},
{"url": "/images/lockups/square_8.jpg", "type": "object", "ID": 4218, "title": "Title 4218"},
{"url": "/images/lockups/square_9.jpg", "type": "object", "ID": 4219, "title": "Title 4219"},
{"url": "/images/lockups/square_10.jpg", "type": "object", "ID": 4220, "title": "Title 4220"},
{"url": "/images/lockups/square_1.jpg", "type": "object", "ID": 4221, "title": "Title 4221"},
{"url": "/images/lockups/square_2.jpg", "type": "object", "ID": 4222, "title": "Title 4222"},
{"url": "/images/lockups/square_3.jpg", "type": "object", "ID": 4223, "title": "Title 4223"},
{"url": "/images/lockups/square_4.jpg", "type": "object", "ID": 4224, "title": "Title 4224"},
{"url": "/images/lockups/square_5.jpg", "type": "object", "ID": 4225, "title": "Title 4225"},
{"url": "/images/lockups/square_6.jpg", "type": "object", "ID": 4226, "title": "Title 4226"},
{"url": "/images/lockups/square_7.jpg", "type": "object", "ID": 4227, "title": "Title 4227"},
{"url": "/images/lockups/square_8.jpg", "type": "object", "ID": 4228, "title": "Title 4228"},
{"url": "/images/lockups/square_9.jpg", "type": "object", "ID": 4229, "title": "Title 4229"},
{"url": "/images/lockups/square_10.jpg", "type": "object", "ID": 4230, "title": "Title 4230"},
{"url": "/images/lockups/square_1.jpg", "type": "object", "ID": 4231, "title": "Title 4231"},
{"url": "/images/lockups/square_2.jpg", "type": "object", "ID": 4232, "title": "Title 4232"},
{"url": "/images/lockups/square_3.jpg", "type": "object", "ID": 4233, "title": "Title 4233"},
{"url": "/images/lockups/square_4.jpg", "type": "object", "ID": 4234, "title": "Title 4234"},
{"url": "/images/lockups/square_5.jpg", "type": "object", "ID": 4235, "title": "Title 4235"},
{"url": "/images/lockups/square_6.jpg", "type": "object", "ID": 4236, "title": "Title 4236"},
{"url": "/images/lockups/square_7.jpg", "type": "object", "ID": 4237, "title": "Title 4237"},
{"url": "/images/lockups/square_8.jpg", "type": "object", "ID": 4238, "title": "Title 4238"},
{"url": "/images/lockups/square_9.jpg", "type": "object", "ID": 4239, "title": "Title 4239"},
{"url": "/images/lockups/square_10.jpg", "type": "object", "ID": 4240, "title": "Title 4240"},
{"url": "/images/lockups/square_1.jpg", "type": "object", "ID": 4241, "title": "Title 4241"},
{"url": "/images/lockups/square_2.jpg", "type": "object", "ID": 4242, "title": "Title 4242"},
{"url": "/images/lockups/square_3.jpg", "type": "object", "ID": 4243, "title": "Title 4243"},
{"url": "/images/lockups/square_4.jpg", "type": "object", "ID": 4244, "title": "Title 4244"},
{"url": "/images/lockups/square_5.jpg", "type": "object", "ID": 4245, "title": "Title 4245"},
{"url": "/images/lockups/square_6.jpg", "type": "object", "ID": 4246, "title": "Title 4246"},
{"url": "/images/lockups/square_7.jpg", "type": "object", "ID": 4247, "title": "Title 4247"},
{"url": "/images/lockups/square_8.jpg", "type": "object", "ID": 4248, "title": "Title 4248"},
{"url": "/images/lockups/square_9.jpg", "type": "object", "ID": 4249, "title": "Title 4249"},
{"url": "/images/lockups/square_10.jpg", "type": "object", "ID": 4250, "title": "Title 4250"},
{"url": "/images/lockups/square_1.jpg", "type": "object", "ID": 4251, "title": "Title 4251"},
{"url": "/images/lockups/square_2.jpg", "type": "object", "ID": 4252, "title": "Title 4252"},
{"url": "/images/lockups/square_3.jpg", "type": "object", "ID": 4253, "title": "Title 4253"},
{"url": "/images/lockups/square_4.jpg", "type": "object", "ID": 4254, "title": "Title 4254"},
{"url": "/images/lockups/square_5.jpg", "type": "object", "ID": 4255, "title": "Title 4255"},
{"url": "/images/lockups/square_6.jpg", "type": "object", "ID": 4256, "title": "Title 4256"},
{"url": "/images/lockups/square_7.jpg", "type": "object", "ID": 4257, "title": "Title 4257"},
{"url": "/images/lockups/square_8.jpg", "type": "object", "ID": 4258, "title": "Title 4258"},
{"url": "/images/lockups/square_9.jpg", "type": "object", "ID": 4259, "title": "Title 4259"},
{"url": "/images/lockups/square_10.jpg", "type": "object", "ID": 4260, "title": "Title 4260"},
{"url": "/images/lockups/square_1.jpg", "type": "object", "ID": 4261, "title": "Title 4261"},
{"url": "/images/lockups/square_2.jpg", "type": "object", "ID": 4262, "title": "Title 4262"},
{"url": "/images/lockups/square_3.jpg", "type": "object", "ID": 4263, "title": "Title 4263"},
{"url": "/images/lockups/square_4.jpg", "type": "object", "ID": 4264, "title": "Title 4264"},
{"url": "/images/lockups/square_5.jpg", "type": "object", "ID": 4265, "title": "Title 4265"},
{"url": "/images/lockups/square_6.jpg", "type": "object", "ID": 4266, "title": "Title 4266"},
{"url": "/images/lockups/square_7.jpg", "type": "object", "ID": 4267, "title": "Title 4267"},
{"url": "/images/lockups/square_8.jpg", "type": "object", "ID": 4268, "title": "Title 4268"},
{"url": "/images/lockups/square_9.jpg", "type": "object", "ID": 4269, "title": "Title 4269"},
{"url": "/images/lockups/square_10.jpg", "type": "object", "ID": 4270, "title": "Title 4270"},
{"url": "/images/lockups/square_1.jpg", "type": "object", "ID": 4271, "title": "Title 4271"},
{"url": "/images/lockups/square_2.jpg", "type": "object", "ID": 4272, "title": "Title 4272"},
{"url": "/images/lockups/square_3.jpg", "type": "object", "ID": 4273, "title": "Title 4273"},
{"url": "/images/lockups/square_4.jpg", "type": "object", "ID": 4274, "title": "Title 4274"},
{"url": "/images/lockups/square_5.jpg", "type": "object", "ID": 4275, "title": "Title 4275"},
{"url": "/images/lockups/square_6.jpg", "type": "object", "ID": 4276, "title": "Title 4276"},
{"url": "/images/lockups/square_7.jpg", "type": "object", "ID": 4277, "title": "Title 4277"},
{"url": "/images/lockups/square_8.jpg", "type": "object", "ID": 4278, "title": "Title 4278"},
{"url": "/images/lockups/square_9.jpg", "type": "object", "ID": 4279, "title": "Title 4279"},
{"url": "/images/lockups/square_10.jpg", "type": "object", "ID": 4280, "title": "Title 4280"},
{"url": "/images/lockups/square_1.jpg", "type": "object", "ID": 4281, "title": "Title 4281"},
{"url": "/images/lockups/square_2.jpg", "type": "object", "ID": 4282, "title": "Title 4282"},
{"url": "/images/lockups/square_3.jpg", "type": "object", "ID": 4283, "title": "Title 4283"},
{"url": "/images/lockups/square_4.jpg", "type": "object", "ID": 4284, "title": "Title 4284"},
{"url": "/images/lockups/square_5.jpg", "type": "object", "ID": 4285, "title": "Title 4285"},
{"url": "/images/lockups/square_6.jpg", "type": "object", "ID": 4286, "title": "Title 4286"},
{"url": "/images/lockups/square_7.jpg", "type": "object", "ID": 4287, "title": "Title 4287"},
{"url": "/images/lockups/square_8.jpg", "type": "object", "ID": 4288, "title": "Title 4288"},
{"url": "/images/lockups/square_9.jpg", "type": "object", "ID": 4289, "title": "Title 4289"},
{"url": "/images/lockups/square_10.jpg", "type": "object", "ID": 4290, "title": "Title 4290"},
{"url": "/images/lockups/square_1.jpg", "type": "object", "ID": 4291, "title": "Title 4291"},
{"url": "/images/lockups/square_2.jpg", "type": "object", "ID": 4292, "title": "Title 4292"},
{"url": "/images/lockups/square_3.jpg", "type": "object", "ID": 4293, "title": "Title 4293"},
{"url": "/images/lockups/square_4.jpg", "type": "object", "ID": 4294, "title": "Title 4294"},
{"url": "/images/lockups/square_5.jpg", "type": "object", "ID": 4295, "title": "Title 4295"},
{"url": "/images/lockups/square_6.jpg", "type": "object", "ID": 4296, "title": "Title 4296"},
{"url": "/images/lockups/square_7.jpg", "type": "object", "ID": 4297, "title": "Title 4297"},
{"url": "/images/lockups/square_8.jpg", "type": "object", "ID": 4298, "title": "Title 4298"},
{"url": "/images/lockups/square_9.jpg", "type": "object", "ID": 4299, "title": "Title 4299"},
{"url": "/images/lockups/square_10.jpg", "type": "object", "ID": 4300, "title": "Title 4300"},
{"url": "/images/lockups/square_1.jpg", "type": "object", "ID": 4301, "title": "Title 4301"},
{"url": "/images/lockups/square_2.jpg", "type": "object", "ID": 4302, "title": "Title 4302"},
{"url": "/images/lockups/square_3.jpg", "type": "object", "ID": 4303, "title": "Title 4303"},
{"url": "/images/lockups/square_4.jpg", "type": "object", "ID": 4304, "title": "Title 4304"},
{"url": "/images/lockups/square_5.jpg", "type": "object", "ID": 4305, "title": "Title 4305"},
{"url": "/images/lockups/square_6.jpg", "type": "object", "ID": 4306, "title": "Title 4306"},
{"url": "/images/lockups/square_7.jpg", "type": "object", "ID": 4307, "title": "Title 4307"},
{"url": "/images/lockups/square_8.jpg", "type": "object", "ID": 4308, "title": "Title 4308"},
{"url": "/images/lockups/square_9.jpg", "type": "object", "ID": 4309, "title": "Title 4309"},
{"url": "/images/lockups/square_10.jpg", "type": "object", "ID": 4310, "title": "Title 4310"},
{"url": "/images/lockups/square_1.jpg", "type": "object", "ID": 4311, "title": "Title 4311"},
{"url": "/images/lockups/square_2.jpg", "type": "object", "ID": 4312, "title": "Title 4312"},
{"url": "/images/lockups/square_3.jpg", "type": "object", "ID": 4313, "title": "Title 4313"},
{"url": "/images/lockups/square_4.jpg", "type": "object", "ID": 4314, "title": "Title 4314"},
{"url": "/images/lockups/square_5.jpg", "type": "object", "ID": 4315, "title": "Title 4315"},
{"url": "/images/lockups/square_6.jpg", "type": "object", "ID": 4316, "title": "Title 4316"},
{"url": "/images/lockups/square_7.jpg", "type": "object", "ID": 4317, "title": "Title 4317"},
{"url": "/images/lockups/square_8.jpg", "type": "object", "ID": 4318, "title": "Title 4318"},
{"url": "/images/lockups/square_9.jpg", "type": "object", "ID": 4319, "title": "Title 4319"},
{"url": "/images/lockups/square_10.jpg", "type": "object", "ID": 4320, "title": "Title 4320"},
{"url": "/images/lockups/square_1.jpg", "type": "object", "ID": 4321, "title": "Title 4321"},
{"url": "/images/lockups/square_2.jpg", "type": "object", "ID": 4322, "title": "Title 4322"},
{"url": "/images/lockups/square_3.jpg", "type": "object", "ID": 4323, "title": "Title 4323"},
{"url": "/images/lockups/square_4.jpg", "type": "object", "ID": 4324, "title": "Title 4324"},
{"url": "/images/lockups/square_5.jpg", "type": "object", "ID": 4325, "title": "Title 4325"},
{"url": "/images/lockups/square_6.jpg", "type": "object", "ID": 4326, "title": "Title 4326"},
{"url": "/images/lockups/square_7.jpg", "type": "object", "ID": 4327, "title": "Title 4327"},
{"url": "/images/lockups/square_8.jpg", "type": "object", "ID": 4328, "title": "Title 4328"},
{"url": "/images/lockups/square_9.jpg", "type": "object", "ID": 4329, "title": "Title 4329"},
{"url": "/images/lockups/square_10.jpg", "type": "object", "ID": 4330, "title": "Title 4330"},
{"url": "/images/lockups/square_1.jpg", "type": "object", "ID": 4331, "title": "Title 4331"},
{"url": "/images/lockups/square_2.jpg", "type": "object", "ID": 4332, "title": "Title 4332"},
{"url": "/images/lockups/square_3.jpg", "type": "object", "ID": 4333, "title": "Title 4333"},
{"url": "/images/lockups/square_4.jpg", "type": "object", "ID": 4334, "title": "Title 4334"},
{"url": "/images/lockups/square_5.jpg", "type": "object", "ID": 4335, "title": "Title 4335"},
{"url": "/images/lockups/square_6.jpg", "type": "object", "ID": 4336, "title": "Title 4336"},
{"url": "/images/lockups/square_7.jpg", "type": "object", "ID": 4337, "title": "Title 4337"},
{"url": "/images/lockups/square_8.jpg", "type": "object", "ID": 4338, "title": "Title 4338"},
{"url": "/images/lockups/square_9.jpg", "type": "object", "ID": 4339, "title": "Title 4339"},
{"url": "/images/lockups/square_10.jpg", "type": "object", "ID": 4340, "title": "Title 4340"},
{"url": "/images/lockups/square_1.jpg", "type": "object", "ID": 4341, "title": "Title 4341"},
{"url": "/images/lockups/square_2.jpg", "type": "object", "ID": 4342, "title": "Title 4342"},
{"url": "/images/lockups/square_3.jpg", "type": "object", "ID": 4343, "title": "Title 4343"},
{"url": "/images/lockups/square_4.jpg", "type": "object", "ID": 4344, "title": "Title 4344"},
{"url": "/images/lockups/square_5.jpg", "type": "object", "ID": 4345, "title": "Title 4345"},
{"url": "/images/lockups/square_6.jpg", "type": "object", "ID": 4346, "title": "Title 4346"},
{"url": "/images/lockups/square_7.jpg", "type": "object", "ID": 4347, "title": "Title 4347"},
{"url": "/images/lockups/square_8.jpg", "type": "object", "ID": 4348, "title": "Title 4348"},
{"url": "/images/lockups/square_9.jpg", "type": "object", "ID": 4349, "title": "Title 4349"},
{"url": "/images/lockups/square_10.jpg", "type": "object", "ID": 4350, "title": "Title 4350"},
{"url": "/images/lockups/square_1.jpg", "type": "object", "ID": 4351, "title": "Title 4351"},
{"url": "/images/lockups/square_2.jpg", "type": "object", "ID": 4352, "title": "Title 4352"},
{"url": "/images/lockups/square_3.jpg", "type": "object", "ID": 4353, "title": "Title 4353"},
{"url": "/images/lockups/square_4.jpg", "type": "object", "ID": 4354, "title": "Title 4354"},
{"url": "/images/lockups/square_5.jpg", "type": "object", "ID": 4355, "title": "Title 4355"},
{"url": "/images/lockups/square_6.jpg", "type": "object", "ID": 4356, "title": "Title 4356"},
{"url": "/images/lockups/square_7.jpg", "type": "object", "ID": 4357, "title": "Title 4357"},
{"url": "/images/lockups/square_8.jpg", "type": "object", "ID": 4358, "title": "Title 4358"},
{"url": "/images/lockups/square_9.jpg", "type": "object", "ID": 4359, "title": "Title 4359"},
{"url": "/images/lockups/square_10.jpg", "type": "object", "ID": 4360, "title": "Title 4360"},
{"url": "/images/lockups/square_1.jpg", "type": "object", "ID": 4361, "title": "Title 4361"},
{"url": "/images/lockups/square_2.jpg", "type": "object", "ID": 4362, "title": "Title 4362"},
{"url": "/images/lockups/square_3.jpg", "type": "object", "ID": 4363, "title": "Title 4363"},
{"url": "/images/lockups/square_4.jpg", "type": "object", "ID": 4364, "title": "Title 4364"},
{"url": "/images/lockups/square_5.jpg", "type": "object", "ID": 4365, "title": "Title 4365"},
{"url": "/images/lockups/square_6.jpg", "type": "object", "ID": 4366, "title": "Title 4366"},
{"url": "/images/lockups/square_7.jpg", "type": "object", "ID": 4367, "title": "Title 4367"},
{"url": "/images/lockups/square_8.jpg", "type": "object", "ID": 4368, "title": "Title 4368"},
{"url": "/images/lockups/square_9.jpg", "type": "object", "ID": 4369, "title": "Title 4369"},
{"url": "/images/lockups/square_10.jpg", "type": "object", "ID": 4370, "title": "Title 4370"},
{"url": "/images/lockups/square_1.jpg", "type": "object", "ID": 4371, "title": "Title 4371"},
{"url": "/images/lockups/square_2.jpg", "type": "object", "ID": 4372, "title": "Title 4372"},
{"url": "/images/lockups/square_3.jpg", "type": "object", "ID": 4373, "title": "Title 4373"},
{"url": "/images/lockups/square_4.jpg", "type": "object", "ID": 4374, "title": "Title 4374"},
{"url": "/images/lockups/square_5.jpg", "type": "object", "ID": 4375, "title": "Title 4375"},
{"url": "/images/lockups/square_6.jpg", "type": "object", "ID": 4376, "title": "Title 4376"},
{"url": "/images/lockups/square_7.jpg", "type": "object", "ID": 4377, "title": "Title 4377"},
{"url": "/images/lockups/square_8.jpg", "type": "object", "ID": 4378, "title": "Title 4378"},
{"url": "/images/lockups/square_9.jpg", "type": "object", "ID": 4379, "title": "Title 4379"},
{"url": "/images/lockups/square_10.jpg", "type": "object", "ID": 4380, "title": "Title 4380"},
{"url": "/images/lockups/square_1.jpg", "type": "object", "ID": 4381, "title": "Title 4381"},
{"url": "/images/lockups/square_2.jpg", "type": "object", "ID": 4382, "title": "Title 4382"},
{"url": "/images/lockups/square_3.jpg", "type": "object", "ID": 4383, "title": "Title 4383"},
{"url": "/images/lockups/square_4.jpg", "type": "object", "ID": 4384, "title": "Title 4384"},
{"url": "/images/lockups/square_5.jpg", "type": "object", "ID": 4385, "title": "Title 4385"},
{"url": "/images/lockups/square_6.jpg", "type": "object", "ID": 4386, "title": "Title 4386"},
{"url": "/images/lockups/square_7.jpg", "type": "object", "ID": 4387, "title": "Title 4387"},
{"url": "/images/lockups/square_8.jpg", "type": "object", "ID": 4388, "title": "Title 4388"},
{"url": "/images/lockups/square_9.jpg", "type": "object", "ID": 4389, "title": "Title 4389"},
{"url": "/images/lockups/square_10.jpg", "type": "object", "ID": 4390, "title": "Title 4390"},
{"url": "/images/lockups/square_1.jpg", "type": "object", "ID": 4391, "title": "Title 4391"},
{"url": "/images/lockups/square_2.jpg", "type": "object", "ID": 4392, "title": "Title 4392"},
{"url": "/images/lockups/square_3.jpg", "type": "object", "ID": 4393, "title": "Title 4393"},
{"url": "/images/lockups/square_4.jpg", "type": "object", "ID": 4394, "title": "Title 4394"},
{"url": "/images/lockups/square_5.jpg", "type": "object", "ID": 4395, "title": "Title 4395"},
{"url": "/images/lockups/square_6.jpg", "type": "object", "ID": 4396, "title": "Title 4396"},
{"url": "/images/lockups/square_7.jpg", "type": "object", "ID": 4397, "title": "Title 4397"},
{"url": "/images/lockups/square_8.jpg", "type": "object", "ID": 4398, "title": "Title 4398"},
{"url": "/images/lockups/square_9.jpg", "type": "object", "ID": 4399, "title": "Title 4399"},
{"url": "/images/lockups/square_10.jpg", "type": "object", "ID": 4400, "title": "Title 4400"},
{"url": "/images/lockups/square_1.jpg", "type": "object", "ID": 4401, "title": "Title 4401"},
{"url": "/images/lockups/square_2.jpg", "type": "object", "ID": 4402, "title": "Title 4402"},
{"url": "/images/lockups/square_3.jpg", "type": "object", "ID": 4403, "title": "Title 4403"},
{"url": "/images/lockups/square_4.jpg", "type": "object", "ID": 4404, "title": "Title 4404"},
{"url": "/images/lockups/square_5.jpg", "type": "object", "ID": 4405, "title": "Title 4405"},
{"url": "/images/lockups/square_6.jpg", "type": "object", "ID": 4406, "title": "Title 4406"},
{"url": "/images/lockups/square_7.jpg", "type": "object", "ID": 4407, "title": "Title 4407"},
{"url": "/images/lockups/square_8.jpg", "type": "object", "ID": 4408, "title": "Title 4408"},
{"url": "/images/lockups/square_9.jpg", "type": "object", "ID": 4409, "title": "Title 4409"},
{"url": "/images/lockups/square_10.jpg", "type": "object", "ID": 4410, "title": "Title 4410"},
{"url": "/images/lockups/square_1.jpg", "type": "object", "ID": 4411, "title": "Title 4411"},
{"url": "/images/lockups/square_2.jpg", "type": "object", "ID": 4412, "title": "Title 4412"},
{"url": "/images/lockups/square_3.jpg", "type": "object", "ID": 4413, "title": "Title 4413"},
{"url": "/images/lockups/square_4.jpg", "type": "object", "ID": 4414, "title": "Title 4414"},
{"url": "/images/lockups/square_5.jpg", "type": "object", "ID": 4415, "title": "Title 4415"},
{"url": "/images/lockups/square_6.jpg", "type": "object", "ID": 4416, "title": "Title 4416"},
{"url": "/images/lockups/square_7.jpg", "type": "object", "ID": 4417, "title": "Title 4417"},
{"url": "/images/lockups/square_8.jpg", "type": "object", "ID": 4418, "title": "Title 4418"},
{"url": "/images/lockups/square_9.jpg", "type": "object", "ID": 4419, "title": "Title 4419"},
{"url": "/images/lockups/square_10.jpg", "type": "object", "ID": 4420, "title": "Title 4420"},
{"url": "/images/lockups/square_1.jpg", "type": "object", "ID": 4421, "title": "Title 4421"},
{"url": "/images/lockups/square_2.jpg", "type": "object", "ID": 4422, "title": "Title 4422"},
{"url": "/images/lockups/square_3.jpg", "type": "object", "ID": 4423, "title": "Title 4423"},
{"url": "/images/lockups/square_4.jpg", "type": "object", "ID": 4424, "title": "Title 4424"},
{"url": "/images/lockups/square_5.jpg", "type": "object", "ID": 4425, "title": "Title 4425"},
{"url": "/images/lockups/square_6.jpg", "type": "object", "ID": 4426, "title": "Title 4426"},
{"url": "/images/lockups/square_7.jpg", "type": "object", "ID": 4427, "title": "Title 4427"},
{"url": "/images/lockups/square_8.jpg", "type": "object", "ID": 4428, "title": "Title 4428"},
{"url": "/images/lockups/square_9.jpg", "type": "object", "ID": 4429, "title": "Title 4429"},
{"url": "/images/lockups/square_10.jpg", "type": "object", "ID": 4430, "title": "Title 4430"},
{"url": "/images/lockups/square_1.jpg", "type": "object", "ID": 4431, "title": "Title 4431"},
{"url": "/images/lockups/square_2.jpg", "type": "object", "ID": 4432, "title": "Title 4432"},
{"url": "/images/lockups/square_3.jpg", "type": "object", "ID": 4433, "title": "Title 4433"},
{"url": "/images/lockups/square_4.jpg", "type": "object", "ID": 4434, "title": "Title 4434"},
{"url": "/images/lockups/square_5.jpg", "type": "object", "ID": 4435, "title": "Title 4435"},
{"url": "/images/lockups/square_6.jpg", "type": "object", "ID": 4436, "title": "Title 4436"},
{"url": "/images/lockups/square_7.jpg", "type": "object", "ID": 4437, "title": "Title 4437"},
{"url": "/images/lockups/square_8.jpg", "type": "object", "ID": 4438, "title": "Title 4438"},
{"url": "/images/lockups/square_9.jpg", "type": "object", "ID": 4439, "title": "Title 4439"},
{"url": "/images/lockups/square_10.jpg", "type": "object", "ID": 4440, "title": "Title 4440"},
{"url": "/images/lockups/square_1.jpg", "type": "object", "ID": 4441, "title": "Title 4441"},
{"url": "/images/lockups/square_2.jpg", "type": "object", "ID": 4442, "title": "Title 4442"},
{"url": "/images/lockups/square_3.jpg", "type": "object", "ID": 4443, "title": "Title 4443"},
{"url": "/images/lockups/square_4.jpg", "type": "object", "ID": 4444, "title": "Title 4444"},
{"url": "/images/lockups/square_5.jpg", "type": "object", "ID": 4445, "title": "Title 4445"},
{"url": "/images/lockups/square_6.jpg", "type": "object", "ID": 4446, "title": "Title 4446"},
{"url": "/images/lockups/square_7.jpg", "type": "object", "ID": 4447, "title": "Title 4447"},
{"url": "/images/lockups/square_8.jpg", "type": "object", "ID": 4448, "title": "Title 4448"},
{"url": "/images/lockups/square_9.jpg", "type": "object", "ID": 4449, "title": "Title 4449"},
{"url": "/images/lockups/square_10.jpg", "type": "object", "ID": 4450, "title": "Title 4450"},
{"url": "/images/lockups/square_1.jpg", "type": "object", "ID": 4451, "title": "Title 4451"},
{"url": "/images/lockups/square_2.jpg", "type": "object", "ID": 4452, "title": "Title 4452"},
{"url": "/images/lockups/square_3.jpg", "type": "object", "ID": 4453, "title": "Title 4453"},
{"url": "/images/lockups/square_4.jpg", "type": "object", "ID": 4454, "title": "Title 4454"},
{"url": "/images/lockups/square_5.jpg", "type": "object", "ID": 4455, "title": "Title 4455"},
{"url": "/images/lockups/square_6.jpg", "type": "object", "ID": 4456, "title": "Title 4456"},
{"url": "/images/lockups/square_7.jpg", "type": "object", "ID": 4457, "title": "Title 4457"},
{"url": "/images/lockups/square_8.jpg", "type": "object", "ID": 4458, "title": "Title 4458"},
{"url": "/images/lockups/square_9.jpg", "type": "object", "ID": 4459, "title": "Title 4459"},
{"url": "/images/lockups/square_10.jpg", "type": "object", "ID": 4460, "title": "Title 4460"},
{"url": "/images/lockups/square_1.jpg", "type": "object", "ID": 4461, "title": "Title 4461"},
{"url": "/images/lockups/square_2.jpg", "type": "object", "ID": 4462, "title": "Title 4462"},
{"url": "/images/lockups/square_3.jpg", "type": "object", "ID": 4463, "title": "Title 4463"},
{"url": "/images/lockups/square_4.jpg", "type": "object", "ID": 4464, "title": "Title 4464"},
{"url": "/images/lockups/square_5.jpg", "type": "object", "ID": 4465, "title": "Title 4465"},
{"url": "/images/lockups/square_6.jpg", "type": "object", "ID": 4466, "title": "Title 4466"},
{"url": "/images/lockups/square_7.jpg", "type": "object", "ID": 4467, "title": "Title 4467"},
{"url": "/images/lockups/square_8.jpg", "type": "object", "ID": 4468, "title": "Title 4468"},
{"url": "/images/lockups/square_9.jpg", "type": "object", "ID": 4469, "title": "Title 4469"},
{"url": "/images/lockups/square_10.jpg", "type": "object", "ID": 4470, "title": "Title 4470"},
{"url": "/images/lockups/square_1.jpg", "type": "object", "ID": 4471, "title": "Title 4471"},
{"url": "/images/lockups/square_2.jpg", "type": "object", "ID": 4472, "title": "Title 4472"},
{"url": "/images/lockups/square_3.jpg", "type": "object", "ID": 4473, "title": "Title 4473"},
{"url": "/images/lockups/square_4.jpg", "type": "object", "ID": 4474, "title": "Title 4474"},
{"url": "/images/lockups/square_5.jpg", "type": "object", "ID": 4475, "title": "Title 4475"},
{"url": "/images/lockups/square_6.jpg", "type": "object", "ID": 4476, "title": "Title 4476"},
{"url": "/images/lockups/square_7.jpg", "type": "object", "ID": 4477, "title": "Title 4477"},
{"url": "/images/lockups/square_8.jpg", "type": "object", "ID": 4478, "title": "Title 4478"},
{"url": "/images/lockups/square_9.jpg", "type": "object", "ID": 4479, "title": "Title 4479"},
{"url": "/images/lockups/square_10.jpg", "type": "object", "ID": 4480, "title": "Title 4480"},
{"url": "/images/lockups/square_1.jpg", "type": "object", "ID": 4481, "title": "Title 4481"},
{"url": "/images/lockups/square_2.jpg", "type": "object", "ID": 4482, "title": "Title 4482"},
{"url": "/images/lockups/square_3.jpg", "type": "object", "ID": 4483, "title": "Title 4483"},
{"url": "/images/lockups/square_4.jpg", "type": "object", "ID": 4484, "title": "Title 4484"},
{"url": "/images/lockups/square_5.jpg", "type": "object", "ID": 4485, "title": "Title 4485"},
{"url": "/images/lockups/square_6.jpg", "type": "object", "ID": 4486, "title": "Title 4486"},
{"url": "/images/lockups/square_7.jpg", "type": "object", "ID": 4487, "title": "Title 4487"},
{"url": "/images/lockups/square_8.jpg", "type": "object", "ID": 4488, "title": "Title 4488"},
{"url": "/images/lockups/square_9.jpg", "type": "object", "ID": 4489, "title": "Title 4489"},
{"url": "/images/lockups/square_10.jpg", "type": "object", "ID": 4490, "title": "Title 4490"},
{"url": "/images/lockups/square_1.jpg", "type": "object", "ID": 4491, "title": "Title 4491"},
{"url": "/images/lockups/square_2.jpg", "type": "object", "ID": 4492, "title": "Title 4492"},
{"url": "/images/lockups/square_3.jpg", "type": "object", "ID": 4493, "title": "Title 4493"},
{"url": "/images/lockups/square_4.jpg", "type": "object", "ID": 4494, "title": "Title 4494"},
{"url": "/images/lockups/square_5.jpg", "type": "object", "ID": 4495, "title": "Title 4495"},
{"url": "/images/lockups/square_6.jpg", "type": "object", "ID": 4496, "title": "Title 4496"},
{"url": "/images/lockups/square_7.jpg", "type": "object", "ID": 4497, "title": "Title 4497"},
{"url": "/images/lockups/square_8.jpg", "type": "object", "ID": 4498, "title": "Title 4498"},
{"url": "/images/lockups/square_9.jpg", "type": "object", "ID": 4499, "title": "Title 4499"},
{"url": "/images/lockups/square_10.jpg", "type": "object", "ID": 4500, "title": "Title 4500"}]}
