{ "items": [
{"url": "/images/lockups/square_1.jpg", "type": "object", "ID": 4501, "title": "Title 4501"},
{"url": "/images/lockups/square_2.jpg", "type": "object", "ID": 4502, "title": "Title 4502"},
{"url": "/images/lockups/square_3.jpg", "type": "object", "ID": 4503, "title": "Title 4503"},
{"url": "/images/lockups/square_4.jpg", "type": "object", "ID": 4504, "title": "Title 4504"},
{"url": "/images/lockups/square_5.jpg", "type": "object", "ID": 4505, "title": "Title 4505"},
{"url": "/images/lockups/square_6.jpg", "type": "object", "ID": 4506, "title": "Title 4506"},
{"url": "/images/lockups/square_7.jpg", "type": "object", "ID": 4507, "title": "Title 4507"},
{"url": "/images/lockups/square_8.jpg", "type": "object", "ID": 4508, "title": "Title 4508"},
{"url": "/images/lockups/square_9.jpg", "type": "object", "ID": 4509, "title": "Title 4509"},
{"url": "/images/lockups/square_10.jpg", "type": "object", "ID": 4510, "title": "Title 4510"},
{"url": "/images/lockups/square_1.jpg", "type": "object", "ID": 4511, "title": "Title 4511"},
{"url": "/images/lockups/square_2.jpg", "type": "object", "ID": 4512, "title": "Title 4512"},
{"url": "/images/lockups/square_3.jpg", "type": "object", "ID": 4513, "title": "Title 4513"},
{"url": "/images/lockups/square_4.jpg", "type": "object", "ID": 4514, "title": "Title 4514"},
{"url": "/images/lockups/square_5.jpg", "type": "object", "ID": 4515, "title": "Title 4515"},
{"url": "/images/lockups/square_6.jpg", "type": "object", "ID": 4516, "title": "Title 4516"},
{"url": "/images/lockups/square_7.jpg", "type": "object", "ID": 4517, "title": "Title 4517"},
{"url": "/images/lockups/square_8.jpg", "type": "object", "ID": 4518, "title": "Title 4518"},
{"url": "/images/lockups/square_9.jpg", "type": "object", "ID": 4519, "title": "Title 4519"},
{"url": "/images/lockups/square_10.jpg", "type": "object", "ID": 4520, "title": "Title 4520"},
{"url": "/images/lockups/square_1.jpg", "type": "object", "ID": 4521, "title": "Title 4521"},
{"url": "/images/lockups/square_2.jpg", "type": "object", "ID": 4522, "title": "Title 4522"},
{"url": "/images/lockups/square_3.jpg", "type": "object", "ID": 4523, "title": "Title 4523"},
{"url": "/images/lockups/square_4.jpg", "type": "object", "ID": 4524, "title": "Title 4524"},
{"url": "/images/lockups/square_5.jpg", "type": "object", "ID": 4525, "title": "Title 4525"},
{"url": "/images/lockups/square_6.jpg", "type": "object", "ID": 4526, "title": "Title 4526"},
{"url": "/images/lockups/square_7.jpg", "type": "object", "ID": 4527, "title": "Title 4527"},
{"url": "/images/lockups/square_8.jpg", "type": "object", "ID": 4528, "title": "Title 4528"},
{"url": "/images/lockups/square_9.jpg", "type": "object", "ID": 4529, "title": "Title 4529"},
{"url": "/images/lockups/square_10.jpg", "type": "object", "ID": 4530, "title": "Title 4530"},
{"url": "/images/lockups/square_1.jpg", "type": "object", "ID": 4531, "title": "Title 4531"},
{"url": "/images/lockups/square_2.jpg", "type": "object", "ID": 4532, "title": "Title 4532"},
{"url": "/images/lockups/square_3.jpg", "type": "object", "ID": 4533, "title": "Title 4533"},
{"url": "/images/lockups/square_4.jpg", "type": "object", "ID": 4534, "title": "Title 4534"},
{"url": "/images/lockups/square_5.jpg", "type": "object", "ID": 4535, "title": "Title 4535"},
{"url": "/images/lockups/square_6.jpg", "type": "object", "ID": 4536, "title": "Title 4536"},
{"url": "/images/lockups/square_7.jpg", "type": "object", "ID": 4537, "title": "Title 4537"},
{"url": "/images/lockups/square_8.jpg", "type": "object", "ID": 4538, "title": "Title 4538"},
{"url": "/images/lockups/square_9.jpg", "type": "object", "ID": 4539, "title": "Title 4539"},
{"url": "/images/lockups/square_10.jpg", "type": "object", "ID": 4540, "title": "Title 4540"},
{"url": "/images/lockups/square_1.jpg", "type": "object", "ID": 4541, "title": "Title 4541"},
{"url": "/images/lockups/square_2.jpg", "type": "object", "ID": 4542, "title": "Title 4542"},
{"url": "/images/lockups/square_3.jpg", "type": "object", "ID": 4543, "title": "Title 4543"},
{"url": "/images/lockups/square_4.jpg", "type": "object", "ID": 4544, "title": "Title 4544"},
{"url": "/images/lockups/square_5.jpg", "type": "object", "ID": 4545, "title": "Title 4545"},
{"url": "/images/lockups/square_6.jpg", "type": "object", "ID": 4546, "title": "Title 4546"},
{"url": "/images/lockups/square_7.jpg", "type": "object", "ID": 4547, "title": "Title 4547"},
{"url": "/images/lockups/square_8.jpg", "type": "object", "ID": 4548, "title": "Title 4548"},
{"url": "/images/lockups/square_9.jpg", "type": "object", "ID": 4549, "title": "Title 4549"},
{"url": "/images/lockups/square_10.jpg", "type": "object", "ID": 4550, "title": "Title 4550"},
{"url": "/images/lockups/square_1.jpg", "type": "object", "ID": 4551, "title": "Title 4551"},
{"url": "/images/lockups/square_2.jpg", "type": "object", "ID": 4552, "title": "Title 4552"},
{"url": "/images/lockups/square_3.jpg", "type": "object", "ID": 4553, "title": "Title 4553"},
{"url": "/images/lockups/square_4.jpg", "type": "object", "ID": 4554, "title": "Title 4554"},
{"url": "/images/lockups/square_5.jpg", "type": "object", "ID": 4555, "title": "Title 4555"},
{"url": "/images/lockups/square_6.jpg", "type": "object", "ID": 4556, "title": "Title 4556"},
{"url": "/images/lockups/square_7.jpg", "type": "object", "ID": 4557, "title": "Title 4557"},
{"url": "/images/lockups/square_8.jpg", "type": "object", "ID": 4558, "title": "Title 4558"},
{"url": "/images/lockups/square_9.jpg", "type": "object", "ID": 4559, "title": "Title 4559"},
{"url": "/images/lockups/square_10.jpg", "type": "object", "ID": 4560, "title": "Title 4560"},
{"url": "/images/lockups/square_1.jpg", "type": "object", "ID": 4561, "title": "Title 4561"},
{"url": "/images/lockups/square_2.jpg", "type": "object", "ID": 4562, "title": "Title 4562"},
{"url": "/images/lockups/square_3.jpg", "type": "object", "ID": 4563, "title": "Title 4563"},
{"url": "/images/lockups/square_4.jpg", "type": "object", "ID": 4564, "title": "Title 4564"},
{"url": "/images/lockups/square_5.jpg", "type": "object", "ID": 4565, "title": "Title 4565"},
{"url": "/images/lockups/square_6.jpg", "type": "object", "ID": 4566, "title": "Title 4566"},
{"url": "/images/lockups/square_7.jpg", "type": "object", "ID": 4567, "title": "Title 4567"},
{"url": "/images/lockups/square_8.jpg", "type": "object", "ID": 4568, "title": "Title 4568"},
{"url": "/images/lockups/square_9.jpg", "type": "object", "ID": 4569, "title": "Title 4569"},
{"url": "/images/lockups/square_10.jpg", "type": "object", "ID": 4570, "title": "Title 4570"},
{"url": "/images/lockups/square_1.jpg", "type": "object", "ID": 4571, "title": "Title 4571"},
{"url": "/images/lockups/square_2.jpg", "type": "object", "ID": 4572, "title": "Title 4572"},
{"url": "/images/lockups/square_3.jpg", "type": "object", "ID": 4573, "title": "Title 4573"},
{"url": "/images/lockups/square_4.jpg", "type": "object", "ID": 4574, "title": "Title 4574"},
{"url": "/images/lockups/square_5.jpg", "type": "object", "ID": 4575, "title": "Title 4575"},
{"url": "/images/lockups/square_6.jpg", "type": "object", "ID": 4576, "title": "Title 4576"},
{"url": "/images/lockups/square_7.jpg", "type": "object", "ID": 4577, "title": "Title 4577"},
{"url": "/images/lockups/square_8.jpg", "type": "object", "ID": 4578, "title": "Title 4578"},
{"url": "/images/lockups/square_9.jpg", "type": "object", "ID": 4579, "title": "Title 4579"},
{"url": "/images/lockups/square_10.jpg", "type": "object", "ID": 4580, "title": "Title 4580"},
{"url": "/images/lockups/square_1.jpg", "type": "object", "ID": 4581, "title": "Title 4581"},
{"url": "/images/lockups/square_2.jpg", "type": "object", "ID": 4582, "title": "Title 4582"},
{"url": "/images/lockups/square_3.jpg", "type": "object", "ID": 4583, "title": "Title 4583"},
{"url": "/images/lockups/square_4.jpg", "type": "object", "ID": 4584, "title": "Title 4584"},
{"url": "/images/lockups/square_5.jpg", "type": "object", "ID": 4585, "title": "Title 4585"},
{"url": "/images/lockups/square_6.jpg", "type": "object", "ID": 4586, "title": "Title 4586"},
{"url": "/images/lockups/square_7.jpg", "type": "object", "ID": 4587, "title": "Title 4587"},
{"url": "/images/lockups/square_8.jpg", "type": "object", "ID": 4588, "title": "Title 4588"},
{"url": "/images/lockups/square_9.jpg", "type": "object", "ID": 4589, "title": "Title 4589"},
{"url": "/images/lockups/square_10.jpg", "type": "object", "ID": 4590, "title": "Title 4590"},
{"url": "/images/lockups/square_1.jpg", "type": "object", "ID": 4591, "title": "Title 4591"},
{"url": "/images/lockups/square_2.jpg", "type": "object", "ID": 4592, "title": "Title 4592"},
{"url": "/images/lockups/square_3.jpg", "type": "object", "ID": 4593, "title": "Title 4593"},
{"url": "/images/lockups/square_4.jpg", "type": "object", "ID": 4594, "title": "Title 4594"},
{"url": "/images/lockups/square_5.jpg", "type": "object", "ID": 4595, "title": "Title 4595"},
{"url": "/images/lockups/square_6.jpg", "type": "object", "ID": 4596, "title": "Title 4596"},
{"url": "/images/lockups/square_7.jpg", "type": "object", "ID": 4597, "title": "Title 4597"},
{"url": "/images/lockups/square_8.jpg", "type": "object", "ID": 4598, "title": "Title 4598"},
{"url": "/images/lockups/square_9.jpg", "type": "object", "ID": 4599, "title": "Title 4599"},
{"url": "/images/lockups/square_10.jpg", "type": "object", "ID": 4600, "title": "Title 4600"},
{"url": "/images/lockups/square_1.jpg", "type": "object", "ID": 4601, "title": "Title 4601"},
{"url": "/images/lockups/square_2.jpg", "type": "object", "ID": 4602, "title": "Title 4602"},
{"url": "/images/lockups/square_3.jpg", "type": "object", "ID": 4603, "title": "Title 4603"},
{"url": "/images/lockups/square_4.jpg", "type": "object", "ID": 4604, "title": "Title 4604"},
{"url": "/images/lockups/square_5.jpg", "type": "object", "ID": 4605, "title": "Title 4605"},
{"url": "/images/lockups/square_6.jpg", "type": "object", "ID": 4606, "title": "Title 4606"},
{"url": "/images/lockups/square_7.jpg", "type": "object", "ID": 4607, "title": "Title 4607"},
{"url": "/images/lockups/square_8.jpg", "type": "object", "ID": 4608, "title": "Title 4608"},
{"url": "/images/lockups/square_9.jpg", "type": "object", "ID": 4609, "title": "Title 4609"},
{"url": "/images/lockups/square_10.jpg", "type": "object", "ID": 4610, "title": "Title 4610"},
{"url": "/images/lockups/square_1.jpg", "type": "object", "ID": 4611, "title": "Title 4611"},
{"url": "/images/lockups/square_2.jpg", "type": "object", "ID": 4612, "title": "Title 4612"},
{"url": "/images/lockups/square_3.jpg", "type": "object", "ID": 4613, "title": "Title 4613"},
{"url": "/images/lockups/square_4.jpg", "type": "object", "ID": 4614, "title": "Title 4614"},
{"url": "/images/lockups/square_5.jpg", "type": "object", "ID": 4615, "title": "Title 4615"},
{"url": "/images/lockups/square_6.jpg", "type": "object", "ID": 4616, "title": "Title 4616"},
{"url": "/images/lockups/square_7.jpg", "type": "object", "ID": 4617, "title": "Title 4617"},
{"url": "/images/lockups/square_8.jpg", "type": "object", "ID": 4618, "title": "Title 4618"},
{"url": "/images/lockups/square_9.jpg", "type": "object", "ID": 4619, "title": "Title 4619"},
{"url": "/images/lockups/square_10.jpg", "type": "object", "ID": 4620, "title": "Title 4620"},
{"url": "/images/lockups/square_1.jpg", "type": "object", "ID": 4621, "title": "Title 4621"},
{"url": "/images/lockups/square_2.jpg", "type": "object", "ID": 4622, "title": "Title 4622"},
{"url": "/images/lockups/square_3.jpg", "type": "object", "ID": 4623, "title": "Title 4623"},
{"url": "/images/lockups/square_4.jpg", "type": "object", "ID": 4624, "title": "Title 4624"},
{"url": "/images/lockups/square_5.jpg", "type": "object", "ID": 4625, "title": "Title 4625"},
{"url": "/images/lockups/square_6.jpg", "type": "object", "ID": 4626, "title": "Title 4626"},
{"url": "/images/lockups/square_7.jpg", "type": "object", "ID": 4627, "title": "Title 4627"},
{"url": "/images/lockups/square_8.jpg", "type": "object", "ID": 4628, "title": "Title 4628"},
{"url": "/images/lockups/square_9.jpg", "type": "object", "ID": 4629, "title": "Title 4629"},
{"url": "/images/lockups/square_10.jpg", "type": "object", "ID": 4630, "title": "Title 4630"},
{"url": "/images/lockups/square_1.jpg", "type": "object", "ID": 4631, "title": "Title 4631"},
{"url": "/images/lockups/square_2.jpg", "type": "object", "ID": 4632, "title": "Title 4632"},
{"url": "/images/lockups/square_3.jpg", "type": "object", "ID": 4633, "title": "Title 4633"},
{"url": "/images/lockups/square_4.jpg", "type": "object", "ID": 4634, "title": "Title 4634"},
{"url": "/images/lockups/square_5.jpg", "type": "object", "ID": 4635, "title": "Title 4635"},
{"url": "/images/lockups/square_6.jpg", "type": "object", "ID": 4636, "title": "Title 4636"},
{"url": "/images/lockups/square_7.jpg", "type": "object", "ID": 4637, "title": "Title 4637"},
{"url": "/images/lockups/square_8.jpg", "type": "object", "ID": 4638, "title": "Title 4638"},
{"url": "/images/lockups/square_9.jpg", "type": "object", "ID": 4639, "title": "Title 4639"},
{"url": "/images/lockups/square_10.jpg", "type": "object", "ID": 4640, "title": "Title 4640"},
{"url": "/images/lockups/square_1.jpg", "type": "object", "ID": 4641, "title": "Title 4641"},
{"url": "/images/lockups/square_2.jpg", "type": "object", "ID": 4642, "title": "Title 4642"},
{"url": "/images/lockups/square_3.jpg", "type": "object", "ID": 4643, "title": "Title 4643"},
{"url": "/images/lockups/square_4.jpg", "type": "object", "ID": 4644, "title": "Title 4644"},
{"url": "/images/lockups/square_5.jpg", "type": "object", "ID": 4645, "title": "Title 4645"},
{"url": "/images/lockups/square_6.jpg", "type": "object", "ID": 4646, "title": "Title 4646"},
{"url": "/images/lockups/square_7.jpg", "type": "object", "ID": 4647, "title": "Title 4647"},
{"url": "/images/lockups/square_8.jpg", "type": "object", "ID": 4648, "title": "Title 4648"},
{"url": "/images/lockups/square_9.jpg", "type": "object", "ID": 4649, "title": "Title 4649"},
{"url": "/images/lockups/square_10.jpg", "type": "object", "ID": 4650, "title": "Title 4650"},
{"url": "/images/lockups/square_1.jpg", "type": "object", "ID": 4651, "title": "Title 4651"},
{"url": "/images/lockups/square_2.jpg", "type": "object", "ID": 4652, "title": "Title 4652"},
{"url": "/images/lockups/square_3.jpg", "type": "object", "ID": 4653, "title": "Title 4653"},
{"url": "/images/lockups/square_4.jpg", "type": "object", "ID": 4654, "title": "Title 4654"},
{"url": "/images/lockups/square_5.jpg", "type": "object", "ID": 4655, "title": "Title 4655"},
{"url": "/images/lockups/square_6.jpg", "type": "object", "ID": 4656, "title": "Title 4656"},
{"url": "/images/lockups/square_7.jpg", "type": "object", "ID": 4657, "title": "Title 4657"},
{"url": "/images/lockups/square_8.jpg", "type": "object", "ID": 4658, "title": "Title 4658"},
{"url": "/images/lockups/square_9.jpg", "type": "object", "ID": 4659, "title": "Title 4659"},
{"url": "/images/lockups/square_10.jpg", "type": "object", "ID": 4660, "title": "Title 4660"},
{"url": "/images/lockups/square_1.jpg", "type": "object", "ID": 4661, "title": "Title 4661"},
{"url": "/images/lockups/square_2.jpg", "type": "object", "ID": 4662, "title": "Title 4662"},
{"url": "/images/lockups/square_3.jpg", "type": "object", "ID": 4663, "title": "Title 4663"},
{"url": "/images/lockups/square_4.jpg", "type": "object", "ID": 4664, "title": "Title 4664"},
{"url": "/images/lockups/square_5.jpg", "type": "object", "ID": 4665, "title": "Title 4665"},
{"url": "/images/lockups/square_6.jpg", "type": "object", "ID": 4666, "title": "Title 4666"},
{"url": "/images/lockups/square_7.jpg", "type": "object", "ID": 4667, "title": "Title 4667"},
{"url": "/images/lockups/square_8.jpg", "type": "object", "ID": 4668, "title": "Title 4668"},
{"url": "/images/lockups/square_9.jpg", "type": "object", "ID": 4669, "title": "Title 4669"},
{"url": "/images/lockups/square_10.jpg", "type": "object", "ID": 4670, "title": "Title 4670"},
{"url": "/images/lockups/square_1.jpg", "type": "object", "ID": 4671, "title": "Title 4671"},
{"url": "/images/lockups/square_2.jpg", "type": "object", "ID": 4672, "title": "Title 4672"},
{"url": "/images/lockups/square_3.jpg", "type": "object", "ID": 4673, "title": "Title 4673"},
{"url": "/images/lockups/square_4.jpg", "type": "object", "ID": 4674, "title": "Title 4674"},
{"url": "/images/lockups/square_5.jpg", "type": "object", "ID": 4675, "title": "Title 4675"},
{"url": "/images/lockups/square_6.jpg", "type": "object", "ID": 4676, "title": "Title 4676"},
{"url": "/images/lockups/square_7.jpg", "type": "object", "ID": 4677, "title": "Title 4677"},
{"url": "/images/lockups/square_8.jpg", "type": "object", "ID": 4678, "title": "Title 4678"},
{"url": "/images/lockups/square_9.jpg", "type": "object", "ID": 4679, "title": "Title 4679"},
{"url": "/images/lockups/square_10.jpg", "type": "object", "ID": 4680, "title": "Title 4680"},
{"url": "/images/lockups/square_1.jpg", "type": "object", "ID": 4681, "title": "Title 4681"},
{"url": "/images/lockups/square_2.jpg", "type": "object", "ID": 4682, "title": "Title 4682"},
{"url": "/images/lockups/square_3.jpg", "type": "object", "ID": 4683, "title": "Title 4683"},
{"url": "/images/lockups/square_4.jpg", "type": "object", "ID": 4684, "title": "Title 4684"},
{"url": "/images/lockups/square_5.jpg", "type": "object", "ID": 4685, "title": "Title 4685"},
{"url": "/images/lockups/square_6.jpg", "type": "object", "ID": 4686, "title": "Title 4686"},
{"url": "/images/lockups/square_7.jpg", "type": "object", "ID": 4687, "title": "Title 4687"},
{"url": "/images/lockups/square_8.jpg", "type": "object", "ID": 4688, "title": "Title 4688"},
{"url": "/images/lockups/square_9.jpg", "type": "object", "ID": 4689, "title": "Title 4689"},
{"url": "/images/lockups/square_10.jpg", "type": "object", "ID": 4690, "title": "Title 4690"},
{"url": "/images/lockups/square_1.jpg", "type": "object", "ID": 4691, "title": "Title 4691"},
{"url": "/images/lockups/square_2.jpg", "type": "object", "ID": 4692, "title": "Title 4692"},
{"url": "/images/lockups/square_3.jpg", "type": "object", "ID": 4693, "title": "Title 4693"},
{"url": "/images/lockups/square_4.jpg", "type": "object", "ID": 4694, "title": "Title 4694"},
{"url": "/images/lockups/square_5.jpg", "type": "object", "ID": 4695, "title": "Title 4695"},
{"url": "/images/lockups/square_6.jpg", "type": "object", "ID": 4696, "title": "Title 4696"},
{"url": "/images/lockups/square_7.jpg", "type": "object", "ID": 4697, "title": "Title 4697"},
{"url": "/images/lockups/square_8.jpg", "type": "object", "ID": 4698, "title": "Title 4698"},
{"url": "/images/lockups/square_9.jpg", "type": "object", "ID": 4699, "title": "Title 4699"},
{"url": "/images/lockups/square_10.jpg", "type": "object", "ID": 4700, "title": "Title 4700"},
{"url": "/images/lockups/square_1.jpg", "type": "object", "ID": 4701, "title": "Title 4701"},
{"url": "/images/lockups/square_2.jpg", "type": "object", "ID": 4702, "title": "Title 4702"},
{"url": "/images/lockups/square_3.jpg", "type": "object", "ID": 4703, "title": "Title 4703"},
{"url": "/images/lockups/square_4.jpg", "type": "object", "ID": 4704, "title": "Title 4704"},
{"url": "/images/lockups/square_5.jpg", "type": "object", "ID": 4705, "title": "Title 4705"},
{"url": "/images/lockups/square_6.jpg", "type": "object", "ID": 4706, "title": "Title 4706"},
{"url": "/images/lockups/square_7.jpg", "type": "object", "ID": 4707, "title": "Title 4707"},
{"url": "/images/lockups/square_8.jpg", "type": "object", "ID": 4708, "title": "Title 4708"},
{"url": "/images/lockups/square_9.jpg", "type": "object", "ID": 4709, "title": "Title 4709"},
{"url": "/images/lockups/square_10.jpg", "type": "object", "ID": 4710, "title": "Title 4710"},
{"url": "/images/lockups/square_1.jpg", "type": "object", "ID": 4711, "title": "Title 4711"},
{"url": "/images/lockups/square_2.jpg", "type": "object", "ID": 4712, "title": "Title 4712"},
{"url": "/images/lockups/square_3.jpg", "type": "object", "ID": 4713, "title": "Title 4713"},
{"url": "/images/lockups/square_4.jpg", "type": "object", "ID": 4714, "title": "Title 4714"},
{"url": "/images/lockups/square_5.jpg", "type": "object", "ID": 4715, "title": "Title 4715"},
{"url": "/images/lockups/square_6.jpg", "type": "object", "ID": 4716, "title": "Title 4716"},
{"url": "/images/lockups/square_7.jpg", "type": "object", "ID": 4717, "title": "Title 4717"},
{"url": "/images/lockups/square_8.jpg", "type": "object", "ID": 4718, "title": "Title 4718"},
{"url": "/images/lockups/square_9.jpg", "type": "object", "ID": 4719, "title": "Title 4719"},
{"url": "/images/lockups/square_10.jpg", "type": "object", "ID": 4720, "title": "Title 4720"},
{"url": "/images/lockups/square_1.jpg", "type": "object", "ID": 4721, "title": "Title 4721"},
{"url": "/images/lockups/square_2.jpg", "type": "object", "ID": 4722, "title": "Title 4722"},
{"url": "/images/lockups/square_3.jpg", "type": "object", "ID": 4723, "title": "Title 4723"},
{"url": "/images/lockups/square_4.jpg", "type": "object", "ID": 4724, "title": "Title 4724"},
{"url": "/images/lockups/square_5.jpg", "type": "object", "ID": 4725, "title": "Title 4725"},
{"url": "/images/lockups/square_6.jpg", "type": "object", "ID": 4726, "title": "Title 4726"},
{"url": "/images/lockups/square_7.jpg", "type": "object", "ID": 4727, "title": "Title 4727"},
{"url": "/images/lockups/square_8.jpg", "type": "object", "ID": 4728, "title": "Title 4728"},
{"url": "/images/lockups/square_9.jpg", "type": "object", "ID": 4729, "title": "Title 4729"},
{"url": "/images/lockups/square_10.jpg", "type": "object", "ID": 4730, "title": "Title 4730"},
{"url": "/images/lockups/square_1.jpg", "type": "object", "ID": 4731, "title": "Title 4731"},
{"url": "/images/lockups/square_2.jpg", "type": "object", "ID": 4732, "title": "Title 4732"},
{"url": "/images/lockups/square_3.jpg", "type": "object", "ID": 4733, "title": "Title 4733"},
{"url": "/images/lockups/square_4.jpg", "type": "object", "ID": 4734, "title": "Title 4734"},
{"url": "/images/lockups/square_5.jpg", "type": "object", "ID": 4735, "title": "Title 4735"},
{"url": "/images/lockups/square_6.jpg", "type": "object", "ID": 4736, "title": "Title 4736"},
{"url": "/images/lockups/square_7.jpg", "type": "object", "ID": 4737, "title": "Title 4737"},
{"url": "/images/lockups/square_8.jpg", "type": "object", "ID": 4738, "title": "Title 4738"},
{"url": "/images/lockups/square_9.jpg", "type": "object", "ID": 4739, "title": "Title 4739"},
{"url": "/images/lockups/square_10.jpg", "type": "object", "ID": 4740, "title": "Title 4740"},
{"url": "/images/lockups/square_1.jpg", "type": "object", "ID": 4741, "title": "Title 4741"},
{"url": "/images/lockups/square_2.jpg", "type": "object", "ID": 4742, "title": "Title 4742"},
{"url": "/images/lockups/square_3.jpg", "type": "object", "ID": 4743, "title": "Title 4743"},
{"url": "/images/lockups/square_4.jpg", "type": "object", "ID": 4744, "title": "Title 4744"},
{"url": "/images/lockups/square_5.jpg", "type": "object", "ID": 4745, "title": "Title 4745"},
{"url": "/images/lockups/square_6.jpg", "type": "object", "ID": 4746, "title": "Title 4746"},
{"url": "/images/lockups/square_7.jpg", "type": "object", "ID": 4747, "title": "Title 4747"},
{"url": "/images/lockups/square_8.jpg", "type": "object", "ID": 4748, "title": "Title 4748"},
{"url": "/images/lockups/square_9.jpg", "type": "object", "ID": 4749, "title": "Title 4749"},
{"url": "/images/lockups/square_10.jpg", "type": "object", "ID": 4750, "title": "Title 4750"},
{"url": "/images/lockups/square_1.jpg", "type": "object", "ID": 4751, "title": "Title 4751"},
{"url": "/images/lockups/square_2.jpg", "type": "object", "ID": 4752, "title": "Title 4752"},
{"url": "/images/lockups/square_3.jpg", "type": "object", "ID": 4753, "title": "Title 4753"},
{"url": "/images/lockups/square_4.jpg", "type": "object", "ID": 4754, "title": "Title 4754"},
{"url": "/images/lockups/square_5.jpg", "type": "object", "ID": 4755, "title": "Title 4755"},
{"url": "/images/lockups/square_6.jpg", "type": "object", "ID": 4756, "title": "Title 4756"},
{"url": "/images/lockups/square_7.jpg", "type": "object", "ID": 4757, "title": "Title 4757"},
{"url": "/images/lockups/square_8.jpg", "type": "object", "ID": 4758, "title": "Title 4758"},
{"url": "/images/lockups/square_9.jpg", "type": "object", "ID": 4759, "title": "Title 4759"},
{"url": "/images/lockups/square_10.jpg", "type": "object", "ID": 4760, "title": "Title 4760"},
{"url": "/images/lockups/square_1.jpg", "type": "object", "ID": 4761, "title": "Title 4761"},
{"url": "/images/lockups/square_2.jpg", "type": "object", "ID": 4762, "title": "Title 4762"},
{"url": "/images/lockups/square_3.jpg", "type": "object", "ID": 4763, "title": "Title 4763"},
{"url": "/images/lockups/square_4.jpg", "type": "object", "ID": 4764, "title": "Title 4764"},
{"url": "/images/lockups/square_5.jpg", "type": "object", "ID": 4765, "title": "Title 4765"},
{"url": "/images/lockups/square_6.jpg", "type": "object", "ID": 4766, "title": "Title 4766"},
{"url": "/images/lockups/square_7.jpg", "type": "object", "ID": 4767, "title": "Title 4767"},
{"url": "/images/lockups/square_8.jpg", "type": "object", "ID": 4768, "title": "Title 4768"},
{"url": "/images/lockups/square_9.jpg", "type": "object", "ID": 4769, "title": "Title 4769"},
{"url": "/images/lockups/square_10.jpg", "type": "object", "ID": 4770, "title": "Title 4770"},
{"url": "/images/lockups/square_1.jpg", "type": "object", "ID": 4771, "title": "Title 4771"},
{"url": "/images/lockups/square_2.jpg", "type": "object", "ID": 4772, "title": "Title 4772"},
{"url": "/images/lockups/square_3.jpg", "type": "object", "ID": 4773, "title": "Title 4773"},
{"url": "/images/lockups/square_4.jpg", "type": "object", "ID": 4774, "title": "Title 4774"},
{"url": "/images/lockups/square_5.jpg", "type": "object", "ID": 4775, "title": "Title 4775"},
{"url": "/images/lockups/square_6.jpg", "type": "object", "ID": 4776, "title": "Title 4776"},
{"url": "/images/lockups/square_7.jpg", "type": "object", "ID": 4777, "title": "Title 4777"},
{"url": "/images/lockups/square_8.jpg", "type": "object", "ID": 4778, "title": "Title 4778"},
{"url": "/images/lockups/square_9.jpg", "type": "object", "ID": 4779, "title": "Title 4779"},
{"url": "/images/lockups/square_10.jpg", "type": "object", "ID": 4780, "title": "Title 4780"},
{"url": "/images/lockups/square_1.jpg", "type": "object", "ID": 4781, "title": "Title 4781"},
{"url": "/images/lockups/square_2.jpg", "type": "object", "ID": 4782, "title": "Title 4782"},
{"url": "/images/lockups/square_3.jpg", "type": "object", "ID": 4783, "title": "Title 4783"},
{"url": "/images/lockups/square_4.jpg", "type": "object", "ID": 4784, "title": "Title 4784"},
{"url": "/images/lockups/square_5.jpg", "type": "object", "ID": 4785, "title": "Title 4785"},
{"url": "/images/lockups/square_6.jpg", "type": "object", "ID": 4786, "title": "Title 4786"},
{"url": "/images/lockups/square_7.jpg", "type": "object", "ID": 4787, "title": "Title 4787"},
{"url": "/images/lockups/square_8.jpg", "type": "object", "ID": 4788, "title": "Title 4788"},
{"url": "/images/lockups/square_9.jpg", "type": "object", "ID": 4789, "title": "Title 4789"},
{"url": "/images/lockups/square_10.jpg", "type": "object", "ID": 4790, "title": "Title 4790"},
{"url": "/images/lockups/square_1.jpg", "type": "object", "ID": 4791, "title": "Title 4791"},
{"url": "/images/lockups/square_2.jpg", "type": "object", "ID": 4792, "title": "Title 4792"},
{"url": "/images/lockups/square_3.jpg", "type": "object", "ID": 4793, "title": "Title 4793"},
{"url": "/images/lockups/square_4.jpg", "type": "object", "ID": 4794, "title": "Title 4794"},
{"url": "/images/lockups/square_5.jpg", "type": "object", "ID": 4795, "title": "Title 4795"},
{"url": "/images/lockups/square_6.jpg", "type": "object", "ID": 4796, "title": "Title 4796"},
{"url": "/images/lockups/square_7.jpg", "type": "object", "ID": 4797, "title": "Title 4797"},
{"url": "/images/lockups/square_8.jpg", "type": "object", "ID": 4798, "title": "Title 4798"},
{"url": "/images/lockups/square_9.jpg", "type": "object", "ID": 4799, "title": "Title 4799"},
{"url": "/images/lockups/square_10.jpg", "type": "object", "ID": 4800, "title": "Title 4800"},
{"url": "/images/lockups/square_1.jpg", "type": "object", "ID": 4801, "title": "Title 4801"},
{"url": "/images/lockups/square_2.jpg", "type": "object", "ID": 4802, "title": "Title 4802"},
{"url": "/images/lockups/square_3.jpg", "type": "object", "ID": 4803, "title": "Title 4803"},
{"url": "/images/lockups/square_4.jpg", "type": "object", "ID": 4804, "title": "Title 4804"},
{"url": "/images/lockups/square_5.jpg", "type": "object", "ID": 4805, "title": "Title 4805"},
{"url": "/images/lockups/square_6.jpg", "type": "object", "ID": 4806, "title": "Title 4806"},
{"url": "/images/lockups/square_7.jpg", "type": "object", "ID": 4807, "title": "Title 4807"},
{"url": "/images/lockups/square_8.jpg", "type": "object", "ID": 4808, "title": "Title 4808"},
{"url": "/images/lockups/square_9.jpg", "type": "object", "ID": 4809, "title": "Title 4809"},
{"url": "/images/lockups/square_10.jpg", "type": "object", "ID": 4810, "title": "Title 4810"},
{"url": "/images/lockups/square_1.jpg", "type": "object", "ID": 4811, "title": "Title 4811"},
{"url": "/images/lockups/square_2.jpg", "type": "object", "ID": 4812, "title": "Title 4812"},
{"url": "/images/lockups/square_3.jpg", "type": "object", "ID": 4813, "title": "Title 4813"},
{"url": "/images/lockups/square_4.jpg", "type": "object", "ID": 4814, "title": "Title 4814"},
{"url": "/images/lockups/square_5.jpg", "type": "object", "ID": 4815, "title": "Title 4815"},
{"url": "/images/lockups/square_6.jpg", "type": "object", "ID": 4816, "title": "Title 4816"},
{"url": "/images/lockups/square_7.jpg", "type": "object", "ID": 4817, "title": "Title 4817"},
{"url": "/images/lockups/square_8.jpg", "type": "object", "ID": 4818, "title": "Title 4818"},
{"url": "/images/lockups/square_9.jpg", "type": "object", "ID": 4819, "title": "Title 4819"},
{"url": "/images/lockups/square_10.jpg", "type": "object", "ID": 4820, "title": "Title 4820"},
{"url": "/images/lockups/square_1.jpg", "type": "object", "ID": 4821, "title": "Title 4821"},
{"url": "/images/lockups/square_2.jpg", "type": "object", "ID": 4822, "title": "Title 4822"},
{"url": "/images/lockups/square_3.jpg", "type": "object", "ID": 4823, "title": "Title 4823"},
{"url": "/images/lockups/square_4.jpg", "type": "object", "ID": 4824, "title": "Title 4824"},
{"url": "/images/lockups/square_5.jpg", "type": "object", "ID": 4825, "title": "Title 4825"},
{"url": "/images/lockups/square_6.jpg", "type": "object", "ID": 4826, "title": "Title 4826"},
{"url": "/images/lockups/square_7.jpg", "type": "object", "ID": 4827, "title": "Title 4827"},
{"url": "/images/lockups/square_8.jpg", "type": "object", "ID": 4828, "title": "Title 4828"},
{"url": "/images/lockups/square_9.jpg", "type": "object", "ID": 4829, "title": "Title 4829"},
{"url": "/images/lockups/square_10.jpg", "type": "object", "ID": 4830, "title": "Title 4830"},
{"url": "/images/lockups/square_1.jpg", "type": "object", "ID": 4831, "title": "Title 4831"},
{"url": "/images/lockups/square_2.jpg", "type": "object", "ID": 4832, "title": "Title 4832"},
{"url": "/images/lockups/square_3.jpg", "type": "object", "ID": 4833, "title": "Title 4833"},
{"url": "/images/lockups/square_4.jpg", "type": "object", "ID": 4834, "title": "Title 4834"},
{"url": "/images/lockups/square_5.jpg", "type": "object", "ID": 4835, "title": "Title 4835"},
{"url": "/images/lockups/square_6.jpg", "type": "object", "ID": 4836, "title": "Title 4836"},
{"url": "/images/lockups/square_7.jpg", "type": "object", "ID": 4837, "title": "Title 4837"},
{"url": "/images/lockups/square_8.jpg", "type": "object", "ID": 4838, "title": "Title 4838"},
{"url": "/images/lockups/square_9.jpg", "type": "object", "ID": 4839, "title": "Title 4839"},
{"url": "/images/lockups/square_10.jpg", "type": "object", "ID": 4840, "title": "Title 4840"},
{"url": "/images/lockups/square_1.jpg", "type": "object", "ID": 4841, "title": "Title 4841"},
{"url": "/images/lockups/square_2.jpg", "type": "object", "ID": 4842, "title": "Title 4842"},
{"url": "/images/lockups/square_3.jpg", "type": "object", "ID": 4843, "title": "Title 4843"},
{"url": "/images/lockups/square_4.jpg", "type": "object", "ID": 4844, "title": "Title 4844"},
{"url": "/images/lockups/square_5.jpg", "type": "object", "ID": 4845, "title": "Title 4845"},
{"url": "/images/lockups/square_6.jpg", "type": "object", "ID": 4846, "title": "Title 4846"},
{"url": "/images/lockups/square_7.jpg", "type": "object", "ID": 4847, "title": "Title 4847"},
{"url": "/images/lockups/square_8.jpg", "type": "object", "ID": 4848, "title": "Title 4848"},
{"url": "/images/lockups/square_9.jpg", "type": "object", "ID": 4849, "title": "Title 4849"},
{"url": "/images/lockups/square_10.jpg", "type": "object", "ID": 4850, "title": "Title 4850"},
{"url": "/images/lockups/square_1.jpg", "type": "object", "ID": 4851, "title": "Title 4851"},
{"url": "/images/lockups/square_2.jpg", "type": "object", "ID": 4852, "title": "Title 4852"},
{"url": "/images/lockups/square_3.jpg", "type": "object", "ID": 4853, "title": "Title 4853"},
{"url": "/images/lockups/square_4.jpg", "type": "object", "ID": 4854, "title": "Title 4854"},
{"url": "/images/lockups/square_5.jpg", "type": "object", "ID": 4855, "title": "Title 4855"},
{"url": "/images/lockups/square_6.jpg", "type": "object", "ID": 4856, "title": "Title 4856"},
{"url": "/images/lockups/square_7.jpg", "type": "object", "ID": 4857, "title": "Title 4857"},
{"url": "/images/lockups/square_8.jpg", "type": "object", "ID": 4858, "title": "Title 4858"},
{"url": "/images/lockups/square_9.jpg", "type": "object", "ID": 4859, "title": "Title 4859"},
{"url": "/images/lockups/square_10.jpg", "type": "object", "ID": 4860, "title": "Title 4860"},
{"url": "/images/lockups/square_1.jpg", "type": "object", "ID": 4861, "title": "Title 4861"},
{"url": "/images/lockups/square_2.jpg", "type": "object", "ID": 4862, "title": "Title 4862"},
{"url": "/images/lockups/square_3.jpg", "type": "object", "ID": 4863, "title": "Title 4863"},
{"url": "/images/lockups/square_4.jpg", "type": "object", "ID": 4864, "title": "Title 4864"},
{"url": "/images/lockups/square_5.jpg", "type": "object", "ID": 4865, "title": "Title 4865"},
{"url": "/images/lockups/square_6.jpg", "type": "object", "ID": 4866, "title": "Title 4866"},
{"url": "/images/lockups/square_7.jpg", "type": "object", "ID": 4867, "title": "Title 4867"},
{"url": "/images/lockups/square_8.jpg", "type": "object", "ID": 4868, "title": "Title 4868"},
{"url": "/images/lockups/square_9.jpg", "type": "object", "ID": 4869, "title": "Title 4869"},
{"url": "/images/lockups/square_10.jpg", "type": "object", "ID": 4870, "title": "Title 4870"},
{"url": "/images/lockups/square_1.jpg", "type": "object", "ID": 4871, "title": "Title 4871"},
{"url": "/images/lockups/square_2.jpg", "type": "object", "ID": 4872, "title": "Title 4872"},
{"url": "/images/lockups/square_3.jpg", "type": "object", "ID": 4873, "title": "Title 4873"},
{"url": "/images/lockups/square_4.jpg", "type": "object", "ID": 4874, "title": "Title 4874"},
{"url": "/images/lockups/square_5.jpg", "type": "object", "ID": 4875, "title": "Title 4875"},
{"url": "/images/lockups/square_6.jpg", "type": "object", "ID": 4876, "title": "Title 4876"},
{"url": "/images/lockups/square_7.jpg", "type": "object", "ID": 4877, "title": "Title 4877"},
{"url": "/images/lockups/square_8.jpg", "type": "object", "ID": 4878, "title": "Title 4878"},
{"url": "/images/lockups/square_9.jpg", "type": "object", "ID": 4879, "title": "Title 4879"},
{"url": "/images/lockups/square_10.jpg", "type": "object", "ID": 4880, "title": "Title 4880"},
{"url": "/images/lockups/square_1.jpg", "type": "object", "ID": 4881, "title": "Title 4881"},
{"url": "/images/lockups/square_2.jpg", "type": "object", "ID": 4882, "title": "Title 4882"},
{"url": "/images/lockups/square_3.jpg", "type": "object", "ID": 4883, "title": "Title 4883"},
{"url": "/images/lockups/square_4.jpg", "type": "object", "ID": 4884, "title": "Title 4884"},
{"url": "/images/lockups/square_5.jpg", "type": "object", "ID": 4885, "title": "Title 4885"},
{"url": "/images/lockups/square_6.jpg", "type": "object", "ID": 4886, "title": "Title 4886"},
{"url": "/images/lockups/square_7.jpg", "type": "object", "ID": 4887, "title": "Title 4887"},
{"url": "/images/lockups/square_8.jpg", "type": "object", "ID": 4888, "title": "Title 4888"},
{"url": "/images/lockups/square_9.jpg", "type": "object", "ID": 4889, "title": "Title 4889"},
{"url": "/images/lockups/square_10.jpg", "type": "object", "ID": 4890, "title": "Title 4890"},
{"url": "/images/lockups/square_1.jpg", "type": "object", "ID": 4891, "title": "Title 4891"},
{"url": "/images/lockups/square_2.jpg", "type": "object", "ID": 4892, "title": "Title 4892"},
{"url": "/images/lockups/square_3.jpg", "type": "object", "ID": 4893, "title": "Title 4893"},
{"url": "/images/lockups/square_4.jpg", "type": "object", "ID": 4894, "title": "Title 4894"},
{"url": "/images/lockups/square_5.jpg", "type": "object", "ID": 4895, "title": "Title 4895"},
{"url": "/images/lockups/square_6.jpg", "type": "object", "ID": 4896, "title": "Title 4896"},
{"url": "/images/lockups/square_7.jpg", "type": "object", "ID": 4897, "title": "Title 4897"},
{"url": "/images/lockups/square_8.jpg", "type": "object", "ID": 4898, "title": "Title 4898"},
{"url": "/images/lockups/square_9.jpg", "type": "object", "ID": 4899, "title": "Title 4899"},
{"url": "/images/lockups/square_10.jpg", "type": "object", "ID": 4900, "title": "Title 4900"},
{"url": "/images/lockups/square_1.jpg", "type": "object", "ID": 4901, "title": "Title 4901"},
{"url": "/images/lockups/square_2.jpg", "type": "object", "ID": 4902, "title": "Title 4902"},
{"url": "/images/lockups/square_3.jpg", "type": "object", "ID": 4903, "title": "Title 4903"},
{"url": "/images/lockups/square_4.jpg", "type": "object", "ID": 4904, "title": "Title 4904"},
{"url": "/images/lockups/square_5.jpg", "type": "object", "ID": 4905, "title": "Title 4905"},
{"url": "/images/lockups/square_6.jpg", "type": "object", "ID": 4906, "title": "Title 4906"},
{"url": "/images/lockups/square_7.jpg", "type": "object", "ID": 4907, "title": "Title 4907"},
{"url": "/images/lockups/square_8.jpg", "type": "object", "ID": 4908, "title": "Title 4908"},
{"url": "/images/lockups/square_9.jpg", "type": "object", "ID": 4909, "title": "Title 4909"},
{"url": "/images/lockups/square_10.jpg", "type": "object", "ID": 4910, "title": "Title 4910"},
{"url": "/images/lockups/square_1.jpg", "type": "object", "ID": 4911, "title": "Title 4911"},
{"url": "/images/lockups/square_2.jpg", "type": "object", "ID": 4912, "title": "Title 4912"},
{"url": "/images/lockups/square_3.jpg", "type": "object", "ID": 4913, "title": "Title 4913"},
{"url": "/images/lockups/square_4.jpg", "type": "object", "ID": 4914, "title": "Title 4914"},
{"url": "/images/lockups/square_5.jpg", "type": "object", "ID": 4915, "title": "Title 4915"},
{"url": "/images/lockups/square_6.jpg", "type": "object", "ID": 4916, "title": "Title 4916"},
{"url": "/images/lockups/square_7.jpg", "type": "object", "ID": 4917, "title": "Title 4917"},
{"url": "/images/lockups/square_8.jpg", "type": "object", "ID": 4918, "title": "Title 4918"},
{"url": "/images/lockups/square_9.jpg", "type": "object", "ID": 4919, "title": "Title 4919"},
{"url": "/images/lockups/square_10.jpg", "type": "object", "ID": 4920, "title": "Title 4920"},
{"url": "/images/lockups/square_1.jpg", "type": "object", "ID": 4921, "title": "Title 4921"},
{"url": "/images/lockups/square_2.jpg", "type": "object", "ID": 4922, "title": "Title 4922"},
{"url": "/images/lockups/square_3.jpg", "type": "object", "ID": 4923, "title": "Title 4923"},
{"url": "/images/lockups/square_4.jpg", "type": "object", "ID": 4924, "title": "Title 4924"},
{"url": "/images/lockups/square_5.jpg", "type": "object", "ID": 4925, "title": "Title 4925"},
{"url": "/images/lockups/square_6.jpg", "type": "object", "ID": 4926, "title": "Title 4926"},
{"url": "/images/lockups/square_7.jpg", "type": "object", "ID": 4927, "title": "Title 4927"},
{"url": "/images/lockups/square_8.jpg", "type": "object", "ID": 4928, "title": "Title 4928"},
{"url": "/images/lockups/square_9.jpg", "type": "object", "ID": 4929, "title": "Title 4929"},
{"url": "/images/lockups/square_10.jpg", "type": "object", "ID": 4930, "title": "Title 4930"},
{"url": "/images/lockups/square_1.jpg", "type": "object", "ID": 4931, "title": "Title 4931"},
{"url": "/images/lockups/square_2.jpg", "type": "object", "ID": 4932, "title": "Title 4932"},
{"url": "/images/lockups/square_3.jpg", "type": "object", "ID": 4933, "title": "Title 4933"},
{"url": "/images/lockups/square_4.jpg", "type": "object", "ID": 4934, "title": "Title 4934"},
{"url": "/images/lockups/square_5.jpg", "type": "object", "ID": 4935, "title": "Title 4935"},
{"url": "/images/lockups/square_6.jpg", "type": "object", "ID": 4936, "title": "Title 4936"},
{"url": "/images/lockups/square_7.jpg", "type": "object", "ID": 4937, "title": "Title 4937"},
{"url": "/images/lockups/square_8.jpg", "type": "object", "ID": 4938, "title": "Title 4938"},
{"url": "/images/lockups/square_9.jpg", "type": "object", "ID": 4939, "title": "Title 4939"},
{"url": "/images/lockups/square_10.jpg", "type": "object", "ID": 4940, "title": "Title 4940"},
{"url": "/images/lockups/square_1.jpg", "type": "object", "ID": 4941, "title": "Title 4941"},
{"url": "/images/lockups/square_2.jpg", "type": "object", "ID": 4942, "title": "Title 4942"},
{"url": "/images/lockups/square_3.jpg", "type": "object", "ID": 4943, "title": "Title 4943"},
{"url": "/images/lockups/square_4.jpg", "type": "object", "ID": 4944, "title": "Title 4944"},
{"url": "/images/lockups/square_5.jpg", "type": "object", "ID": 4945, "title": "Title 4945"},
{"url": "/images/lockups/square_6.jpg", "type": "object", "ID": 4946, "title": "Title 4946"},
{"url": "/images/lockups/square_7.jpg", "type": "object", "ID": 4947, "title": "Title 4947"},
{"url": "/images/lockups/square_8.jpg", "type": "object", "ID": 4948, "title": "Title 4948"},
{"url": "/images/lockups/square_9.jpg", "type": "object", "ID": 4949, "title": "Title 4949"},
{"url": "/images/lockups/square_10.jpg", "type": "object", "ID": 4950, "title": "Title 4950"},
{"url": "/images/lockups/square_1.jpg", "type": "object", "ID": 4951, "title": "Title 4951"},
{"url": "/images/lockups/square_2.jpg", "type": "object", "ID": 4952, "title": "Title 4952"},
{"url": "/images/lockups/square_3.jpg", "type": "object", "ID": 4953, "title": "Title 4953"},
{"url": "/images/lockups/square_4.jpg", "type": "object", "ID": 4954, "title": "Title 4954"},
{"url": "/images/lockups/square_5.jpg", "type": "object", "ID": 4955, "title": "Title 4955"},
{"url": "/images/lockups/square_6.jpg", "type": "object", "ID": 4956, "title": "Title 4956"},
{"url": "/images/lockups/square_7.jpg", "type": "object", "ID": 4957, "title": "Title 4957"},
{"url": "/images/lockups/square_8.jpg", "type": "object", "ID": 4958, "title": "Title 4958"},
{"url": "/images/lockups/square_9.jpg", "type": "object", "ID": 4959, "title": "Title 4959"},
{"url": "/images/lockups/square_10.jpg", "type": "object", "ID": 4960, "title": "Title 4960"},
{"url": "/images/lockups/square_1.jpg", "type": "object", "ID": 4961, "title": "Title 4961"},
{"url": "/images/lockups/square_2.jpg", "type": "object", "ID": 4962, "title": "Title 4962"},
{"url": "/images/lockups/square_3.jpg", "type": "object", "ID": 4963, "title": "Title 4963"},
{"url": "/images/lockups/square_4.jpg", "type": "object", "ID": 4964, "title": "Title 4964"},
{"url": "/images/lockups/square_5.jpg", "type": "object", "ID": 4965, "title": "Title 4965"},
{"url": "/images/lockups/square_6.jpg", "type": "object", "ID": 4966, "title": "Title 4966"},
{"url": "/images/lockups/square_7.jpg", "type": "object", "ID": 4967, "title": "Title 4967"},
{"url": "/images/lockups/square_8.jpg", "type": "object", "ID": 4968, "title": "Title 4968"},
{"url": "/images/lockups/square_9.jpg", "type": "object", "ID": 4969, "title": "Title 4969"},
{"url": "/images/lockups/square_10.jpg", "type": "object", "ID": 4970, "title": "Title 4970"},
{"url": "/images/lockups/square_1.jpg", "type": "object", "ID": 4971, "title": "Title 4971"},
{"url": "/images/lockups/square_2.jpg", "type": "object", "ID": 4972, "title": "Title 4972"},
{"url": "/images/lockups/square_3.jpg", "type": "object", "ID": 4973, "title": "Title 4973"},
{"url": "/images/lockups/square_4.jpg", "type": "object", "ID": 4974, "title": "Title 4974"},
{"url": "/images/lockups/square_5.jpg", "type": "object", "ID": 4975, "title": "Title 4975"},
{"url": "/images/lockups/square_6.jpg", "type": "object", "ID": 4976, "title": "Title 4976"},
{"url": "/images/lockups/square_7.jpg", "type": "object", "ID": 4977, "title": "Title 4977"},
{"url": "/images/lockups/square_8.jpg", "type": "object", "ID": 4978, "title": "Title 4978"},
{"url": "/images/lockups/square_9.jpg", "type": "object", "ID": 4979, "title": "Title 4979"},
{"url": "/images/lockups/square_10.jpg", "type": "object", "ID": 4980, "title": "Title 4980"},
{"url": "/images/lockups/square_1.jpg", "type": "object", "ID": 4981, "title": "Title 4981"},
{"url": "/images/lockups/square_2.jpg", "type": "object", "ID": 4982, "title": "Title 4982"},
{"url": "/images/lockups/square_3.jpg", "type": "object", "ID": 4983, "title": "Title 4983"},
{"url": "/images/lockups/square_4.jpg", "type": "object", "ID": 4984, "title": "Title 4984"},
{"url": "/images/lockups/square_5.jpg", "type": "object", "ID": 4985, "title": "Title 4985"},
{"url": "/images/lockups/square_6.jpg", "type": "object", "ID": 4986, "title": "Title 4986"},
{"url": "/images/lockups/square_7.jpg", "type": "object", "ID": 4987, "title": "Title 4987"},
{"url": "/images/lockups/square_8.jpg", "type": "object", "ID": 4988, "title": "Title 4988"},
{"url": "/images/lockups/square_9.jpg", "type": "object", "ID": 4989, "title": "Title 4989"},
{"url": "/images/lockups/square_10.jpg", "type": "object", "ID": 4990, "title": "Title 4990"},
{"url": "/images/lockups/square_1.jpg", "type": "object", "ID": 4991, "title": "Title 4991"},
{"url": "/images/lockups/square_2.jpg", "type": "object", "ID": 4992, "title": "Title 4992"},
{"url": "/images/lockups/square_3.jpg", "type": "object", "ID": 4993, "title": "Title 4993"},
{"url": "/images/lockups/square_4.jpg", "type": "object", "ID": 4994, "title": "Title 4994"},
{"url": "/images/lockups/square_5.jpg", "type": "object", "ID": 4995, "title": "Title 4995"},
{"url": "/images/lockups/square_6.jpg", "type": "object", "ID": 4996, "title": "Title 4996"},
{"url": "/images/lockups/square_7.jpg", "type": "object", "ID": 4997, "title": "Title 4997"},
{"url": "/images/lockups/square_8.jpg", "type": "object", "ID": 4998, "title": "Title 4998"},
{"url": "/images/lockups/square_9.jpg", "type": "object", "ID": 4999, "title": "Title 4999"},
{"url": "/images/lockups/square_10.jpg", "type": "object", "ID": 5000, "title": "Title 5000"}]}
