{ "items": [
{"url": "/images/lockups/square_1.jpg", "type": "object", "ID": 201, "title": "Title 201"},
{"url": "/images/lockups/square_2.jpg", "type": "object", "ID": 202, "title": "Title 202"},
{"url": "/images/lockups/square_3.jpg", "type": "object", "ID": 203, "title": "Title 203"},
{"url": "/images/lockups/square_4.jpg", "type": "object", "ID": 204, "title": "Title 204"},
{"url": "/images/lockups/square_5.jpg", "type": "object", "ID": 205, "title": "Title 205"},
{"url": "/images/lockups/square_6.jpg", "type": "object", "ID": 206, "title": "Title 206"},
{"url": "/images/lockups/square_7.jpg", "type": "object", "ID": 207, "title": "Title 207"},
{"url": "/images/lockups/square_8.jpg", "type": "object", "ID": 208, "title": "Title 208"},
{"url": "/images/lockups/square_9.jpg", "type": "object", "ID": 209, "title": "Title 209"},
{"url": "/images/lockups/square_10.jpg", "type": "object", "ID": 210, "title": "Title 210"},
{"url": "/images/lockups/square_1.jpg", "type": "object", "ID": 211, "title": "Title 211"},
{"url": "/images/lockups/square_2.jpg", "type": "object", "ID": 212, "title": "Title 212"},
{"url": "/images/lockups/square_3.jpg", "type": "object", "ID": 213, "title": "Title 213"},
{"url": "/images/lockups/square_4.jpg", "type": "object", "ID": 214, "title": "Title 214"},
{"url": "/images/lockups/square_5.jpg", "type": "object", "ID": 215, "title": "Title 215"},
{"url": "/images/lockups/square_6.jpg", "type": "object", "ID": 216, "title": "Title 216"},
{"url": "/images/lockups/square_7.jpg", "type": "object", "ID": 217, "title": "Title 217"},
{"url": "/images/lockups/square_8.jpg", "type": "object", "ID": 218, "title": "Title 218"},
{"url": "/images/lockups/square_9.jpg", "type": "object", "ID": 219, "title": "Title 219"},
{"url": "/images/lockups/square_10.jpg", "type": "object", "ID": 220, "title": "Title 220"},
{"url": "/images/lockups/square_1.jpg", "type": "object", "ID": 221, "title": "Title 221"},
{"url": "/images/lockups/square_2.jpg", "type": "object", "ID": 222, "title": "Title 222"},
{"url": "/images/lockups/square_3.jpg", "type": "object", "ID": 223, "title": "Title 223"},
{"url": "/images/lockups/square_4.jpg", "type": "object", "ID": 224, "title": "Title 224"},
{"url": "/images/lockups/square_5.jpg", "type": "object", "ID": 225, "title": "Title 225"},
{"url": "/images/lockups/square_6.jpg", "type": "object", "ID": 226, "title": "Title 226"},
{"url": "/images/lockups/square_7.jpg", "type": "object", "ID": 227, "title": "Title 227"},
{"url": "/images/lockups/square_8.jpg", "type": "object", "ID": 228, "title": "Title 228"},
{"url": "/images/lockups/square_9.jpg", "type": "object", "ID": 229, "title": "Title 229"},
{"url": "/images/lockups/square_10.jpg", "type": "object", "ID": 230, "title": "Title 230"},
{"url": "/images/lockups/square_1.jpg", "type": "object", "ID": 231, "title": "Title 231"},
{"url": "/images/lockups/square_2.jpg", "type": "object", "ID": 232, "title": "Title 232"},
{"url": "/images/lockups/square_3.jpg", "type": "object", "ID": 233, "title": "Title 233"},
{"url": "/images/lockups/square_4.jpg", "type": "object", "ID": 234, "title": "Title 234"},
{"url": "/images/lockups/square_5.jpg", "type": "object", "ID": 235, "title": "Title 235"},
{"url": "/images/lockups/square_6.jpg", "type": "object", "ID": 236, "title": "Title 236"},
{"url": "/images/lockups/square_7.jpg", "type": "object", "ID": 237, "title": "Title 237"},
{"url": "/images/lockups/square_8.jpg", "type": "object", "ID": 238, "title": "Title 238"},
{"url": "/images/lockups/square_9.jpg", "type": "object", "ID": 239, "title": "Title 239"},
{"url": "/images/lockups/square_10.jpg", "type": "object", "ID": 240, "title": "Title 240"},
{"url": "/images/lockups/square_1.jpg", "type": "object", "ID": 241, "title": "Title 241"},
{"url": "/images/lockups/square_2.jpg", "type": "object", "ID": 242, "title": "Title 242"},
{"url": "/images/lockups/square_3.jpg", "type": "object", "ID": 243, "title": "Title 243"},
{"url": "/images/lockups/square_4.jpg", "type": "object", "ID": 244, "title": "Title 244"},
{"url": "/images/lockups/square_5.jpg", "type": "object", "ID": 245, "title": "Title 245"},
{"url": "/images/lockups/square_6.jpg", "type": "object", "ID": 246, "title": "Title 246"},
{"url": "/images/lockups/square_7.jpg", "type": "object", "ID": 247, "title": "Title 247"},
{"url": "/images/lockups/square_8.jpg", "type": "object", "ID": 248, "title": "Title 248"},
{"url": "/images/lockups/square_9.jpg", "type": "object", "ID": 249, "title": "Title 249"},
{"url": "/images/lockups/square_10.jpg", "type": "object", "ID": 250, "title": "Title 250"}]}
