{ "items": [
{"url": "/images/lockups/square_1.jpg", "type": "object", "ID": 301, "title": "Title 301"},
{"url": "/images/lockups/square_2.jpg", "type": "object", "ID": 302, "title": "Title 302"},
{"url": "/images/lockups/square_3.jpg", "type": "object", "ID": 303, "title": "Title 303"},
{"url": "/images/lockups/square_4.jpg", "type": "object", "ID": 304, "title": "Title 304"},
{"url": "/images/lockups/square_5.jpg", "type": "object", "ID": 305, "title": "Title 305"},
{"url": "/images/lockups/square_6.jpg", "type": "object", "ID": 306, "title": "Title 306"},
{"url": "/images/lockups/square_7.jpg", "type": "object", "ID": 307, "title": "Title 307"},
{"url": "/images/lockups/square_8.jpg", "type": "object", "ID": 308, "title": "Title 308"},
{"url": "/images/lockups/square_9.jpg", "type": "object", "ID": 309, "title": "Title 309"},
{"url": "/images/lockups/square_10.jpg", "type": "object", "ID": 310, "title": "Title 310"},
{"url": "/images/lockups/square_1.jpg", "type": "object", "ID": 311, "title": "Title 311"},
{"url": "/images/lockups/square_2.jpg", "type": "object", "ID": 312, "title": "Title 312"},
{"url": "/images/lockups/square_3.jpg", "type": "object", "ID": 313, "title": "Title 313"},
{"url": "/images/lockups/square_4.jpg", "type": "object", "ID": 314, "title": "Title 314"},
{"url": "/images/lockups/square_5.jpg", "type": "object", "ID": 315, "title": "Title 315"},
{"url": "/images/lockups/square_6.jpg", "type": "object", "ID": 316, "title": "Title 316"},
{"url": "/images/lockups/square_7.jpg", "type": "object", "ID": 317, "title": "Title 317"},
{"url": "/images/lockups/square_8.jpg", "type": "object", "ID": 318, "title": "Title 318"},
{"url": "/images/lockups/square_9.jpg", "type": "object", "ID": 319, "title": "Title 319"},
{"url": "/images/lockups/square_10.jpg", "type": "object", "ID": 320, "title": "Title 320"},
{"url": "/images/lockups/square_1.jpg", "type": "object", "ID": 321, "title": "Title 321"},
{"url": "/images/lockups/square_2.jpg", "type": "object", "ID": 322, "title": "Title 322"},
{"url": "/images/lockups/square_3.jpg", "type": "object", "ID": 323, "title": "Title 323"},
{"url": "/images/lockups/square_4.jpg", "type": "object", "ID": 324, "title": "Title 324"},
{"url": "/images/lockups/square_5.jpg", "type": "object", "ID": 325, "title": "Title 325"},
{"url": "/images/lockups/square_6.jpg", "type": "object", "ID": 326, "title": "Title 326"},
{"url": "/images/lockups/square_7.jpg", "type": "object", "ID": 327, "title": "Title 327"},
{"url": "/images/lockups/square_8.jpg", "type": "object", "ID": 328, "title": "Title 328"},
{"url": "/images/lockups/square_9.jpg", "type": "object", "ID": 329, "title": "Title 329"},
{"url": "/images/lockups/square_10.jpg", "type": "object", "ID": 330, "title": "Title 330"},
{"url": "/images/lockups/square_1.jpg", "type": "object", "ID": 331, "title": "Title 331"},
{"url": "/images/lockups/square_2.jpg", "type": "object", "ID": 332, "title": "Title 332"},
{"url": "/images/lockups/square_3.jpg", "type": "object", "ID": 333, "title": "Title 333"},
{"url": "/images/lockups/square_4.jpg", "type": "object", "ID": 334, "title": "Title 334"},
{"url": "/images/lockups/square_5.jpg", "type": "object", "ID": 335, "title": "Title 335"},
{"url": "/images/lockups/square_6.jpg", "type": "object", "ID": 336, "title": "Title 336"},
{"url": "/images/lockups/square_7.jpg", "type": "object", "ID": 337, "title": "Title 337"},
{"url": "/images/lockups/square_8.jpg", "type": "object", "ID": 338, "title": "Title 338"},
{"url": "/images/lockups/square_9.jpg", "type": "object", "ID": 339, "title": "Title 339"},
{"url": "/images/lockups/square_10.jpg", "type": "object", "ID": 340, "title": "Title 340"},
{"url": "/images/lockups/square_1.jpg", "type": "object", "ID": 341, "title": "Title 341"},
{"url": "/images/lockups/square_2.jpg", "type": "object", "ID": 342, "title": "Title 342"},
{"url": "/images/lockups/square_3.jpg", "type": "object", "ID": 343, "title": "Title 343"},
{"url": "/images/lockups/square_4.jpg", "type": "object", "ID": 344, "title": "Title 344"},
{"url": "/images/lockups/square_5.jpg", "type": "object", "ID": 345, "title": "Title 345"},
{"url": "/images/lockups/square_6.jpg", "type": "object", "ID": 346, "title": "Title 346"},
{"url": "/images/lockups/square_7.jpg", "type": "object", "ID": 347, "title": "Title 347"},
{"url": "/images/lockups/square_8.jpg", "type": "object", "ID": 348, "title": "Title 348"},
{"url": "/images/lockups/square_9.jpg", "type": "object", "ID": 349, "title": "Title 349"},
{"url": "/images/lockups/square_10.jpg", "type": "object", "ID": 350, "title": "Title 350"}]}
