{ "items": [
{"url": "/images/lockups/square_1.jpg", "type": "object", "ID": 401, "title": "Title 401"},
{"url": "/images/lockups/square_2.jpg", "type": "object", "ID": 402, "title": "Title 402"},
{"url": "/images/lockups/square_3.jpg", "type": "object", "ID": 403, "title": "Title 403"},
{"url": "/images/lockups/square_4.jpg", "type": "object", "ID": 404, "title": "Title 404"},
{"url": "/images/lockups/square_5.jpg", "type": "object", "ID": 405, "title": "Title 405"},
{"url": "/images/lockups/square_6.jpg", "type": "object", "ID": 406, "title": "Title 406"},
{"url": "/images/lockups/square_7.jpg", "type": "object", "ID": 407, "title": "Title 407"},
{"url": "/images/lockups/square_8.jpg", "type": "object", "ID": 408, "title": "Title 408"},
{"url": "/images/lockups/square_9.jpg", "type": "object", "ID": 409, "title": "Title 409"},
{"url": "/images/lockups/square_10.jpg", "type": "object", "ID": 410, "title": "Title 410"},
{"url": "/images/lockups/square_1.jpg", "type": "object", "ID": 411, "title": "Title 411"},
{"url": "/images/lockups/square_2.jpg", "type": "object", "ID": 412, "title": "Title 412"},
{"url": "/images/lockups/square_3.jpg", "type": "object", "ID": 413, "title": "Title 413"},
{"url": "/images/lockups/square_4.jpg", "type": "object", "ID": 414, "title": "Title 414"},
{"url": "/images/lockups/square_5.jpg", "type": "object", "ID": 415, "title": "Title 415"},
{"url": "/images/lockups/square_6.jpg", "type": "object", "ID": 416, "title": "Title 416"},
{"url": "/images/lockups/square_7.jpg", "type": "object", "ID": 417, "title": "Title 417"},
{"url": "/images/lockups/square_8.jpg", "type": "object", "ID": 418, "title": "Title 418"},
{"url": "/images/lockups/square_9.jpg", "type": "object", "ID": 419, "title": "Title 419"},
{"url": "/images/lockups/square_10.jpg", "type": "object", "ID": 420, "title": "Title 420"},
{"url": "/images/lockups/square_1.jpg", "type": "object", "ID": 421, "title": "Title 421"},
{"url": "/images/lockups/square_2.jpg", "type": "object", "ID": 422, "title": "Title 422"},
{"url": "/images/lockups/square_3.jpg", "type": "object", "ID": 423, "title": "Title 423"},
{"url": "/images/lockups/square_4.jpg", "type": "object", "ID": 424, "title": "Title 424"},
{"url": "/images/lockups/square_5.jpg", "type": "object", "ID": 425, "title": "Title 425"},
{"url": "/images/lockups/square_6.jpg", "type": "object", "ID": 426, "title": "Title 426"},
{"url": "/images/lockups/square_7.jpg", "type": "object", "ID": 427, "title": "Title 427"},
{"url": "/images/lockups/square_8.jpg", "type": "object", "ID": 428, "title": "Title 428"},
{"url": "/images/lockups/square_9.jpg", "type": "object", "ID": 429, "title": "Title 429"},
{"url": "/images/lockups/square_10.jpg", "type": "object", "ID": 430, "title": "Title 430"},
{"url": "/images/lockups/square_1.jpg", "type": "object", "ID": 431, "title": "Title 431"},
{"url": "/images/lockups/square_2.jpg", "type": "object", "ID": 432, "title": "Title 432"},
{"url": "/images/lockups/square_3.jpg", "type": "object", "ID": 433, "title": "Title 433"},
{"url": "/images/lockups/square_4.jpg", "type": "object", "ID": 434, "title": "Title 434"},
{"url": "/images/lockups/square_5.jpg", "type": "object", "ID": 435, "title": "Title 435"},
{"url": "/images/lockups/square_6.jpg", "type": "object", "ID": 436, "title": "Title 436"},
{"url": "/images/lockups/square_7.jpg", "type": "object", "ID": 437, "title": "Title 437"},
{"url": "/images/lockups/square_8.jpg", "type": "object", "ID": 438, "title": "Title 438"},
{"url": "/images/lockups/square_9.jpg", "type": "object", "ID": 439, "title": "Title 439"},
{"url": "/images/lockups/square_10.jpg", "type": "object", "ID": 440, "title": "Title 440"},
{"url": "/images/lockups/square_1.jpg", "type": "object", "ID": 441, "title": "Title 441"},
{"url": "/images/lockups/square_2.jpg", "type": "object", "ID": 442, "title": "Title 442"},
{"url": "/images/lockups/square_3.jpg", "type": "object", "ID": 443, "title": "Title 443"},
{"url": "/images/lockups/square_4.jpg", "type": "object", "ID": 444, "title": "Title 444"},
{"url": "/images/lockups/square_5.jpg", "type": "object", "ID": 445, "title": "Title 445"},
{"url": "/images/lockups/square_6.jpg", "type": "object", "ID": 446, "title": "Title 446"},
{"url": "/images/lockups/square_7.jpg", "type": "object", "ID": 447, "title": "Title 447"},
{"url": "/images/lockups/square_8.jpg", "type": "object", "ID": 448, "title": "Title 448"},
{"url": "/images/lockups/square_9.jpg", "type": "object", "ID": 449, "title": "Title 449"},
{"url": "/images/lockups/square_10.jpg", "type": "object", "ID": 450, "title": "Title 450"}]}
