{ "items": [
{"url": "/images/lockups/movie_1.lcr", "type": "object", "ID": 1, "title": "Title 1"},
{"url": "/images/lockups/movie_2.lcr", "type": "object", "ID": 2, "title": "Title 2"},
{"url": "/images/lockups/movie_3.lcr", "type": "object", "ID": 3, "title": "Title 3"},
{"url": "/images/lockups/movie_4.lcr", "type": "object", "ID": 4, "title": "Title 4"},
{"url": "/images/lockups/movie_5.lcr", "type": "object", "ID": 5, "title": "Title 5"},
{"url": "/images/lockups/movie_6.lcr", "type": "object", "ID": 6, "title": "Title 6"},
{"url": "/images/lockups/movie_7.lcr", "type": "object", "ID": 7, "title": "Title 7"},
{"url": "/images/lockups/movie_1.lcr", "type": "object", "ID": 8, "title": "Title 8"},
{"url": "/images/lockups/movie_2.lcr", "type": "object", "ID": 9, "title": "Title 9"},
{"url": "/images/lockups/movie_3.lcr", "type": "object", "ID": 10, "title": "Title 10"},
{"url": "/images/lockups/movie_4.lcr", "type": "object", "ID": 11, "title": "Title 11"},
{"url": "/images/lockups/movie_5.lcr", "type": "object", "ID": 12, "title": "Title 12"},
{"url": "/images/lockups/movie_6.lcr", "type": "object", "ID": 13, "title": "Title 13"},
{"url": "/images/lockups/movie_7.lcr", "type": "object", "ID": 14, "title": "Title 14"},
{"url": "/images/lockups/movie_1.lcr", "type": "object", "ID": 15, "title": "Title 15"},
{"url": "/images/lockups/movie_2.lcr", "type": "object", "ID": 16, "title": "Title 16"},
{"url": "/images/lockups/movie_3.lcr", "type": "object", "ID": 17, "title": "Title 17"},
{"url": "/images/lockups/movie_4.lcr", "type": "object", "ID": 18, "title": "Title 18"},
{"url": "/images/lockups/movie_5.lcr", "type": "object", "ID": 19, "title": "Title 19"},
{"url": "/images/lockups/movie_6.lcr", "type": "object", "ID": 20, "title": "Title 20"},
{"url": "/images/lockups/movie_7.lcr", "type": "object", "ID": 21, "title": "Title 21"},
{"url": "/images/lockups/movie_1.lcr", "type": "object", "ID": 22, "title": "Title 22"},
{"url": "/images/lockups/movie_2.lcr", "type": "object", "ID": 23, "title": "Title 23"},
{"url": "/images/lockups/movie_3.lcr", "type": "object", "ID": 24, "title": "Title 24"},
{"url": "/images/lockups/movie_4.lcr", "type": "object", "ID": 25, "title": "Title 25"},
{"url": "/images/lockups/movie_5.lcr", "type": "object", "ID": 26, "title": "Title 26"},
{"url": "/images/lockups/movie_6.lcr", "type": "object", "ID": 27, "title": "Title 27"},
{"url": "/images/lockups/movie_7.lcr", "type": "object", "ID": 28, "title": "Title 28"},
{"url": "/images/lockups/movie_1.lcr", "type": "object", "ID": 29, "title": "Title 29"},
{"url": "/images/lockups/movie_2.lcr", "type": "object", "ID": 30, "title": "Title 30"},
{"url": "/images/lockups/movie_3.lcr", "type": "object", "ID": 31, "title": "Title 31"},
{"url": "/images/lockups/movie_4.lcr", "type": "object", "ID": 32, "title": "Title 32"},
{"url": "/images/lockups/movie_5.lcr", "type": "object", "ID": 33, "title": "Title 33"},
{"url": "/images/lockups/movie_6.lcr", "type": "object", "ID": 34, "title": "Title 34"},
{"url": "/images/lockups/movie_7.lcr", "type": "object", "ID": 35, "title": "Title 35"},
{"url": "/images/lockups/movie_1.lcr", "type": "object", "ID": 36, "title": "Title 36"},
{"url": "/images/lockups/movie_2.lcr", "type": "object", "ID": 37, "title": "Title 37"},
{"url": "/images/lockups/movie_3.lcr", "type": "object", "ID": 38, "title": "Title 38"},
{"url": "/images/lockups/movie_4.lcr", "type": "object", "ID": 39, "title": "Title 39"},
{"url": "/images/lockups/movie_5.lcr", "type": "object", "ID": 40, "title": "Title 40"},
{"url": "/images/lockups/movie_6.lcr", "type": "object", "ID": 41, "title": "Title 41"},
{"url": "/images/lockups/movie_7.lcr", "type": "object", "ID": 42, "title": "Title 42"},
{"url": "/images/lockups/movie_1.lcr", "type": "object", "ID": 43, "title": "Title 43"},
{"url": "/images/lockups/movie_2.lcr", "type": "object", "ID": 44, "title": "Title 44"},
{"url": "/images/lockups/movie_3.lcr", "type": "object", "ID": 45, "title": "Title 45"},
{"url": "/images/lockups/movie_4.lcr", "type": "object", "ID": 46, "title": "Title 46"},
{"url": "/images/lockups/movie_5.lcr", "type": "object", "ID": 47, "title": "Title 47"},
{"url": "/images/lockups/movie_6.lcr", "type": "object", "ID": 48, "title": "Title 48"},
{"url": "/images/lockups/movie_7.lcr", "type": "object", "ID": 49, "title": "Title 49"},
{"url": "/images/lockups/movie_1.lcr", "type": "object", "ID": 50, "title": "Title 50"}]}
