{ "items": [
{"url": "/images/lockups/movie_1.lcr", "type": "object", "ID": 101, "title": "Title 101"},
{"url": "/images/lockups/movie_2.lcr", "type": "object", "ID": 102, "title": "Title 102"},
{"url": "/images/lockups/movie_3.lcr", "type": "object", "ID": 103, "title": "Title 103"},
{"url": "/images/lockups/movie_4.lcr", "type": "object", "ID": 104, "title": "Title 104"},
{"url": "/images/lockups/movie_5.lcr", "type": "object", "ID": 105, "title": "Title 105"},
{"url": "/images/lockups/movie_6.lcr", "type": "object", "ID": 106, "title": "Title 106"},
{"url": "/images/lockups/movie_7.lcr", "type": "object", "ID": 107, "title": "Title 107"},
{"url": "/images/lockups/movie_1.lcr", "type": "object", "ID": 108, "title": "Title 108"},
{"url": "/images/lockups/movie_2.lcr", "type": "object", "ID": 109, "title": "Title 109"},
{"url": "/images/lockups/movie_3.lcr", "type": "object", "ID": 110, "title": "Title 110"},
{"url": "/images/lockups/movie_4.lcr", "type": "object", "ID": 111, "title": "Title 111"},
{"url": "/images/lockups/movie_5.lcr", "type": "object", "ID": 112, "title": "Title 112"},
{"url": "/images/lockups/movie_6.lcr", "type": "object", "ID": 113, "title": "Title 113"},
{"url": "/images/lockups/movie_7.lcr", "type": "object", "ID": 114, "title": "Title 114"},
{"url": "/images/lockups/movie_1.lcr", "type": "object", "ID": 115, "title": "Title 115"},
{"url": "/images/lockups/movie_2.lcr", "type": "object", "ID": 116, "title": "Title 116"},
{"url": "/images/lockups/movie_3.lcr", "type": "object", "ID": 117, "title": "Title 117"},
{"url": "/images/lockups/movie_4.lcr", "type": "object", "ID": 118, "title": "Title 118"},
{"url": "/images/lockups/movie_5.lcr", "type": "object", "ID": 119, "title": "Title 119"},
{"url": "/images/lockups/movie_6.lcr", "type": "object", "ID": 120, "title": "Title 120"},
{"url": "/images/lockups/movie_7.lcr", "type": "object", "ID": 121, "title": "Title 121"},
{"url": "/images/lockups/movie_1.lcr", "type": "object", "ID": 122, "title": "Title 122"},
{"url": "/images/lockups/movie_2.lcr", "type": "object", "ID": 123, "title": "Title 123"},
{"url": "/images/lockups/movie_3.lcr", "type": "object", "ID": 124, "title": "Title 124"},
{"url": "/images/lockups/movie_4.lcr", "type": "object", "ID": 125, "title": "Title 125"},
{"url": "/images/lockups/movie_5.lcr", "type": "object", "ID": 126, "title": "Title 126"},
{"url": "/images/lockups/movie_6.lcr", "type": "object", "ID": 127, "title": "Title 127"},
{"url": "/images/lockups/movie_7.lcr", "type": "object", "ID": 128, "title": "Title 128"},
{"url": "/images/lockups/movie_1.lcr", "type": "object", "ID": 129, "title": "Title 129"},
{"url": "/images/lockups/movie_2.lcr", "type": "object", "ID": 130, "title": "Title 130"},
{"url": "/images/lockups/movie_3.lcr", "type": "object", "ID": 131, "title": "Title 131"},
{"url": "/images/lockups/movie_4.lcr", "type": "object", "ID": 132, "title": "Title 132"},
{"url": "/images/lockups/movie_5.lcr", "type": "object", "ID": 133, "title": "Title 133"},
{"url": "/images/lockups/movie_6.lcr", "type": "object", "ID": 134, "title": "Title 134"},
{"url": "/images/lockups/movie_7.lcr", "type": "object", "ID": 135, "title": "Title 135"},
{"url": "/images/lockups/movie_1.lcr", "type": "object", "ID": 136, "title": "Title 136"},
{"url": "/images/lockups/movie_2.lcr", "type": "object", "ID": 137, "title": "Title 137"},
{"url": "/images/lockups/movie_3.lcr", "type": "object", "ID": 138, "title": "Title 138"},
{"url": "/images/lockups/movie_4.lcr", "type": "object", "ID": 139, "title": "Title 139"},
{"url": "/images/lockups/movie_5.lcr", "type": "object", "ID": 140, "title": "Title 140"},
{"url": "/images/lockups/movie_6.lcr", "type": "object", "ID": 141, "title": "Title 141"},
{"url": "/images/lockups/movie_7.lcr", "type": "object", "ID": 142, "title": "Title 142"},
{"url": "/images/lockups/movie_1.lcr", "type": "object", "ID": 143, "title": "Title 143"},
{"url": "/images/lockups/movie_2.lcr", "type": "object", "ID": 144, "title": "Title 144"},
{"url": "/images/lockups/movie_3.lcr", "type": "object", "ID": 145, "title": "Title 145"},
{"url": "/images/lockups/movie_4.lcr", "type": "object", "ID": 146, "title": "Title 146"},
{"url": "/images/lockups/movie_5.lcr", "type": "object", "ID": 147, "title": "Title 147"},
{"url": "/images/lockups/movie_6.lcr", "type": "object", "ID": 148, "title": "Title 148"},
{"url": "/images/lockups/movie_7.lcr", "type": "object", "ID": 149, "title": "Title 149"},
{"url": "/images/lockups/movie_1.lcr", "type": "object", "ID": 150, "title": "Title 150"}]}
