{ "items": [
{"url": "/images/lockups/movie_1.lcr", "type": "object", "ID": 51, "title": "Title 51"},
{"url": "/images/lockups/movie_2.lcr", "type": "object", "ID": 52, "title": "Title 52"},
{"url": "/images/lockups/movie_3.lcr", "type": "object", "ID": 53, "title": "Title 53"},
{"url": "/images/lockups/movie_4.lcr", "type": "object", "ID": 54, "title": "Title 54"},
{"url": "/images/lockups/movie_5.lcr", "type": "object", "ID": 55, "title": "Title 55"},
{"url": "/images/lockups/movie_6.lcr", "type": "object", "ID": 56, "title": "Title 56"},
{"url": "/images/lockups/movie_7.lcr", "type": "object", "ID": 57, "title": "Title 57"},
{"url": "/images/lockups/movie_1.lcr", "type": "object", "ID": 58, "title": "Title 58"},
{"url": "/images/lockups/movie_2.lcr", "type": "object", "ID": 59, "title": "Title 59"},
{"url": "/images/lockups/movie_3.lcr", "type": "object", "ID": 60, "title": "Title 60"},
{"url": "/images/lockups/movie_4.lcr", "type": "object", "ID": 61, "title": "Title 61"},
{"url": "/images/lockups/movie_5.lcr", "type": "object", "ID": 62, "title": "Title 62"},
{"url": "/images/lockups/movie_6.lcr", "type": "object", "ID": 63, "title": "Title 63"},
{"url": "/images/lockups/movie_7.lcr", "type": "object", "ID": 64, "title": "Title 64"},
{"url": "/images/lockups/movie_1.lcr", "type": "object", "ID": 65, "title": "Title 65"},
{"url": "/images/lockups/movie_2.lcr", "type": "object", "ID": 66, "title": "Title 66"},
{"url": "/images/lockups/movie_3.lcr", "type": "object", "ID": 67, "title": "Title 67"},
{"url": "/images/lockups/movie_4.lcr", "type": "object", "ID": 68, "title": "Title 68"},
{"url": "/images/lockups/movie_5.lcr", "type": "object", "ID": 69, "title": "Title 69"},
{"url": "/images/lockups/movie_6.lcr", "type": "object", "ID": 70, "title": "Title 70"},
{"url": "/images/lockups/movie_7.lcr", "type": "object", "ID": 71, "title": "Title 71"},
{"url": "/images/lockups/movie_1.lcr", "type": "object", "ID": 72, "title": "Title 72"},
{"url": "/images/lockups/movie_2.lcr", "type": "object", "ID": 73, "title": "Title 73"},
{"url": "/images/lockups/movie_3.lcr", "type": "object", "ID": 74, "title": "Title 74"},
{"url": "/images/lockups/movie_4.lcr", "type": "object", "ID": 75, "title": "Title 75"},
{"url": "/images/lockups/movie_5.lcr", "type": "object", "ID": 76, "title": "Title 76"},
{"url": "/images/lockups/movie_6.lcr", "type": "object", "ID": 77, "title": "Title 77"},
{"url": "/images/lockups/movie_7.lcr", "type": "object", "ID": 78, "title": "Title 78"},
{"url": "/images/lockups/movie_1.lcr", "type": "object", "ID": 79, "title": "Title 79"},
{"url": "/images/lockups/movie_2.lcr", "type": "object", "ID": 80, "title": "Title 80"},
{"url": "/images/lockups/movie_3.lcr", "type": "object", "ID": 81, "title": "Title 81"},
{"url": "/images/lockups/movie_4.lcr", "type": "object", "ID": 82, "title": "Title 82"},
{"url": "/images/lockups/movie_5.lcr", "type": "object", "ID": 83, "title": "Title 83"},
{"url": "/images/lockups/movie_6.lcr", "type": "object", "ID": 84, "title": "Title 84"},
{"url": "/images/lockups/movie_7.lcr", "type": "object", "ID": 85, "title": "Title 85"},
{"url": "/images/lockups/movie_1.lcr", "type": "object", "ID": 86, "title": "Title 86"},
{"url": "/images/lockups/movie_2.lcr", "type": "object", "ID": 87, "title": "Title 87"},
{"url": "/images/lockups/movie_3.lcr", "type": "object", "ID": 88, "title": "Title 88"},
{"url": "/images/lockups/movie_4.lcr", "type": "object", "ID": 89, "title": "Title 89"},
{"url": "/images/lockups/movie_5.lcr", "type": "object", "ID": 90, "title": "Title 90"},
{"url": "/images/lockups/movie_6.lcr", "type": "object", "ID": 91, "title": "Title 91"},
{"url": "/images/lockups/movie_7.lcr", "type": "object", "ID": 92, "title": "Title 92"},
{"url": "/images/lockups/movie_1.lcr", "type": "object", "ID": 93, "title": "Title 93"},
{"url": "/images/lockups/movie_2.lcr", "type": "object", "ID": 94, "title": "Title 94"},
{"url": "/images/lockups/movie_3.lcr", "type": "object", "ID": 95, "title": "Title 95"},
{"url": "/images/lockups/movie_4.lcr", "type": "object", "ID": 96, "title": "Title 96"},
{"url": "/images/lockups/movie_5.lcr", "type": "object", "ID": 97, "title": "Title 97"},
{"url": "/images/lockups/movie_6.lcr", "type": "object", "ID": 98, "title": "Title 98"},
{"url": "/images/lockups/movie_7.lcr", "type": "object", "ID": 99, "title": "Title 99"},
{"url": "/images/lockups/movie_1.lcr", "type": "object", "ID": 100, "title": "Title 100"}]}
