{ "items": [
{"url": "/images/lockups/movie_1.lcr", "type": "object", "ID": 251, "title": "Title 251"},
{"url": "/images/lockups/movie_2.lcr", "type": "object", "ID": 252, "title": "Title 252"},
{"url": "/images/lockups/movie_3.lcr", "type": "object", "ID": 253, "title": "Title 253"},
{"url": "/images/lockups/movie_4.lcr", "type": "object", "ID": 254, "title": "Title 254"},
{"url": "/images/lockups/movie_5.lcr", "type": "object", "ID": 255, "title": "Title 255"},
{"url": "/images/lockups/movie_6.lcr", "type": "object", "ID": 256, "title": "Title 256"},
{"url": "/images/lockups/movie_7.lcr", "type": "object", "ID": 257, "title": "Title 257"},
{"url": "/images/lockups/movie_1.lcr", "type": "object", "ID": 258, "title": "Title 258"},
{"url": "/images/lockups/movie_2.lcr", "type": "object", "ID": 259, "title": "Title 259"},
{"url": "/images/lockups/movie_3.lcr", "type": "object", "ID": 260, "title": "Title 260"},
{"url": "/images/lockups/movie_4.lcr", "type": "object", "ID": 261, "title": "Title 261"},
{"url": "/images/lockups/movie_5.lcr", "type": "object", "ID": 262, "title": "Title 262"},
{"url": "/images/lockups/movie_6.lcr", "type": "object", "ID": 263, "title": "Title 263"},
{"url": "/images/lockups/movie_7.lcr", "type": "object", "ID": 264, "title": "Title 264"},
{"url": "/images/lockups/movie_1.lcr", "type": "object", "ID": 265, "title": "Title 265"},
{"url": "/images/lockups/movie_2.lcr", "type": "object", "ID": 266, "title": "Title 266"},
{"url": "/images/lockups/movie_3.lcr", "type": "object", "ID": 267, "title": "Title 267"},
{"url": "/images/lockups/movie_4.lcr", "type": "object", "ID": 268, "title": "Title 268"},
{"url": "/images/lockups/movie_5.lcr", "type": "object", "ID": 269, "title": "Title 269"},
{"url": "/images/lockups/movie_6.lcr", "type": "object", "ID": 270, "title": "Title 270"},
{"url": "/images/lockups/movie_7.lcr", "type": "object", "ID": 271, "title": "Title 271"},
{"url": "/images/lockups/movie_1.lcr", "type": "object", "ID": 272, "title": "Title 272"},
{"url": "/images/lockups/movie_2.lcr", "type": "object", "ID": 273, "title": "Title 273"},
{"url": "/images/lockups/movie_3.lcr", "type": "object", "ID": 274, "title": "Title 274"},
{"url": "/images/lockups/movie_4.lcr", "type": "object", "ID": 275, "title": "Title 275"},
{"url": "/images/lockups/movie_5.lcr", "type": "object", "ID": 276, "title": "Title 276"},
{"url": "/images/lockups/movie_6.lcr", "type": "object", "ID": 277, "title": "Title 277"},
{"url": "/images/lockups/movie_7.lcr", "type": "object", "ID": 278, "title": "Title 278"},
{"url": "/images/lockups/movie_1.lcr", "type": "object", "ID": 279, "title": "Title 279"},
{"url": "/images/lockups/movie_2.lcr", "type": "object", "ID": 280, "title": "Title 280"},
{"url": "/images/lockups/movie_3.lcr", "type": "object", "ID": 281, "title": "Title 281"},
{"url": "/images/lockups/movie_4.lcr", "type": "object", "ID": 282, "title": "Title 282"},
{"url": "/images/lockups/movie_5.lcr", "type": "object", "ID": 283, "title": "Title 283"},
{"url": "/images/lockups/movie_6.lcr", "type": "object", "ID": 284, "title": "Title 284"},
{"url": "/images/lockups/movie_7.lcr", "type": "object", "ID": 285, "title": "Title 285"},
{"url": "/images/lockups/movie_1.lcr", "type": "object", "ID": 286, "title": "Title 286"},
{"url": "/images/lockups/movie_2.lcr", "type": "object", "ID": 287, "title": "Title 287"},
{"url": "/images/lockups/movie_3.lcr", "type": "object", "ID": 288, "title": "Title 288"},
{"url": "/images/lockups/movie_4.lcr", "type": "object", "ID": 289, "title": "Title 289"},
{"url": "/images/lockups/movie_5.lcr", "type": "object", "ID": 290, "title": "Title 290"},
{"url": "/images/lockups/movie_6.lcr", "type": "object", "ID": 291, "title": "Title 291"},
{"url": "/images/lockups/movie_7.lcr", "type": "object", "ID": 292, "title": "Title 292"},
{"url": "/images/lockups/movie_1.lcr", "type": "object", "ID": 293, "title": "Title 293"},
{"url": "/images/lockups/movie_2.lcr", "type": "object", "ID": 294, "title": "Title 294"},
{"url": "/images/lockups/movie_3.lcr", "type": "object", "ID": 295, "title": "Title 295"},
{"url": "/images/lockups/movie_4.lcr", "type": "object", "ID": 296, "title": "Title 296"},
{"url": "/images/lockups/movie_5.lcr", "type": "object", "ID": 297, "title": "Title 297"},
{"url": "/images/lockups/movie_6.lcr", "type": "object", "ID": 298, "title": "Title 298"},
{"url": "/images/lockups/movie_7.lcr", "type": "object", "ID": 299, "title": "Title 299"},
{"url": "/images/lockups/movie_1.lcr", "type": "object", "ID": 300, "title": "Title 300"}]}
