{ "items": [
{"url": "/images/lockups/movie_1.lcr", "type": "object", "ID": 451, "title": "Title 451"},
{"url": "/images/lockups/movie_2.lcr", "type": "object", "ID": 452, "title": "Title 452"},
{"url": "/images/lockups/movie_3.lcr", "type": "object", "ID": 453, "title": "Title 453"},
{"url": "/images/lockups/movie_4.lcr", "type": "object", "ID": 454, "title": "Title 454"},
{"url": "/images/lockups/movie_5.lcr", "type": "object", "ID": 455, "title": "Title 455"},
{"url": "/images/lockups/movie_6.lcr", "type": "object", "ID": 456, "title": "Title 456"},
{"url": "/images/lockups/movie_7.lcr", "type": "object", "ID": 457, "title": "Title 457"},
{"url": "/images/lockups/movie_1.lcr", "type": "object", "ID": 458, "title": "Title 458"},
{"url": "/images/lockups/movie_2.lcr", "type": "object", "ID": 459, "title": "Title 459"},
{"url": "/images/lockups/movie_3.lcr", "type": "object", "ID": 460, "title": "Title 460"},
{"url": "/images/lockups/movie_4.lcr", "type": "object", "ID": 461, "title": "Title 461"},
{"url": "/images/lockups/movie_5.lcr", "type": "object", "ID": 462, "title": "Title 462"},
{"url": "/images/lockups/movie_6.lcr", "type": "object", "ID": 463, "title": "Title 463"},
{"url": "/images/lockups/movie_7.lcr", "type": "object", "ID": 464, "title": "Title 464"},
{"url": "/images/lockups/movie_1.lcr", "type": "object", "ID": 465, "title": "Title 465"},
{"url": "/images/lockups/movie_2.lcr", "type": "object", "ID": 466, "title": "Title 466"},
{"url": "/images/lockups/movie_3.lcr", "type": "object", "ID": 467, "title": "Title 467"},
{"url": "/images/lockups/movie_4.lcr", "type": "object", "ID": 468, "title": "Title 468"},
{"url": "/images/lockups/movie_5.lcr", "type": "object", "ID": 469, "title": "Title 469"},
{"url": "/images/lockups/movie_6.lcr", "type": "object", "ID": 470, "title": "Title 470"},
{"url": "/images/lockups/movie_7.lcr", "type": "object", "ID": 471, "title": "Title 471"},
{"url": "/images/lockups/movie_1.lcr", "type": "object", "ID": 472, "title": "Title 472"},
{"url": "/images/lockups/movie_2.lcr", "type": "object", "ID": 473, "title": "Title 473"},
{"url": "/images/lockups/movie_3.lcr", "type": "object", "ID": 474, "title": "Title 474"},
{"url": "/images/lockups/movie_4.lcr", "type": "object", "ID": 475, "title": "Title 475"},
{"url": "/images/lockups/movie_5.lcr", "type": "object", "ID": 476, "title": "Title 476"},
{"url": "/images/lockups/movie_6.lcr", "type": "object", "ID": 477, "title": "Title 477"},
{"url": "/images/lockups/movie_7.lcr", "type": "object", "ID": 478, "title": "Title 478"},
{"url": "/images/lockups/movie_1.lcr", "type": "object", "ID": 479, "title": "Title 479"},
{"url": "/images/lockups/movie_2.lcr", "type": "object", "ID": 480, "title": "Title 480"},
{"url": "/images/lockups/movie_3.lcr", "type": "object", "ID": 481, "title": "Title 481"},
{"url": "/images/lockups/movie_4.lcr", "type": "object", "ID": 482, "title": "Title 482"},
{"url": "/images/lockups/movie_5.lcr", "type": "object", "ID": 483, "title": "Title 483"},
{"url": "/images/lockups/movie_6.lcr", "type": "object", "ID": 484, "title": "Title 484"},
{"url": "/images/lockups/movie_7.lcr", "type": "object", "ID": 485, "title": "Title 485"},
{"url": "/images/lockups/movie_1.lcr", "type": "object", "ID": 486, "title": "Title 486"},
{"url": "/images/lockups/movie_2.lcr", "type": "object", "ID": 487, "title": "Title 487"},
{"url": "/images/lockups/movie_3.lcr", "type": "object", "ID": 488, "title": "Title 488"},
{"url": "/images/lockups/movie_4.lcr", "type": "object", "ID": 489, "title": "Title 489"},
{"url": "/images/lockups/movie_5.lcr", "type": "object", "ID": 490, "title": "Title 490"},
{"url": "/images/lockups/movie_6.lcr", "type": "object", "ID": 491, "title": "Title 491"},
{"url": "/images/lockups/movie_7.lcr", "type": "object", "ID": 492, "title": "Title 492"},
{"url": "/images/lockups/movie_1.lcr", "type": "object", "ID": 493, "title": "Title 493"},
{"url": "/images/lockups/movie_2.lcr", "type": "object", "ID": 494, "title": "Title 494"},
{"url": "/images/lockups/movie_3.lcr", "type": "object", "ID": 495, "title": "Title 495"},
{"url": "/images/lockups/movie_4.lcr", "type": "object", "ID": 496, "title": "Title 496"},
{"url": "/images/lockups/movie_5.lcr", "type": "object", "ID": 497, "title": "Title 497"},
{"url": "/images/lockups/movie_6.lcr", "type": "object", "ID": 498, "title": "Title 498"},
{"url": "/images/lockups/movie_7.lcr", "type": "object", "ID": 499, "title": "Title 499"},
{"url": "/images/lockups/movie_1.lcr", "type": "object", "ID": 500, "title": "Title 500"}]}
