{ "items": [
{"url": "/images/lockups/movie_1.lcr", "type": "object", "ID": 151, "title": "Title 151"},
{"url": "/images/lockups/movie_2.lcr", "type": "object", "ID": 152, "title": "Title 152"},
{"url": "/images/lockups/movie_3.lcr", "type": "object", "ID": 153, "title": "Title 153"},
{"url": "/images/lockups/movie_4.lcr", "type": "object", "ID": 154, "title": "Title 154"},
{"url": "/images/lockups/movie_5.lcr", "type": "object", "ID": 155, "title": "Title 155"},
{"url": "/images/lockups/movie_6.lcr", "type": "object", "ID": 156, "title": "Title 156"},
{"url": "/images/lockups/movie_7.lcr", "type": "object", "ID": 157, "title": "Title 157"},
{"url": "/images/lockups/movie_1.lcr", "type": "object", "ID": 158, "title": "Title 158"},
{"url": "/images/lockups/movie_2.lcr", "type": "object", "ID": 159, "title": "Title 159"},
{"url": "/images/lockups/movie_3.lcr", "type": "object", "ID": 160, "title": "Title 160"},
{"url": "/images/lockups/movie_4.lcr", "type": "object", "ID": 161, "title": "Title 161"},
{"url": "/images/lockups/movie_5.lcr", "type": "object", "ID": 162, "title": "Title 162"},
{"url": "/images/lockups/movie_6.lcr", "type": "object", "ID": 163, "title": "Title 163"},
{"url": "/images/lockups/movie_7.lcr", "type": "object", "ID": 164, "title": "Title 164"},
{"url": "/images/lockups/movie_1.lcr", "type": "object", "ID": 165, "title": "Title 165"},
{"url": "/images/lockups/movie_2.lcr", "type": "object", "ID": 166, "title": "Title 166"},
{"url": "/images/lockups/movie_3.lcr", "type": "object", "ID": 167, "title": "Title 167"},
{"url": "/images/lockups/movie_4.lcr", "type": "object", "ID": 168, "title": "Title 168"},
{"url": "/images/lockups/movie_5.lcr", "type": "object", "ID": 169, "title": "Title 169"},
{"url": "/images/lockups/movie_6.lcr", "type": "object", "ID": 170, "title": "Title 170"},
{"url": "/images/lockups/movie_7.lcr", "type": "object", "ID": 171, "title": "Title 171"},
{"url": "/images/lockups/movie_1.lcr", "type": "object", "ID": 172, "title": "Title 172"},
{"url": "/images/lockups/movie_2.lcr", "type": "object", "ID": 173, "title": "Title 173"},
{"url": "/images/lockups/movie_3.lcr", "type": "object", "ID": 174, "title": "Title 174"},
{"url": "/images/lockups/movie_4.lcr", "type": "object", "ID": 175, "title": "Title 175"},
{"url": "/images/lockups/movie_5.lcr", "type": "object", "ID": 176, "title": "Title 176"},
{"url": "/images/lockups/movie_6.lcr", "type": "object", "ID": 177, "title": "Title 177"},
{"url": "/images/lockups/movie_7.lcr", "type": "object", "ID": 178, "title": "Title 178"},
{"url": "/images/lockups/movie_1.lcr", "type": "object", "ID": 179, "title": "Title 179"},
{"url": "/images/lockups/movie_2.lcr", "type": "object", "ID": 180, "title": "Title 180"},
{"url": "/images/lockups/movie_3.lcr", "type": "object", "ID": 181, "title": "Title 181"},
{"url": "/images/lockups/movie_4.lcr", "type": "object", "ID": 182, "title": "Title 182"},
{"url": "/images/lockups/movie_5.lcr", "type": "object", "ID": 183, "title": "Title 183"},
{"url": "/images/lockups/movie_6.lcr", "type": "object", "ID": 184, "title": "Title 184"},
{"url": "/images/lockups/movie_7.lcr", "type": "object", "ID": 185, "title": "Title 185"},
{"url": "/images/lockups/movie_1.lcr", "type": "object", "ID": 186, "title": "Title 186"},
{"url": "/images/lockups/movie_2.lcr", "type": "object", "ID": 187, "title": "Title 187"},
{"url": "/images/lockups/movie_3.lcr", "type": "object", "ID": 188, "title": "Title 188"},
{"url": "/images/lockups/movie_4.lcr", "type": "object", "ID": 189, "title": "Title 189"},
{"url": "/images/lockups/movie_5.lcr", "type": "object", "ID": 190, "title": "Title 190"},
{"url": "/images/lockups/movie_6.lcr", "type": "object", "ID": 191, "title": "Title 191"},
{"url": "/images/lockups/movie_7.lcr", "type": "object", "ID": 192, "title": "Title 192"},
{"url": "/images/lockups/movie_1.lcr", "type": "object", "ID": 193, "title": "Title 193"},
{"url": "/images/lockups/movie_2.lcr", "type": "object", "ID": 194, "title": "Title 194"},
{"url": "/images/lockups/movie_3.lcr", "type": "object", "ID": 195, "title": "Title 195"},
{"url": "/images/lockups/movie_4.lcr", "type": "object", "ID": 196, "title": "Title 196"},
{"url": "/images/lockups/movie_5.lcr", "type": "object", "ID": 197, "title": "Title 197"},
{"url": "/images/lockups/movie_6.lcr", "type": "object", "ID": 198, "title": "Title 198"},
{"url": "/images/lockups/movie_7.lcr", "type": "object", "ID": 199, "title": "Title 199"},
{"url": "/images/lockups/movie_1.lcr", "type": "object", "ID": 200, "title": "Title 200"}]}
