{ "items": [
{"url": "/images/lockups/movie_1.lcr", "type": "object", "ID": 351, "title": "Title 351"},
{"url": "/images/lockups/movie_2.lcr", "type": "object", "ID": 352, "title": "Title 352"},
{"url": "/images/lockups/movie_3.lcr", "type": "object", "ID": 353, "title": "Title 353"},
{"url": "/images/lockups/movie_4.lcr", "type": "object", "ID": 354, "title": "Title 354"},
{"url": "/images/lockups/movie_5.lcr", "type": "object", "ID": 355, "title": "Title 355"},
{"url": "/images/lockups/movie_6.lcr", "type": "object", "ID": 356, "title": "Title 356"},
{"url": "/images/lockups/movie_7.lcr", "type": "object", "ID": 357, "title": "Title 357"},
{"url": "/images/lockups/movie_1.lcr", "type": "object", "ID": 358, "title": "Title 358"},
{"url": "/images/lockups/movie_2.lcr", "type": "object", "ID": 359, "title": "Title 359"},
{"url": "/images/lockups/movie_3.lcr", "type": "object", "ID": 360, "title": "Title 360"},
{"url": "/images/lockups/movie_4.lcr", "type": "object", "ID": 361, "title": "Title 361"},
{"url": "/images/lockups/movie_5.lcr", "type": "object", "ID": 362, "title": "Title 362"},
{"url": "/images/lockups/movie_6.lcr", "type": "object", "ID": 363, "title": "Title 363"},
{"url": "/images/lockups/movie_7.lcr", "type": "object", "ID": 364, "title": "Title 364"},
{"url": "/images/lockups/movie_1.lcr", "type": "object", "ID": 365, "title": "Title 365"},
{"url": "/images/lockups/movie_2.lcr", "type": "object", "ID": 366, "title": "Title 366"},
{"url": "/images/lockups/movie_3.lcr", "type": "object", "ID": 367, "title": "Title 367"},
{"url": "/images/lockups/movie_4.lcr", "type": "object", "ID": 368, "title": "Title 368"},
{"url": "/images/lockups/movie_5.lcr", "type": "object", "ID": 369, "title": "Title 369"},
{"url": "/images/lockups/movie_6.lcr", "type": "object", "ID": 370, "title": "Title 370"},
{"url": "/images/lockups/movie_7.lcr", "type": "object", "ID": 371, "title": "Title 371"},
{"url": "/images/lockups/movie_1.lcr", "type": "object", "ID": 372, "title": "Title 372"},
{"url": "/images/lockups/movie_2.lcr", "type": "object", "ID": 373, "title": "Title 373"},
{"url": "/images/lockups/movie_3.lcr", "type": "object", "ID": 374, "title": "Title 374"},
{"url": "/images/lockups/movie_4.lcr", "type": "object", "ID": 375, "title": "Title 375"},
{"url": "/images/lockups/movie_5.lcr", "type": "object", "ID": 376, "title": "Title 376"},
{"url": "/images/lockups/movie_6.lcr", "type": "object", "ID": 377, "title": "Title 377"},
{"url": "/images/lockups/movie_7.lcr", "type": "object", "ID": 378, "title": "Title 378"},
{"url": "/images/lockups/movie_1.lcr", "type": "object", "ID": 379, "title": "Title 379"},
{"url": "/images/lockups/movie_2.lcr", "type": "object", "ID": 380, "title": "Title 380"},
{"url": "/images/lockups/movie_3.lcr", "type": "object", "ID": 381, "title": "Title 381"},
{"url": "/images/lockups/movie_4.lcr", "type": "object", "ID": 382, "title": "Title 382"},
{"url": "/images/lockups/movie_5.lcr", "type": "object", "ID": 383, "title": "Title 383"},
{"url": "/images/lockups/movie_6.lcr", "type": "object", "ID": 384, "title": "Title 384"},
{"url": "/images/lockups/movie_7.lcr", "type": "object", "ID": 385, "title": "Title 385"},
{"url": "/images/lockups/movie_1.lcr", "type": "object", "ID": 386, "title": "Title 386"},
{"url": "/images/lockups/movie_2.lcr", "type": "object", "ID": 387, "title": "Title 387"},
{"url": "/images/lockups/movie_3.lcr", "type": "object", "ID": 388, "title": "Title 388"},
{"url": "/images/lockups/movie_4.lcr", "type": "object", "ID": 389, "title": "Title 389"},
{"url": "/images/lockups/movie_5.lcr", "type": "object", "ID": 390, "title": "Title 390"},
{"url": "/images/lockups/movie_6.lcr", "type": "object", "ID": 391, "title": "Title 391"},
{"url": "/images/lockups/movie_7.lcr", "type": "object", "ID": 392, "title": "Title 392"},
{"url": "/images/lockups/movie_1.lcr", "type": "object", "ID": 393, "title": "Title 393"},
{"url": "/images/lockups/movie_2.lcr", "type": "object", "ID": 394, "title": "Title 394"},
{"url": "/images/lockups/movie_3.lcr", "type": "object", "ID": 395, "title": "Title 395"},
{"url": "/images/lockups/movie_4.lcr", "type": "object", "ID": 396, "title": "Title 396"},
{"url": "/images/lockups/movie_5.lcr", "type": "object", "ID": 397, "title": "Title 397"},
{"url": "/images/lockups/movie_6.lcr", "type": "object", "ID": 398, "title": "Title 398"},
{"url": "/images/lockups/movie_7.lcr", "type": "object", "ID": 399, "title": "Title 399"},
{"url": "/images/lockups/movie_1.lcr", "type": "object", "ID": 400, "title": "Title 400"}]}
