<?xml version="1.0" encoding="UTF-8" ?>
<!--
 Copyright (C) 2016 Apple Inc. All Rights Reserved.
 See LICENSE.txt for this sample’s licensing information
 -->
<document>
	<head>
		<style>
			.centeredFeature {
				padding: 50 0 50;
			}
			.fiveColumnShelf {
				tv-interitem-spacing: 50;
			}
			.fiveColumnImage {
				width: 308;
				height: 308;
			}
		</style>
	</head>
	<stackTemplate>
		<collectionList>
			<featuredShelf class="centeredFeature" onhighlight="featuredShelfOnHighlight(event);">
				<background>
					<!-- Custom shelf background element containing an image. -->
					<img />
				</background>
				<shelf class="fiveColumnShelf">
					<header>
						<title>Custom Controller with TVML Shelf</title>
					</header>
					<section>
						<lockup bgImg="grad1">
							<img class="fiveColumnImage" src="/images/square_1.jpg"/>
						</lockup>
						<lockup bgImg="grad2">
							<img class="fiveColumnImage" src="/images/square_2.jpg"/>
						</lockup>
						<lockup bgImg="grad3">
							<img class="fiveColumnImage" src="/images/square_3.jpg"/>
						</lockup>
						<lockup bgImg="grad4">
							<img class="fiveColumnImage" src="/images/square_4.jpg"/>
						</lockup>
						<lockup bgImg="grad5">
							<img class="fiveColumnImage" src="/images/square_5.jpg"/>
						</lockup>
					</section>
				</shelf>
			</featuredShelf>
			
			<shelf class="fiveColumnShelf">
				<header>
					<title>Regular Shelf</title>
				</header>
				<section>
					<lockup >
						<img class="fiveColumnImage" src="/images/square_1.jpg"/>
					</lockup>
					<lockup>
						<img class="fiveColumnImage" src="/images/square_2.jpg"/>
					</lockup>
					<lockup>
						<img class="fiveColumnImage" src="/images/square_3.jpg"/>
					</lockup>
					<lockup>
						<img class="fiveColumnImage" src="/images/square_4.jpg"/>
					</lockup>
					<lockup>
						<img class="fiveColumnImage" src="/images/square_5.jpg"/>
					</lockup>
				</section>
			</shelf>
		</collectionList>
	</stackTemplate>
</document>
