<?xml version="1.0" encoding="UTF-8" ?>
<!--
 Copyright (C) 2016 Apple Inc. All Rights Reserved.
 See LICENSE.txt for this sample’s licensing information
 -->
<document>
	<head>
		<style>
			.albumsShelf {
				tv-interitem-spacing: 120;
			}
			.albumFlyoutCell {
				width: 500;
				height: 500;
				tv-focus-margin: 50;
			}
		</style>
	</head>
	<stackTemplate>
		<banner>
			<background>
				<img src="/images/bg_banner.jpg" width="1920" height="360"/>
			</background>
		</banner>
		
		<collectionList>
			<shelf class="albumsShelf">
				<header>
					<title>Albums</title>
				</header>
				<section>
					<flyoutCell class="albumFlyoutCell">
						<img aspectFill="true" src="/images/1/1.jpg" width="280" height="280"/>
						<img aspectFill="true" src="/images/1/2.jpg" width="280" height="280"/>
						<img aspectFill="true" src="/images/1/3.jpg" width="280" height="280"/>
						<img aspectFill="true" src="/images/1/4.jpg" width="280" height="280"/>
					</flyoutCell>
					
					<flyoutCell class="albumFlyoutCell">
						<img aspectFill="true" src="/images/2/1.jpg" width="280" height="280"/>
						<img aspectFill="true" src="/images/2/2.jpg" width="280" height="280"/>
						<img aspectFill="true" src="/images/2/3.jpg" width="280" height="280"/>
						<img aspectFill="true" src="/images/2/4.jpg" width="280" height="280"/>
					</flyoutCell>
					
					<flyoutCell class="albumFlyoutCell">
						<img aspectFill="true" src="/images/3/1.jpg" width="280" height="280"/>
						<img aspectFill="true" src="/images/3/2.jpg" width="280" height="280"/>
						<img aspectFill="true" src="/images/3/3.jpg" width="280" height="280"/>
						<img aspectFill="true" src="/images/3/4.jpg" width="280" height="280"/>
					</flyoutCell>
				</section>
			</shelf>
		</collectionList>
	</stackTemplate>
</document>
