<?xml version="1.0" encoding="UTF-8" ?>
<!--
 Copyright (C) 2016 Apple Inc. All Rights Reserved.
 See LICENSE.txt for this sample’s licensing information
 -->
<document>
	<listTemplate>
		<banner>
			<title>Extending Templates Samples</title>
		</banner>
		<list>
			<section>
				<listItemLockup documentURL="/rainbowProgressBar.xml">
					<title>Custom View</title>
					<relatedContent>
						<lockup>
							<img src="/images/screenshots/custom_view.jpg" width="857" height="482" />
							<description class="descriptionLayout">Demonstrates using a custom view in lockup overlay.</description>
						</lockup>
					</relatedContent>
				</listItemLockup>
				<listItemLockup documentURL="/featuredShelf.xml">
					<title>Custom View Controller</title>
					<relatedContent>
						<lockup>
							<img src="/images/screenshots/custom_view_crtl.jpg" width="857" height="482" />
							<description class="descriptionLayout">Demonstrates using a custom view controller in stack template.</description>
						</lockup>
					</relatedContent>
				</listItemLockup>
				<listItemLockup documentURL="/flyoutCell.xml">
					<title>Custom Collection View Cell</title>
					<relatedContent>
						<lockup>
							<img src="/images/screenshots/custom_cell.jpg" width="857" height="482" />
							<description class="descriptionLayout">Demonstrates using a custom cell in shelf.</description>
						</lockup>
					</relatedContent>
				</listItemLockup>
			</section>
		</list>
	</listTemplate>
</document>
