<?xml version="1.0" encoding="UTF-8" ?>
<!--
 Copyright (C) 2016 Apple Inc. All Rights Reserved.
 See LICENSE.txt for this sample’s licensing information
 -->
<document>
	<head>
		<style>
			.fiveColumnShelf {
				tv-interitem-spacing: 50;
			}
			.fiveColumnImage {
				width: 308;
				height: 308;
			}
			.rainbowProgressBar {
				tv-position: bottom;
				width: 288;
				height: 20;
			}
		</style>
	</head>
	<stackTemplate>
		<collectionList>
			<shelf class="fiveColumnShelf">
				<header>
					<title>Rainbow Progress Bar</title>
				</header>
				<section>
					<lockup>
						<img class="fiveColumnImage" src="/images/square_1.jpg"/>
						<overlay>
							<rainbowProgressBar class="rainbowProgressBar" value="0.1"/>
						</overlay>
					</lockup>
					<lockup>
						<img class="fiveColumnImage" src="/images/square_2.jpg"/>
						<overlay>
							<rainbowProgressBar class="rainbowProgressBar" value="0.2"/>
						</overlay>
					</lockup>
					<lockup>
						<img class="fiveColumnImage" src="/images/square_3.jpg"/>
						<overlay>
							<rainbowProgressBar class="rainbowProgressBar" value="0.4"/>
						</overlay>
					</lockup>
					<lockup>
						<img class="fiveColumnImage" src="/images/square_4.jpg"/>
						<overlay>
							<rainbowProgressBar class="rainbowProgressBar" value="0.6"/>
						</overlay>
					</lockup>
					<lockup>
						<img class="fiveColumnImage" src="/images/square_5.jpg"/>
						<overlay>
							<rainbowProgressBar class="rainbowProgressBar" value="0.8"/>
						</overlay>
					</lockup>
				</section>
			</shelf>

			<shelf class="fiveColumnShelf">
				<header>
					<title>Regular Progress Bar</title>
				</header>
				<section>
					<lockup >
						<img class="fiveColumnImage" src="/images/square_1.jpg"/>
						<overlay>
							<progressBar value="0.1"/>
						</overlay>
					</lockup>
					<lockup>
						<img class="fiveColumnImage" src="/images/square_2.jpg"/>
						<overlay>
							<progressBar value="0.2"/>
						</overlay>
					</lockup>
					<lockup>
						<img class="fiveColumnImage" src="/images/square_3.jpg"/>
						<overlay>
							<progressBar value="0.4"/>
						</overlay>
					</lockup>
					<lockup>
						<img class="fiveColumnImage" src="/images/square_4.jpg"/>
						<overlay>
							<progressBar value="0.6"/>
						</overlay>
					</lockup>
					<lockup>
						<img class="fiveColumnImage" src="/images/square_5.jpg"/>
						<overlay>
							<progressBar value="0.8"/>
						</overlay>
					</lockup>
				</section>
			</shelf>
		</collectionList>
	</stackTemplate>
</document>